# Blender 5.1.2
# www.blender.org
mtllib Better_Tank.mtl
o Cube.001
v -0.516100 2.265382 2.268233
v -0.860659 2.265382 1.923424
v -0.859701 2.265382 -0.727402
v -0.514892 2.265382 -1.071961
v 0.896146 2.265382 -1.071451
v 1.240705 2.265382 -0.726642
v 1.239747 2.265382 1.924183
v 0.894938 2.265382 2.268743
v 1.239622 2.610065 2.268867
v 1.239622 4.021103 2.268867
v 0.894938 4.365788 2.268743
v -0.516100 4.365788 2.268233
v -0.860783 4.021104 2.268108
v -0.860784 2.610066 2.268108
v 1.240830 2.610065 -1.071326
v 1.240830 4.021103 -1.071326
v 1.240705 4.365788 -0.726642
v 1.239747 4.365788 1.924183
v -0.514892 4.365788 -1.071961
v -0.859701 4.365788 -0.727402
v -0.860659 4.365788 1.923424
v 0.896146 4.365788 -1.071451
v -0.859576 2.610066 -1.072086
v -0.859576 4.021104 -1.072086
vn -0.0000 -1.0000 -0.0000
vn -0.0004 -0.0000 1.0000
vn 1.0000 -0.0000 0.0004
vn -0.0000 1.0000 -0.0000
vn 0.0004 -0.0000 -1.0000
vn -0.5771 0.5774 -0.5776
vn -0.5771 -0.5774 -0.5776
vn 0.5776 0.5773 -0.5771
vn 0.5776 -0.5774 -0.5771
vn -0.5776 0.5774 0.5771
vn -0.5776 -0.5774 0.5771
vn 0.5771 0.5773 0.5776
vn 0.5771 -0.5774 0.5776
vn -1.0000 -0.0000 -0.0004
vt 0.125000 0.541026
vt 0.150798 0.500000
vt 0.349202 0.500000
vt 0.375000 0.541026
vt 0.375000 0.708974
vt 0.349202 0.750000
vt 0.150798 0.750000
vt 0.125000 0.708974
vt 0.375000 0.041026
vt 0.416026 0.000000
vt 0.583974 0.000000
vt 0.625000 0.041026
vt 0.625000 0.208974
vt 0.583974 0.250000
vt 0.416026 0.250000
vt 0.375000 0.208974
vt 0.375000 0.775798
vt 0.416026 0.750000
vt 0.583974 0.750000
vt 0.625000 0.775798
vt 0.625000 0.974202
vt 0.583974 1.000000
vt 0.416026 1.000000
vt 0.375000 0.974202
vt 0.625000 0.541026
vt 0.650798 0.500000
vt 0.849202 0.500000
vt 0.875000 0.541026
vt 0.875000 0.708974
vt 0.849202 0.750000
vt 0.650798 0.750000
vt 0.625000 0.708974
vt 0.416026 0.500000
vt 0.583974 0.500000
vt 0.625000 0.474202
vt 0.375000 0.275798
vt 0.625000 0.275798
vt 0.375000 0.474202
s 1
usemtl Material.001
f 1/1/1 2/2/1 3/3/1 4/4/1 5/5/1 6/6/1 7/7/1 8/8/1
f 8/9/2 9/10/2 10/11/2 11/12/2 12/13/2 13/14/2 14/15/2 1/16/2
f 6/17/3 15/18/3 16/19/3 17/20/3 18/21/3 10/22/3 9/23/3 7/24/3
f 19/25/4 20/26/4 21/27/4 12/28/4 11/29/4 18/30/4 17/31/4 22/32/4
f 4/4/5 23/33/5 24/34/5 19/25/5 22/32/5 16/19/5 15/18/5 5/5/5
f 20/35/6 19/25/6 24/34/6
f 3/3/7 23/33/7 4/4/7
f 22/32/8 17/31/8 16/19/8
f 15/18/9 6/17/9 5/5/9
f 13/14/10 12/13/10 21/27/10
f 14/15/11 2/36/11 1/1/11
f 10/11/12 18/21/12 11/29/12
f 7/7/13 9/23/13 8/9/13
f 2/36/14 14/15/14 13/14/14 21/37/14 20/35/14 24/34/14 23/33/14 3/38/14
o Cube.002
v 1.189422 -0.108904 2.259364
v 1.189358 0.743369 2.436370
v -0.810641 0.743370 2.435647
v -0.810578 -0.108903 2.258641
v -0.809441 0.743370 -0.885577
v -0.809378 -0.108903 -1.062583
v 1.190559 0.743369 -0.884853
v 1.190622 -0.108904 -1.061859
v -0.809977 0.743370 0.598029
v -0.809978 -0.108903 0.598029
v 1.190023 0.743369 0.598752
v 1.190022 -0.108904 0.598752
v -0.809677 0.743370 -0.232277
v -0.809678 -0.108903 -0.232277
v 1.190323 0.743369 -0.231554
v 1.190322 -0.108904 -0.231554
v -0.810277 0.743370 1.428335
v -0.810278 -0.108903 1.428335
v 1.189723 0.743369 1.429058
v 1.189722 -0.108904 1.429058
v -0.810427 0.743370 1.843488
v -0.810428 -0.108903 1.843488
v 1.189573 0.743369 1.844211
v 1.189572 -0.108904 1.844211
v -0.809527 0.743370 -0.647430
v -0.809528 -0.108903 -0.647430
v 1.190473 0.743369 -0.646706
v 1.190472 -0.108904 -0.646706
vn -0.0004 -0.2033 0.9791
vn -1.0000 -0.0000 -0.0004
vn 0.0004 0.2033 -0.9791
vn 1.0000 -0.0000 0.0004
vn -0.0000 -1.0000 -0.0000
vn -0.0000 1.0000 -0.0000
vt 0.375000 0.000000
vt 0.625000 0.000000
vt 0.625000 0.250000
vt 0.375000 0.250000
vt 0.375000 0.468750
vt 0.625000 0.468750
vt 0.625000 0.500000
vt 0.375000 0.500000
vt 0.625000 0.750000
vt 0.375000 0.750000
vt 0.375000 0.968750
vt 0.625000 0.968750
vt 0.625000 1.000000
vt 0.375000 1.000000
vt 0.343750 0.500000
vt 0.343750 0.750000
vt 0.843750 0.500000
vt 0.875000 0.500000
vt 0.875000 0.750000
vt 0.843750 0.750000
vt 0.687500 0.500000
vt 0.750000 0.500000
vt 0.750000 0.750000
vt 0.687500 0.750000
vt 0.187500 0.500000
vt 0.250000 0.500000
vt 0.250000 0.750000
vt 0.187500 0.750000
vt 0.375000 0.812500
vt 0.625000 0.812500
vt 0.625000 0.875000
vt 0.375000 0.875000
vt 0.375000 0.312500
vt 0.625000 0.312500
vt 0.625000 0.375000
vt 0.375000 0.375000
vt 0.375000 0.781250
vt 0.625000 0.781250
vt 0.656250 0.500000
vt 0.656250 0.750000
vt 0.312500 0.500000
vt 0.312500 0.750000
vt 0.625000 0.437500
vt 0.375000 0.437500
vt 0.375000 0.281250
vt 0.625000 0.281250
vt 0.156250 0.500000
vt 0.156250 0.750000
vt 0.812500 0.500000
vt 0.812500 0.750000
vt 0.625000 0.937500
vt 0.375000 0.937500
vt 0.125000 0.500000
vt 0.125000 0.750000
s 1
usemtl None
f 25/39/15 26/40/15 27/41/15 28/42/15
f 50/43/16 49/44/16 29/45/16 30/46/16
f 30/46/17 29/45/17 31/47/17 32/48/17
f 48/49/18 47/50/18 26/51/18 25/52/18
f 50/53/19 30/46/19 32/48/19 52/54/19
f 45/55/20 27/56/20 26/57/20 47/58/20
f 37/59/20 33/60/20 35/61/20 39/62/20
f 42/63/19 34/64/19 36/65/19 44/66/19
f 40/67/18 39/68/18 35/69/18 36/70/18
f 42/71/16 41/72/16 33/73/16 34/74/16
f 52/75/18 51/76/18 39/68/18 40/67/18
f 49/77/20 37/59/20 39/62/20 51/78/20
f 34/64/19 38/79/19 40/80/19 36/65/19
f 34/74/16 33/73/16 37/81/16 38/82/16
f 46/83/16 45/84/16 41/72/16 42/71/16
f 46/85/19 42/63/19 44/66/19 48/86/19
f 33/60/20 41/87/20 43/88/20 35/61/20
f 36/70/18 35/69/18 43/89/18 44/90/18
f 28/91/19 46/85/19 48/86/19 25/92/19
f 28/42/16 27/41/16 45/84/16 46/83/16
f 41/87/20 45/55/20 47/58/20 43/88/20
f 44/90/18 43/89/18 47/50/18 48/49/18
f 29/45/20 49/77/20 51/78/20 31/47/20
f 32/48/18 31/47/18 51/76/18 52/75/18
f 38/79/19 50/53/19 52/54/19 40/80/19
f 38/82/16 37/81/16 49/44/16 50/43/16
o Cylinder
v -0.263386 0.642485 0.598227
v -0.263386 2.452879 0.598227
v -0.254642 2.452879 0.509774
v -0.254642 0.642485 0.509774
v -0.228809 2.452879 0.424727
v -0.228809 0.642485 0.424727
v -0.186882 2.452879 0.346354
v -0.186882 0.642485 0.346354
v -0.130470 2.452879 0.277666
v -0.130470 0.642485 0.277666
v -0.061742 2.452879 0.221304
v -0.061742 0.642485 0.221304
v 0.016662 2.452879 0.179433
v 0.016662 0.642485 0.179433
v 0.101728 2.452879 0.153662
v 0.101728 0.642485 0.153662
v 0.190187 2.452879 0.144982
v 0.190187 0.642485 0.144982
v 0.278640 2.452879 0.153726
v 0.278640 0.642485 0.153726
v 0.363686 2.452879 0.179559
v 0.363686 0.642485 0.179559
v 0.442060 2.452879 0.221486
v 0.442060 0.642485 0.221486
v 0.510748 2.452879 0.277898
v 0.510748 0.642485 0.277898
v 0.567110 2.452879 0.346626
v 0.567110 0.642485 0.346626
v 0.608981 2.452879 0.425030
v 0.608981 0.642485 0.425030
v 0.634752 2.452879 0.510096
v 0.634752 0.642485 0.510096
v 0.643432 2.452879 0.598555
v 0.643432 0.642485 0.598555
v 0.634688 2.452879 0.687008
v 0.634688 0.642485 0.687008
v 0.608855 2.452879 0.772054
v 0.608855 0.642485 0.772054
v 0.566928 2.452879 0.850428
v 0.566928 0.642485 0.850428
v 0.510516 2.452879 0.919116
v 0.510516 0.642485 0.919116
v 0.441787 2.452879 0.975478
v 0.441788 0.642485 0.975478
v 0.363383 2.452879 1.017349
v 0.363383 0.642485 1.017349
v 0.278318 2.452879 1.043120
v 0.278318 0.642485 1.043120
v 0.189859 2.452879 1.051800
v 0.189859 0.642485 1.051800
v 0.101406 2.452879 1.043056
v 0.101406 0.642485 1.043056
v 0.016359 2.452879 1.017223
v 0.016360 0.642485 1.017223
v -0.062014 2.452879 0.975296
v -0.062014 0.642485 0.975296
v -0.130702 2.452879 0.918884
v -0.130702 0.642485 0.918884
v -0.187064 2.452879 0.850155
v -0.187064 0.642485 0.850155
v -0.228935 2.452879 0.771751
v -0.228935 0.642485 0.771751
v -0.254706 2.452879 0.686686
v -0.254706 0.642485 0.686686
vn -0.9951 -0.0000 -0.0984
vn -0.9568 -0.0000 -0.2906
vn -0.8818 -0.0000 -0.4717
vn -0.7728 -0.0000 -0.6347
vn -0.6341 -0.0000 -0.7732
vn -0.4711 -0.0000 -0.8821
vn -0.2899 -0.0000 -0.9570
vn -0.0977 -0.0000 -0.9952
vn 0.0984 -0.0000 -0.9951
vn 0.2906 -0.0000 -0.9568
vn 0.4717 -0.0000 -0.8818
vn 0.6347 -0.0000 -0.7728
vn 0.7732 -0.0000 -0.6341
vn 0.8821 -0.0000 -0.4711
vn 0.9570 -0.0000 -0.2899
vn 0.9952 -0.0000 -0.0977
vn 0.9951 -0.0000 0.0984
vn 0.9568 -0.0000 0.2906
vn 0.8818 -0.0000 0.4717
vn 0.7728 -0.0000 0.6347
vn 0.6341 -0.0000 0.7732
vn 0.4711 -0.0000 0.8821
vn 0.2899 -0.0000 0.9570
vn 0.0977 -0.0000 0.9952
vn -0.0984 -0.0000 0.9951
vn -0.2906 -0.0000 0.9568
vn -0.4717 -0.0000 0.8818
vn -0.6347 -0.0000 0.7728
vn -0.7732 -0.0000 0.6341
vn -0.8821 -0.0000 0.4711
vn -0.0000 1.0000 -0.0000
vn -0.9570 -0.0000 0.2899
vn -0.9952 -0.0000 0.0977
vn -0.0000 -1.0000 -0.0000
vt 1.000000 0.500000
vt 1.000000 1.000000
vt 0.968750 1.000000
vt 0.968750 0.500000
vt 0.937500 1.000000
vt 0.937500 0.500000
vt 0.906250 1.000000
vt 0.906250 0.500000
vt 0.875000 1.000000
vt 0.875000 0.500000
vt 0.843750 1.000000
vt 0.843750 0.500000
vt 0.812500 1.000000
vt 0.812500 0.500000
vt 0.781250 1.000000
vt 0.781250 0.500000
vt 0.750000 1.000000
vt 0.750000 0.500000
vt 0.718750 1.000000
vt 0.718750 0.500000
vt 0.687500 1.000000
vt 0.687500 0.500000
vt 0.656250 1.000000
vt 0.656250 0.500000
vt 0.625000 1.000000
vt 0.625000 0.500000
vt 0.593750 1.000000
vt 0.593750 0.500000
vt 0.562500 1.000000
vt 0.562500 0.500000
vt 0.531250 1.000000
vt 0.531250 0.500000
vt 0.500000 1.000000
vt 0.500000 0.500000
vt 0.468750 1.000000
vt 0.468750 0.500000
vt 0.437500 1.000000
vt 0.437500 0.500000
vt 0.406250 1.000000
vt 0.406250 0.500000
vt 0.375000 1.000000
vt 0.375000 0.500000
vt 0.343750 1.000000
vt 0.343750 0.500000
vt 0.312500 1.000000
vt 0.312500 0.500000
vt 0.281250 1.000000
vt 0.281250 0.500000
vt 0.250000 1.000000
vt 0.250000 0.500000
vt 0.218750 1.000000
vt 0.218750 0.500000
vt 0.187500 1.000000
vt 0.187500 0.500000
vt 0.156250 1.000000
vt 0.156250 0.500000
vt 0.125000 1.000000
vt 0.125000 0.500000
vt 0.093750 1.000000
vt 0.093750 0.500000
vt 0.062500 1.000000
vt 0.062500 0.500000
vt 0.296822 0.485388
vt 0.250000 0.490000
vt 0.203178 0.485388
vt 0.158156 0.471731
vt 0.116663 0.449553
vt 0.080294 0.419706
vt 0.050447 0.383337
vt 0.028269 0.341844
vt 0.014612 0.296822
vt 0.010000 0.250000
vt 0.014612 0.203178
vt 0.028269 0.158156
vt 0.050447 0.116663
vt 0.080294 0.080294
vt 0.116663 0.050447
vt 0.158156 0.028269
vt 0.203178 0.014612
vt 0.250000 0.010000
vt 0.296822 0.014612
vt 0.341844 0.028269
vt 0.383337 0.050447
vt 0.419706 0.080294
vt 0.449553 0.116663
vt 0.471731 0.158156
vt 0.485388 0.203178
vt 0.490000 0.250000
vt 0.485388 0.296822
vt 0.471731 0.341844
vt 0.449553 0.383337
vt 0.419706 0.419706
vt 0.383337 0.449553
vt 0.341844 0.471731
vt 0.031250 1.000000
vt 0.031250 0.500000
vt 0.000000 1.000000
vt 0.000000 0.500000
vt 0.750000 0.490000
vt 0.796822 0.485388
vt 0.841844 0.471731
vt 0.883337 0.449553
vt 0.919706 0.419706
vt 0.949553 0.383337
vt 0.971731 0.341844
vt 0.985388 0.296822
vt 0.990000 0.250000
vt 0.985388 0.203178
vt 0.971731 0.158156
vt 0.949553 0.116663
vt 0.919706 0.080294
vt 0.883337 0.050447
vt 0.841844 0.028269
vt 0.796822 0.014612
vt 0.750000 0.010000
vt 0.703178 0.014612
vt 0.658156 0.028269
vt 0.616663 0.050447
vt 0.580294 0.080294
vt 0.550447 0.116663
vt 0.528269 0.158156
vt 0.514612 0.203178
vt 0.510000 0.250000
vt 0.514612 0.296822
vt 0.528269 0.341844
vt 0.550447 0.383337
vt 0.580294 0.419706
vt 0.616663 0.449553
vt 0.658156 0.471731
vt 0.703178 0.485388
s 1
usemtl None
f 53/93/21 54/94/21 55/95/21 56/96/21
f 56/96/22 55/95/22 57/97/22 58/98/22
f 58/98/23 57/97/23 59/99/23 60/100/23
f 60/100/24 59/99/24 61/101/24 62/102/24
f 62/102/25 61/101/25 63/103/25 64/104/25
f 64/104/26 63/103/26 65/105/26 66/106/26
f 66/106/27 65/105/27 67/107/27 68/108/27
f 68/108/28 67/107/28 69/109/28 70/110/28
f 70/110/29 69/109/29 71/111/29 72/112/29
f 72/112/30 71/111/30 73/113/30 74/114/30
f 74/114/31 73/113/31 75/115/31 76/116/31
f 76/116/32 75/115/32 77/117/32 78/118/32
f 78/118/33 77/117/33 79/119/33 80/120/33
f 80/120/34 79/119/34 81/121/34 82/122/34
f 82/122/35 81/121/35 83/123/35 84/124/35
f 84/124/36 83/123/36 85/125/36 86/126/36
f 86/126/37 85/125/37 87/127/37 88/128/37
f 88/128/38 87/127/38 89/129/38 90/130/38
f 90/130/39 89/129/39 91/131/39 92/132/39
f 92/132/40 91/131/40 93/133/40 94/134/40
f 94/134/41 93/133/41 95/135/41 96/136/41
f 96/136/42 95/135/42 97/137/42 98/138/42
f 98/138/43 97/137/43 99/139/43 100/140/43
f 100/140/44 99/139/44 101/141/44 102/142/44
f 102/142/45 101/141/45 103/143/45 104/144/45
f 104/144/46 103/143/46 105/145/46 106/146/46
f 106/146/47 105/145/47 107/147/47 108/148/47
f 108/148/48 107/147/48 109/149/48 110/150/48
f 110/150/49 109/149/49 111/151/49 112/152/49
f 112/152/50 111/151/50 113/153/50 114/154/50
f 55/155/51 54/156/51 115/157/51 113/158/51 111/159/51 109/160/51 107/161/51 105/162/51 103/163/51 101/164/51 99/165/51 97/166/51 95/167/51 93/168/51 91/169/51 89/170/51 87/171/51 85/172/51 83/173/51 81/174/51 79/175/51 77/176/51 75/177/51 73/178/51 71/179/51 69/180/51 67/181/51 65/182/51 63/183/51 61/184/51 59/185/51 57/186/51
f 114/154/52 113/153/52 115/187/52 116/188/52
f 116/188/53 115/187/53 54/189/53 53/190/53
f 53/191/54 56/192/54 58/193/54 60/194/54 62/195/54 64/196/54 66/197/54 68/198/54 70/199/54 72/200/54 74/201/54 76/202/54 78/203/54 80/204/54 82/205/54 84/206/54 86/207/54 88/208/54 90/209/54 92/210/54 94/211/54 96/212/54 98/213/54 100/214/54 102/215/54 104/216/54 106/217/54 108/218/54 110/219/54 112/220/54 114/221/54 116/222/54
o Cylinder.001_Cylinder.017
v -0.231745 3.306829 -0.860873
v -0.278568 3.358251 -0.952065
v -0.278568 3.255406 -0.952065
v -0.058164 3.306828 -2.131684
v -0.278008 3.255406 -2.501479
v -0.278008 3.358251 -2.501479
v -0.223313 3.221224 -0.860870
v -0.279269 3.262517 -0.952065
v -0.259204 3.161648 -0.952058
v -0.053059 3.254997 -2.131682
v -0.258644 3.161648 -2.501472
v -0.278709 3.262517 -2.501480
v -0.198343 3.138908 -0.860861
v -0.261279 3.168485 -0.952058
v -0.221921 3.073469 -0.952044
v -0.037941 3.205158 -2.131677
v -0.221361 3.073469 -2.501459
v -0.260719 3.168485 -2.501473
v -0.157794 3.063046 -0.860846
v -0.225290 3.079770 -0.952045
v -0.168152 2.994258 -0.952025
v -0.013390 3.159226 -2.131668
v -0.167592 2.994258 -2.501440
v -0.224730 3.079770 -2.501460
v -0.103224 2.996552 -0.860826
v -0.172685 2.999781 -0.952026
v -0.099962 2.927058 -0.952000
v 0.019651 3.118967 -2.131656
v -0.099402 2.927058 -2.501415
v -0.172125 2.999781 -2.501441
v -0.036730 2.941982 -0.860802
v -0.105485 2.931591 -0.952002
v -0.019973 2.874454 -0.951971
v 0.059911 3.085926 -2.131641
v -0.019413 2.874454 -2.501386
v -0.104925 2.931591 -2.501417
v 0.039132 2.901433 -0.860775
v -0.026274 2.877822 -0.951974
v 0.068742 2.838464 -0.951939
v 0.105843 3.061375 -2.131625
v 0.069302 2.838464 -2.501354
v -0.025714 2.877822 -2.501388
v 0.121447 2.876463 -0.860745
v 0.061905 2.840539 -0.951942
v 0.162774 2.820475 -0.951905
v 0.155682 3.046257 -2.131607
v 0.163334 2.820475 -2.501320
v 0.062465 2.840539 -2.501356
v 0.207053 2.868032 -0.860714
v 0.155663 2.821175 -0.951908
v 0.258508 2.821175 -0.951871
v 0.207513 3.041152 -2.131588
v 0.259068 2.821175 -2.501285
v 0.156223 2.821175 -2.501323
v 0.292658 2.876463 -0.860683
v 0.251398 2.820475 -0.951873
v 0.352266 2.840539 -0.951837
v 0.259344 3.046257 -2.131569
v 0.352826 2.840539 -2.501251
v 0.251958 2.820475 -2.501288
v 0.374973 2.901433 -0.860653
v 0.345429 2.838464 -0.951839
v 0.440445 2.877822 -0.951805
v 0.309183 3.061375 -2.131551
v 0.441005 2.877821 -2.501220
v 0.345989 2.838464 -2.501254
v 0.450835 2.941982 -0.860626
v 0.434144 2.874454 -0.951807
v 0.519657 2.931591 -0.951776
v 0.355115 3.085926 -2.131535
v 0.520217 2.931591 -2.501191
v 0.434704 2.874454 -2.501222
v 0.517329 2.996552 -0.860602
v 0.514134 2.927058 -0.951778
v 0.586856 2.999781 -0.951752
v 0.395374 3.118967 -2.131520
v 0.587416 2.999781 -2.501167
v 0.514694 2.927058 -2.501193
v 0.571899 3.063046 -0.860582
v 0.582323 2.994258 -0.951753
v 0.639461 3.079770 -0.951733
v 0.428415 3.159226 -2.131508
v 0.640021 3.079770 -2.501148
v 0.582883 2.994258 -2.501168
v 0.612448 3.138908 -0.860568
v 0.636093 3.073469 -0.951734
v 0.675450 3.168485 -0.951720
v 0.452966 3.205158 -2.131499
v 0.676010 3.168485 -2.501135
v 0.636653 3.073469 -2.501149
v 0.637418 3.221224 -0.860559
v 0.673376 3.161648 -0.951721
v 0.693440 3.262517 -0.951713
v 0.468084 3.254997 -2.131494
v 0.694000 3.262517 -2.501128
v 0.673936 3.161648 -2.501135
v 0.645850 3.306829 -0.860555
v 0.692739 3.255406 -0.951714
v 0.692739 3.358251 -0.951714
v 0.473189 3.306828 -2.131492
v 0.693299 3.358251 -2.501128
v 0.693299 3.255406 -2.501128
v 0.637418 3.392434 -0.860559
v 0.693440 3.351141 -0.951713
v 0.673376 3.452009 -0.951721
v 0.468084 3.358660 -2.131494
v 0.673936 3.452009 -2.501135
v 0.694000 3.351140 -2.501128
v 0.612448 3.474749 -0.860568
v 0.675450 3.445172 -0.951720
v 0.636093 3.540189 -0.951734
v 0.452966 3.408499 -2.131499
v 0.636653 3.540189 -2.501149
v 0.676010 3.445172 -2.501135
v 0.571899 3.550611 -0.860582
v 0.639461 3.533887 -0.951733
v 0.582323 3.619400 -0.951753
v 0.428415 3.454431 -2.131508
v 0.582883 3.619400 -2.501168
v 0.640021 3.533887 -2.501148
v 0.517329 3.617105 -0.860602
v 0.586856 3.613877 -0.951752
v 0.514134 3.686599 -0.951778
v 0.395374 3.494690 -2.131520
v 0.514694 3.686599 -2.501193
v 0.587416 3.613877 -2.501167
v 0.450835 3.671675 -0.860626
v 0.519657 3.682066 -0.951776
v 0.434144 3.739204 -0.951807
v 0.355115 3.527731 -2.131535
v 0.434704 3.739204 -2.501222
v 0.520217 3.682066 -2.501191
v 0.374973 3.712224 -0.860653
v 0.440446 3.735836 -0.951805
v 0.345429 3.775193 -0.951839
v 0.309183 3.552282 -2.131551
v 0.345989 3.775193 -2.501254
v 0.441006 3.735836 -2.501220
v 0.292658 3.737195 -0.860683
v 0.352266 3.773119 -0.951837
v 0.251398 3.793183 -0.951873
v 0.259344 3.567400 -2.131569
v 0.251958 3.793183 -2.501288
v 0.352826 3.773119 -2.501251
v 0.207053 3.745626 -0.860714
v 0.258508 3.792483 -0.951871
v 0.155663 3.792483 -0.951908
v 0.207513 3.572505 -2.131588
v 0.156223 3.792483 -2.501323
v 0.259068 3.792483 -2.501285
v 0.121447 3.737195 -0.860745
v 0.162774 3.793183 -0.951905
v 0.061905 3.773119 -0.951942
v 0.155682 3.567400 -2.131607
v 0.062465 3.773119 -2.501356
v 0.163334 3.793183 -2.501320
v 0.039132 3.712224 -0.860775
v 0.068742 3.775193 -0.951939
v -0.026274 3.735836 -0.951974
v 0.105842 3.552282 -2.131625
v -0.025714 3.735836 -2.501388
v 0.069302 3.775193 -2.501354
v -0.036730 3.671675 -0.860802
v -0.019973 3.739204 -0.951971
v -0.105485 3.682066 -0.952002
v 0.059911 3.527731 -2.131641
v -0.104925 3.682066 -2.501417
v -0.019413 3.739204 -2.501386
v -0.103224 3.617105 -0.860826
v -0.099962 3.686599 -0.952000
v -0.172685 3.613877 -0.952026
v 0.019651 3.494690 -2.131656
v -0.172125 3.613877 -2.501441
v -0.099402 3.686599 -2.501415
v -0.157794 3.550611 -0.860846
v -0.168152 3.619400 -0.952025
v -0.225290 3.533887 -0.952045
v -0.013390 3.454431 -2.131668
v -0.224730 3.533887 -2.501460
v -0.167592 3.619400 -2.501440
v -0.198343 3.474749 -0.860861
v -0.221922 3.540189 -0.952044
v -0.261279 3.445172 -0.952058
v -0.037941 3.408499 -2.131677
v -0.260719 3.445172 -2.501473
v -0.221362 3.540189 -2.501459
v -0.223313 3.392434 -0.860870
v -0.259204 3.452009 -0.952058
v -0.279269 3.351141 -0.952065
v -0.053059 3.358660 -2.131682
v -0.278709 3.351140 -2.501480
v -0.258645 3.452009 -2.501472
vn 0.9952 -0.0981 0.0004
vn 0.8819 0.4715 0.0003
vn 0.7730 0.6344 0.0003
vn 0.6344 0.7730 0.0002
vn 0.4714 0.8819 0.0002
vn 0.2904 0.9569 0.0001
vn 0.0979 0.9952 -0.0000
vn -0.0980 0.9952 -0.0000
vn -0.2904 0.9569 -0.0001
vn -0.4713 0.8820 -0.0002
vn -0.6344 0.7730 -0.0002
vn -0.7730 0.6344 -0.0003
vn -0.8819 0.4714 -0.0003
vn -0.9569 0.2903 -0.0003
vn -0.9952 0.0981 -0.0004
vn -0.9952 -0.0981 -0.0004
vn -0.9569 -0.2903 -0.0003
vn -0.8820 -0.4713 -0.0003
vn -0.7730 -0.6344 -0.0003
vn -0.6344 -0.7730 -0.0002
vn -0.4713 -0.8820 -0.0002
vn -0.2903 -0.9569 -0.0001
vn -0.0980 -0.9952 -0.0000
vn 0.0980 -0.9952 -0.0000
vn 0.2903 -0.9569 0.0001
vn 0.4714 -0.8819 0.0002
vn 0.6344 -0.7730 0.0002
vn 0.7730 -0.6344 0.0003
vn 0.8820 -0.4713 0.0003
vn 0.9569 -0.2904 0.0003
vn 0.9569 0.2904 0.0003
vn 0.0004 -0.0000 -1.0000
vn 0.9952 0.0981 0.0004
vn -0.8896 -0.0000 0.4568
vn 0.8596 -0.0000 -0.5110
vn -0.8725 -0.1735 0.4568
vn 0.8431 0.1677 -0.5110
vn -0.8219 -0.3404 0.4568
vn 0.7942 0.3289 -0.5110
vn -0.7397 -0.4941 0.4568
vn 0.7147 0.4775 -0.5111
vn -0.6291 -0.6289 0.4569
vn 0.6079 0.6077 -0.5111
vn -0.4943 -0.7395 0.4569
vn 0.4776 0.7146 -0.5112
vn -0.3405 -0.8217 0.4570
vn 0.3291 0.7940 -0.5112
vn -0.1737 -0.8723 0.4570
vn 0.1678 0.8429 -0.5113
vn -0.0002 -0.8894 0.4571
vn 0.0002 0.8594 -0.5113
vn 0.1734 -0.8723 0.4571
vn -0.1675 0.8429 -0.5114
vn 0.3402 -0.8217 0.4572
vn -0.3287 0.7940 -0.5114
vn 0.4940 -0.7395 0.4573
vn -0.4773 0.7146 -0.5115
vn 0.6288 -0.6289 0.4573
vn -0.6075 0.6077 -0.5115
vn 0.7394 -0.4941 0.4574
vn -0.7144 0.4775 -0.5116
vn 0.8216 -0.3404 0.4574
vn -0.7938 0.3289 -0.5116
vn 0.8722 -0.1735 0.4574
vn -0.8427 0.1677 -0.5116
vn 0.8893 -0.0000 0.4574
vn -0.8592 -0.0000 -0.5116
vn 0.8722 0.1735 0.4574
vn -0.8427 -0.1677 -0.5116
vn 0.8216 0.3404 0.4574
vn -0.7938 -0.3289 -0.5116
vn 0.7394 0.4941 0.4574
vn -0.7144 -0.4775 -0.5116
vn 0.6287 0.6289 0.4573
vn -0.6075 -0.6077 -0.5115
vn 0.4940 0.7395 0.4573
vn -0.4773 -0.7146 -0.5115
vn 0.3402 0.8217 0.4572
vn -0.3287 -0.7940 -0.5114
vn 0.1734 0.8723 0.4572
vn -0.1675 -0.8429 -0.5114
vn -0.0002 0.8894 0.4571
vn 0.0002 -0.8594 -0.5113
vn -0.1737 0.8723 0.4570
vn 0.1678 -0.8429 -0.5113
vn -0.3405 0.8217 0.4570
vn 0.3291 -0.7940 -0.5112
vn -0.4943 0.7395 0.4569
vn 0.4776 -0.7146 -0.5112
vn -0.6291 0.6289 0.4569
vn 0.6079 -0.6077 -0.5111
vn -0.7397 0.4941 0.4568
vn 0.7147 -0.4775 -0.5111
vn -0.8219 0.3404 0.4568
vn 0.7942 -0.3289 -0.5110
vn -0.8725 0.1735 0.4568
vn 0.8431 -0.1677 -0.5110
vn -0.8660 -0.0853 0.4927
vn 0.8514 0.0838 -0.5178
vn -1.0000 -0.0000 -0.0004
vn -0.9808 -0.1951 -0.0004
vn -0.8327 -0.2525 0.4928
vn 0.8187 0.2483 -0.5178
vn -0.9239 -0.3827 -0.0003
vn -0.7675 -0.4101 0.4928
vn 0.7545 0.4032 -0.5178
vn -0.8315 -0.5556 -0.0003
vn -0.6727 -0.5519 0.4928
vn 0.6613 0.5426 -0.5179
vn -0.7071 -0.7071 -0.0003
vn -0.5521 -0.6725 0.4929
vn 0.5428 0.6612 -0.5179
vn -0.5556 -0.8315 -0.0002
vn -0.4103 -0.7673 0.4929
vn 0.4034 0.7543 -0.5180
vn -0.3827 -0.9239 -0.0001
vn -0.2527 -0.8325 0.4930
vn 0.2484 0.8185 -0.5180
vn -0.1951 -0.9808 -0.0001
vn -0.0855 -0.8658 0.4930
vn 0.0840 0.8512 -0.5181
vn -0.0000 -1.0000 -0.0000
vn 0.0851 -0.8658 0.4931
vn -0.0837 0.8512 -0.5181
vn 0.1951 -0.9808 0.0001
vn 0.2524 -0.8325 0.4931
vn -0.2481 0.8185 -0.5182
vn 0.3827 -0.9239 0.0001
vn 0.4099 -0.7673 0.4932
vn -0.4030 0.7543 -0.5183
vn 0.5556 -0.8315 0.0002
vn 0.5517 -0.6725 0.4933
vn -0.5424 0.6612 -0.5183
vn 0.7071 -0.7071 0.0003
vn 0.6723 -0.5519 0.4933
vn -0.6610 0.5426 -0.5183
vn 0.8315 -0.5556 0.0003
vn 0.7671 -0.4101 0.4933
vn -0.7541 0.4032 -0.5184
vn 0.9239 -0.3827 0.0003
vn 0.8324 -0.2525 0.4934
vn -0.8183 0.2483 -0.5184
vn 0.9808 -0.1951 0.0004
vn 0.8656 -0.0853 0.4934
vn -0.8510 0.0838 -0.5184
vn 1.0000 -0.0000 0.0004
vn 0.8656 0.0853 0.4934
vn -0.8510 -0.0838 -0.5184
vn 0.9808 0.1951 0.0004
vn 0.8324 0.2525 0.4934
vn -0.8183 -0.2483 -0.5184
vn 0.9239 0.3827 0.0003
vn 0.7671 0.4101 0.4933
vn -0.7541 -0.4032 -0.5184
vn 0.8315 0.5556 0.0003
vn 0.6723 0.5519 0.4933
vn -0.6610 -0.5426 -0.5184
vn 0.7071 0.7071 0.0003
vn 0.5517 0.6725 0.4933
vn -0.5424 -0.6612 -0.5183
vn 0.5556 0.8315 0.0002
vn 0.4099 0.7673 0.4932
vn -0.4030 -0.7543 -0.5183
vn 0.3827 0.9239 0.0001
vn 0.2524 0.8325 0.4931
vn -0.2481 -0.8185 -0.5182
vn 0.1951 0.9808 0.0001
vn 0.0851 0.8658 0.4931
vn -0.0837 -0.8512 -0.5181
vn -0.0000 1.0000 -0.0000
vn -0.0854 0.8658 0.4930
vn 0.0840 -0.8512 -0.5181
vn -0.1951 0.9808 -0.0001
vn -0.2527 0.8325 0.4930
vn 0.2485 -0.8185 -0.5180
vn -0.3827 0.9239 -0.0001
vn -0.4103 0.7673 0.4929
vn 0.4034 -0.7543 -0.5180
vn -0.5556 0.8315 -0.0002
vn -0.5521 0.6725 0.4929
vn 0.5428 -0.6612 -0.5179
vn -0.7071 0.7071 -0.0003
vn -0.6727 0.5519 0.4928
vn 0.6613 -0.5426 -0.5179
vn -0.8315 0.5556 -0.0003
vn -0.7674 0.4101 0.4928
vn 0.7545 -0.4032 -0.5178
vn -0.9239 0.3827 -0.0003
vn -0.8327 0.2525 0.4928
vn 0.8187 -0.2483 -0.5178
vn -0.9808 0.1951 -0.0004
vn -0.8660 0.0853 0.4927
vn 0.8514 -0.0838 -0.5178
vn -0.0004 -0.0000 1.0000
vt 0.014464 0.526324
vt 0.014464 0.973676
vt 0.016786 0.973676
vt 0.016786 0.526324
vt 0.920714 0.526324
vt 0.920714 0.973676
vt 0.923036 0.973676
vt 0.923036 0.526324
vt 0.889464 0.526324
vt 0.889464 0.973676
vt 0.891785 0.973676
vt 0.891786 0.526324
vt 0.858215 0.526324
vt 0.858214 0.973676
vt 0.860535 0.973676
vt 0.860536 0.526324
vt 0.826964 0.526324
vt 0.826964 0.973676
vt 0.829286 0.973676
vt 0.829286 0.526324
vt 0.795714 0.526324
vt 0.795714 0.973676
vt 0.798036 0.973676
vt 0.798036 0.526324
vt 0.764464 0.526324
vt 0.764465 0.973676
vt 0.766786 0.973676
vt 0.766786 0.526324
vt 0.733214 0.526324
vt 0.733214 0.973676
vt 0.735536 0.973676
vt 0.735536 0.526324
vt 0.701964 0.526324
vt 0.701964 0.973676
vt 0.704286 0.973676
vt 0.704286 0.526324
vt 0.670714 0.526324
vt 0.670714 0.973676
vt 0.673036 0.973676
vt 0.673036 0.526324
vt 0.639464 0.526324
vt 0.639464 0.973676
vt 0.641786 0.973676
vt 0.641786 0.526324
vt 0.608214 0.526324
vt 0.608214 0.973676
vt 0.610536 0.973676
vt 0.610536 0.526324
vt 0.576964 0.526324
vt 0.576964 0.973676
vt 0.579286 0.973676
vt 0.579286 0.526324
vt 0.545714 0.526324
vt 0.545714 0.973676
vt 0.548036 0.973676
vt 0.548036 0.526324
vt 0.514464 0.526324
vt 0.514464 0.973676
vt 0.516786 0.973676
vt 0.516786 0.526324
vt 0.483214 0.526324
vt 0.483214 0.973676
vt 0.485536 0.973676
vt 0.485536 0.526324
vt 0.451964 0.526324
vt 0.451964 0.973676
vt 0.454286 0.973676
vt 0.454286 0.526324
vt 0.420714 0.526324
vt 0.420714 0.973676
vt 0.423036 0.973676
vt 0.423036 0.526324
vt 0.389464 0.526324
vt 0.389464 0.973676
vt 0.391786 0.973676
vt 0.391786 0.526324
vt 0.358214 0.526324
vt 0.358214 0.973676
vt 0.360536 0.973676
vt 0.360536 0.526324
vt 0.326964 0.526324
vt 0.326964 0.973676
vt 0.329286 0.973676
vt 0.329286 0.526324
vt 0.295714 0.526324
vt 0.295714 0.973676
vt 0.298036 0.973676
vt 0.298036 0.526324
vt 0.264464 0.526324
vt 0.264464 0.973676
vt 0.266786 0.973676
vt 0.266786 0.526324
vt 0.233214 0.526324
vt 0.233214 0.973676
vt 0.235536 0.973676
vt 0.235536 0.526324
vt 0.201964 0.526324
vt 0.201964 0.973676
vt 0.204286 0.973676
vt 0.204286 0.526324
vt 0.170714 0.526324
vt 0.170714 0.973676
vt 0.173036 0.973676
vt 0.173036 0.526324
vt 0.139464 0.526324
vt 0.139464 0.973676
vt 0.141786 0.973676
vt 0.141786 0.526324
vt 0.108214 0.526324
vt 0.108214 0.973676
vt 0.110536 0.973676
vt 0.110536 0.526324
vt 0.076964 0.526324
vt 0.076964 0.973676
vt 0.079286 0.973676
vt 0.079286 0.526324
vt 0.045714 0.526324
vt 0.045714 0.973676
vt 0.048036 0.973676
vt 0.048036 0.526324
vt 0.951965 0.526324
vt 0.951964 0.973676
vt 0.954286 0.973676
vt 0.954286 0.526324
vt 0.291868 0.460483
vt 0.250000 0.464606
vt 0.208132 0.460483
vt 0.167874 0.448270
vt 0.130771 0.428439
vt 0.098250 0.401749
vt 0.071561 0.369229
vt 0.051730 0.332126
vt 0.039517 0.291868
vt 0.035394 0.250000
vt 0.039517 0.208132
vt 0.051730 0.167874
vt 0.071561 0.130771
vt 0.098250 0.098250
vt 0.130771 0.071561
vt 0.167874 0.051730
vt 0.208132 0.039517
vt 0.250000 0.035394
vt 0.291868 0.039517
vt 0.332126 0.051730
vt 0.369229 0.071561
vt 0.401750 0.098250
vt 0.428439 0.130771
vt 0.448271 0.167874
vt 0.460483 0.208132
vt 0.464606 0.250000
vt 0.460483 0.291868
vt 0.448270 0.332126
vt 0.428439 0.369229
vt 0.401750 0.401750
vt 0.369229 0.428439
vt 0.332126 0.448270
vt 0.983214 0.526324
vt 0.983214 0.973676
vt 0.985536 0.973676
vt 0.985536 0.526324
vt 0.750000 0.464606
vt 0.724850 0.487523
vt 0.775150 0.487523
vt 0.275150 0.487523
vt 0.224850 0.487523
vt 0.791867 0.460483
vt 0.771672 0.487866
vt 0.821005 0.478053
vt 0.321005 0.478053
vt 0.271672 0.487866
vt 0.832126 0.448270
vt 0.817661 0.479067
vt 0.864131 0.459818
vt 0.364131 0.459818
vt 0.317661 0.479067
vt 0.869229 0.428439
vt 0.861050 0.461466
vt 0.902872 0.433521
vt 0.402872 0.433521
vt 0.361050 0.461466
vt 0.901750 0.401750
vt 0.900171 0.435738
vt 0.935738 0.400171
vt 0.435738 0.400171
vt 0.400171 0.435738
vt 0.928439 0.369229
vt 0.933521 0.402872
vt 0.961466 0.361050
vt 0.461466 0.361050
vt 0.433521 0.402872
vt 0.948270 0.332126
vt 0.959818 0.364131
vt 0.979067 0.317661
vt 0.479067 0.317661
vt 0.459818 0.364131
vt 0.960482 0.291868
vt 0.978053 0.321005
vt 0.987866 0.271672
vt 0.487866 0.271672
vt 0.478053 0.321005
vt 0.964606 0.250000
vt 0.987523 0.275150
vt 0.987523 0.224850
vt 0.487523 0.224850
vt 0.487523 0.275150
vt 0.960483 0.208132
vt 0.987865 0.228328
vt 0.978053 0.178995
vt 0.478053 0.178995
vt 0.487866 0.228328
vt 0.948270 0.167874
vt 0.979067 0.182339
vt 0.959818 0.135869
vt 0.459818 0.135869
vt 0.479067 0.182339
vt 0.928439 0.130771
vt 0.961465 0.138950
vt 0.933521 0.097128
vt 0.433521 0.097128
vt 0.461466 0.138950
vt 0.901750 0.098250
vt 0.935738 0.099829
vt 0.900171 0.064262
vt 0.400171 0.064262
vt 0.435738 0.099829
vt 0.869229 0.071561
vt 0.902872 0.066479
vt 0.861050 0.038534
vt 0.361050 0.038534
vt 0.402872 0.066479
vt 0.832126 0.051730
vt 0.864131 0.040182
vt 0.817661 0.020933
vt 0.317661 0.020933
vt 0.364131 0.040182
vt 0.791868 0.039517
vt 0.821005 0.021947
vt 0.771672 0.012135
vt 0.271672 0.012135
vt 0.321005 0.021947
vt 0.750000 0.035394
vt 0.775150 0.012477
vt 0.724850 0.012477
vt 0.224850 0.012477
vt 0.275150 0.012477
vt 0.708132 0.039517
vt 0.728328 0.012135
vt 0.678995 0.021947
vt 0.178995 0.021947
vt 0.228328 0.012135
vt 0.667874 0.051730
vt 0.682339 0.020933
vt 0.635869 0.040182
vt 0.135869 0.040182
vt 0.182339 0.020933
vt 0.630771 0.071561
vt 0.638950 0.038534
vt 0.597128 0.066479
vt 0.097128 0.066479
vt 0.138950 0.038534
vt 0.598250 0.098250
vt 0.599829 0.064262
vt 0.564262 0.099829
vt 0.064262 0.099829
vt 0.099829 0.064262
vt 0.571561 0.130771
vt 0.566479 0.097128
vt 0.538535 0.138950
vt 0.038534 0.138950
vt 0.066479 0.097128
vt 0.551730 0.167874
vt 0.540182 0.135869
vt 0.520933 0.182339
vt 0.020933 0.182339
vt 0.040182 0.135869
vt 0.539517 0.208132
vt 0.521947 0.178995
vt 0.512134 0.228328
vt 0.012135 0.228328
vt 0.021947 0.178995
vt 0.535394 0.250000
vt 0.512477 0.224850
vt 0.512477 0.275150
vt 0.012477 0.275150
vt 0.012477 0.224850
vt 0.539517 0.291868
vt 0.512134 0.271672
vt 0.521947 0.321005
vt 0.021947 0.321005
vt 0.012135 0.271672
vt 0.551730 0.332126
vt 0.520933 0.317661
vt 0.540182 0.364131
vt 0.040182 0.364131
vt 0.020933 0.317661
vt 0.571561 0.369229
vt 0.538534 0.361049
vt 0.566479 0.402872
vt 0.066479 0.402872
vt 0.038534 0.361049
vt 0.598250 0.401750
vt 0.564262 0.400171
vt 0.599829 0.435738
vt 0.099829 0.435738
vt 0.064262 0.400171
vt 0.630771 0.428439
vt 0.597128 0.433521
vt 0.638950 0.461466
vt 0.138950 0.461466
vt 0.097128 0.433521
vt 0.667874 0.448270
vt 0.635869 0.459818
vt 0.682339 0.479067
vt 0.182339 0.479067
vt 0.135869 0.459818
vt 0.708132 0.460483
vt 0.678995 0.478053
vt 0.728328 0.487866
vt 0.228328 0.487866
vt 0.178995 0.478053
vt 0.000000 0.973676
vt 0.000000 0.526324
s 1
usemtl None
f 305/223/55 307/224/55 122/225/55 118/226/55
f 131/227/56 133/228/56 140/229/56 136/230/56
f 137/231/57 139/232/57 146/233/57 142/234/57
f 143/235/58 145/236/58 152/237/58 148/238/58
f 149/239/59 151/240/59 158/241/59 154/242/59
f 155/243/60 157/244/60 164/245/60 160/246/60
f 161/247/61 163/248/61 170/249/61 166/250/61
f 167/251/62 169/252/62 176/253/62 172/254/62
f 173/255/63 175/256/63 182/257/63 178/258/63
f 179/259/64 181/260/64 188/261/64 184/262/64
f 185/263/65 187/264/65 194/265/65 190/266/65
f 191/267/66 193/268/66 200/269/66 196/270/66
f 197/271/67 199/272/67 206/273/67 202/274/67
f 203/275/68 205/276/68 212/277/68 208/278/68
f 209/279/69 211/280/69 218/281/69 214/282/69
f 215/283/70 217/284/70 224/285/70 220/286/70
f 221/287/71 223/288/71 230/289/71 226/290/71
f 227/291/72 229/292/72 236/293/72 232/294/72
f 233/295/73 235/296/73 242/297/73 238/298/73
f 239/299/74 241/300/74 248/301/74 244/302/74
f 245/303/75 247/304/75 254/305/75 250/306/75
f 251/307/76 253/308/76 260/309/76 256/310/76
f 257/311/77 259/312/77 266/313/77 262/314/77
f 263/315/78 265/316/78 272/317/78 268/318/78
f 269/319/79 271/320/79 278/321/79 274/322/79
f 275/323/80 277/324/80 284/325/80 280/326/80
f 281/327/81 283/328/81 290/329/81 286/330/81
f 287/331/82 289/332/82 296/333/82 292/334/82
f 293/335/83 295/336/83 302/337/83 298/338/83
f 299/339/84 301/340/84 308/341/84 304/342/84
f 125/343/85 127/344/85 134/345/85 130/346/85
f 126/347/86 120/348/86 306/349/86 300/350/86 294/351/86 288/352/86 282/353/86 276/354/86 270/355/86 264/356/86 258/357/86 252/358/86 246/359/86 240/360/86 234/361/86 228/362/86 222/363/86 216/364/86 210/365/86 204/366/86 198/367/86 192/368/86 186/369/86 180/370/86 174/371/86 168/372/86 162/373/86 156/374/86 150/375/86 144/376/86 138/377/86 132/378/86
f 119/379/87 121/380/87 128/381/87 124/382/87
f 117/383/88 118/384/88 119/385/88
f 120/348/89 121/386/89 122/387/89
f 123/388/90 124/389/90 125/390/90
f 126/347/91 127/391/91 128/392/91
f 129/393/92 130/394/92 131/395/92
f 132/378/93 133/396/93 134/397/93
f 135/398/94 136/399/94 137/400/94
f 138/377/95 139/401/95 140/402/95
f 141/403/96 142/404/96 143/405/96
f 144/376/97 145/406/97 146/407/97
f 147/408/98 148/409/98 149/410/98
f 150/375/99 151/411/99 152/412/99
f 153/413/100 154/414/100 155/415/100
f 156/374/101 157/416/101 158/417/101
f 159/418/102 160/419/102 161/420/102
f 162/373/103 163/421/103 164/422/103
f 165/423/104 166/424/104 167/425/104
f 168/372/105 169/426/105 170/427/105
f 171/428/106 172/429/106 173/430/106
f 174/371/107 175/431/107 176/432/107
f 177/433/108 178/434/108 179/435/108
f 180/370/109 181/436/109 182/437/109
f 183/438/110 184/439/110 185/440/110
f 186/369/111 187/441/111 188/442/111
f 189/443/112 190/444/112 191/445/112
f 192/368/113 193/446/113 194/447/113
f 195/448/114 196/449/114 197/450/114
f 198/367/115 199/451/115 200/452/115
f 201/453/116 202/454/116 203/455/116
f 204/366/117 205/456/117 206/457/117
f 207/458/118 208/459/118 209/460/118
f 210/365/119 211/461/119 212/462/119
f 213/463/120 214/464/120 215/465/120
f 216/364/121 217/466/121 218/467/121
f 219/468/122 220/469/122 221/470/122
f 222/363/123 223/471/123 224/472/123
f 225/473/124 226/474/124 227/475/124
f 228/362/125 229/476/125 230/477/125
f 231/478/126 232/479/126 233/480/126
f 234/361/127 235/481/127 236/482/127
f 237/483/128 238/484/128 239/485/128
f 240/360/129 241/486/129 242/487/129
f 243/488/130 244/489/130 245/490/130
f 246/359/131 247/491/131 248/492/131
f 249/493/132 250/494/132 251/495/132
f 252/358/133 253/496/133 254/497/133
f 255/498/134 256/499/134 257/500/134
f 258/357/135 259/501/135 260/502/135
f 261/503/136 262/504/136 263/505/136
f 264/356/137 265/506/137 266/507/137
f 267/508/138 268/509/138 269/510/138
f 270/355/139 271/511/139 272/512/139
f 273/513/140 274/514/140 275/515/140
f 276/354/141 277/516/141 278/517/141
f 279/518/142 280/519/142 281/520/142
f 282/353/143 283/521/143 284/522/143
f 285/523/144 286/524/144 287/525/144
f 288/352/145 289/526/145 290/527/145
f 291/528/146 292/529/146 293/530/146
f 294/351/147 295/531/147 296/532/147
f 297/533/148 298/534/148 299/535/148
f 300/350/149 301/536/149 302/537/149
f 303/538/150 304/539/150 305/540/150
f 306/349/151 307/541/151 308/542/151
f 119/385/152 124/389/152 123/388/152 117/383/152
f 128/392/153 121/386/153 120/348/153 126/347/153
f 118/226/154 122/225/154 121/543/154 119/544/154
f 127/344/155 125/343/155 124/382/155 128/381/155
f 125/390/156 130/394/156 129/393/156 123/388/156
f 134/397/157 127/391/157 126/347/157 132/378/157
f 133/228/158 131/227/158 130/346/158 134/345/158
f 131/395/159 136/399/159 135/398/159 129/393/159
f 140/402/160 133/396/160 132/378/160 138/377/160
f 139/232/161 137/231/161 136/230/161 140/229/161
f 137/400/162 142/404/162 141/403/162 135/398/162
f 146/407/163 139/401/163 138/377/163 144/376/163
f 145/236/164 143/235/164 142/234/164 146/233/164
f 143/405/165 148/409/165 147/408/165 141/403/165
f 152/412/166 145/406/166 144/376/166 150/375/166
f 151/240/167 149/239/167 148/238/167 152/237/167
f 149/410/168 154/414/168 153/413/168 147/408/168
f 158/417/169 151/411/169 150/375/169 156/374/169
f 157/244/170 155/243/170 154/242/170 158/241/170
f 155/415/171 160/419/171 159/418/171 153/413/171
f 164/422/172 157/416/172 156/374/172 162/373/172
f 163/248/173 161/247/173 160/246/173 164/245/173
f 161/420/174 166/424/174 165/423/174 159/418/174
f 170/427/175 163/421/175 162/373/175 168/372/175
f 169/252/176 167/251/176 166/250/176 170/249/176
f 167/425/177 172/429/177 171/428/177 165/423/177
f 176/432/178 169/426/178 168/372/178 174/371/178
f 175/256/179 173/255/179 172/254/179 176/253/179
f 173/430/180 178/434/180 177/433/180 171/428/180
f 182/437/181 175/431/181 174/371/181 180/370/181
f 181/260/182 179/259/182 178/258/182 182/257/182
f 179/435/183 184/439/183 183/438/183 177/433/183
f 188/442/184 181/436/184 180/370/184 186/369/184
f 187/264/185 185/263/185 184/262/185 188/261/185
f 185/440/186 190/444/186 189/443/186 183/438/186
f 194/447/187 187/441/187 186/369/187 192/368/187
f 193/268/188 191/267/188 190/266/188 194/265/188
f 191/445/189 196/449/189 195/448/189 189/443/189
f 200/452/190 193/446/190 192/368/190 198/367/190
f 199/272/191 197/271/191 196/270/191 200/269/191
f 197/450/192 202/454/192 201/453/192 195/448/192
f 206/457/193 199/451/193 198/367/193 204/366/193
f 205/276/194 203/275/194 202/274/194 206/273/194
f 203/455/195 208/459/195 207/458/195 201/453/195
f 212/462/196 205/456/196 204/366/196 210/365/196
f 211/280/197 209/279/197 208/278/197 212/277/197
f 209/460/198 214/464/198 213/463/198 207/458/198
f 218/467/199 211/461/199 210/365/199 216/364/199
f 217/284/200 215/283/200 214/282/200 218/281/200
f 215/465/201 220/469/201 219/468/201 213/463/201
f 224/472/202 217/466/202 216/364/202 222/363/202
f 223/288/203 221/287/203 220/286/203 224/285/203
f 221/470/204 226/474/204 225/473/204 219/468/204
f 230/477/205 223/471/205 222/363/205 228/362/205
f 229/292/206 227/291/206 226/290/206 230/289/206
f 227/475/207 232/479/207 231/478/207 225/473/207
f 236/482/208 229/476/208 228/362/208 234/361/208
f 235/296/209 233/295/209 232/294/209 236/293/209
f 233/480/210 238/484/210 237/483/210 231/478/210
f 242/487/211 235/481/211 234/361/211 240/360/211
f 241/300/212 239/299/212 238/298/212 242/297/212
f 239/485/213 244/489/213 243/488/213 237/483/213
f 248/492/214 241/486/214 240/360/214 246/359/214
f 247/304/215 245/303/215 244/302/215 248/301/215
f 245/490/216 250/494/216 249/493/216 243/488/216
f 254/497/217 247/491/217 246/359/217 252/358/217
f 253/308/218 251/307/218 250/306/218 254/305/218
f 251/495/219 256/499/219 255/498/219 249/493/219
f 260/502/220 253/496/220 252/358/220 258/357/220
f 259/312/221 257/311/221 256/310/221 260/309/221
f 257/500/222 262/504/222 261/503/222 255/498/222
f 266/507/223 259/501/223 258/357/223 264/356/223
f 265/316/224 263/315/224 262/314/224 266/313/224
f 263/505/225 268/509/225 267/508/225 261/503/225
f 272/512/226 265/506/226 264/356/226 270/355/226
f 271/320/227 269/319/227 268/318/227 272/317/227
f 269/510/228 274/514/228 273/513/228 267/508/228
f 278/517/229 271/511/229 270/355/229 276/354/229
f 277/324/230 275/323/230 274/322/230 278/321/230
f 275/515/231 280/519/231 279/518/231 273/513/231
f 284/522/232 277/516/232 276/354/232 282/353/232
f 283/328/233 281/327/233 280/326/233 284/325/233
f 281/520/234 286/524/234 285/523/234 279/518/234
f 290/527/235 283/521/235 282/353/235 288/352/235
f 289/332/236 287/331/236 286/330/236 290/329/236
f 287/525/237 292/529/237 291/528/237 285/523/237
f 296/532/238 289/526/238 288/352/238 294/351/238
f 295/336/239 293/335/239 292/334/239 296/333/239
f 293/530/240 298/534/240 297/533/240 291/528/240
f 302/537/241 295/531/241 294/351/241 300/350/241
f 301/340/242 299/339/242 298/338/242 302/337/242
f 299/535/243 304/539/243 303/538/243 297/533/243
f 308/542/244 301/536/244 300/350/244 306/349/244
f 307/224/245 305/223/245 304/342/245 308/341/245
f 305/540/246 118/384/246 117/383/246 303/538/246
f 122/387/247 307/541/247 306/349/247 120/348/247
f 117/383/248 123/388/248 129/393/248 135/398/248 141/403/248 147/408/248 153/413/248 159/418/248 165/423/248 171/428/248 177/433/248 183/438/248 189/443/248 195/448/248 201/453/248 207/458/248 213/463/248 219/468/248 225/473/248 231/478/248 237/483/248 243/488/248 249/493/248 255/498/248 261/503/248 267/508/248 273/513/248 279/518/248 285/523/248 291/528/248 297/533/248 303/538/248
o Cylinder.002_Cylinder.008
v -1.527981 0.606662 -0.536713
v -0.788625 0.606662 -0.536446
v -1.527955 0.599559 -0.608834
v -0.788599 0.599559 -0.608567
v -1.527930 0.578522 -0.678183
v -0.788574 0.578522 -0.677916
v -1.527907 0.544360 -0.742095
v -0.788551 0.544360 -0.741828
v -1.527886 0.498386 -0.798115
v -0.788530 0.498386 -0.797848
v -1.527870 0.442366 -0.844089
v -0.788514 0.442366 -0.843822
v -1.527857 0.378453 -0.878251
v -0.788501 0.378453 -0.877984
v -1.527850 0.309104 -0.899288
v -0.788494 0.309104 -0.899021
v -1.527847 0.236984 -0.906391
v -0.788491 0.236984 -0.906124
v -1.527850 0.164863 -0.899288
v -0.788494 0.164863 -0.899021
v -1.527857 0.095514 -0.878251
v -0.788501 0.095514 -0.877984
v -1.527870 0.031602 -0.844089
v -0.788514 0.031602 -0.843822
v -1.527886 -0.024418 -0.798115
v -0.788530 -0.024418 -0.797848
v -1.527907 -0.070392 -0.742095
v -0.788551 -0.070392 -0.741828
v -1.527930 -0.104554 -0.678183
v -0.788574 -0.104554 -0.677916
v -1.527955 -0.125591 -0.608834
v -0.788599 -0.125591 -0.608567
v -1.527981 -0.132694 -0.536713
v -0.788625 -0.132694 -0.536446
v -1.528007 -0.125591 -0.464593
v -0.788651 -0.125591 -0.464326
v -1.528032 -0.104554 -0.395244
v -0.788676 -0.104554 -0.394977
v -1.528055 -0.070392 -0.331331
v -0.788699 -0.070392 -0.331064
v -1.528075 -0.024418 -0.275311
v -0.788719 -0.024418 -0.275044
v -1.528092 0.031601 -0.229337
v -0.788736 0.031601 -0.229070
v -1.528104 0.095514 -0.195175
v -0.788748 0.095514 -0.194908
v -1.528112 0.164863 -0.174138
v -0.788756 0.164863 -0.173871
v -1.528114 0.236984 -0.167035
v -0.788759 0.236984 -0.166768
v -1.528112 0.309104 -0.174138
v -0.788756 0.309104 -0.173871
v -1.528104 0.378453 -0.195175
v -0.788748 0.378453 -0.194908
v -1.528092 0.442366 -0.229337
v -0.788736 0.442366 -0.229070
v -1.528075 0.498386 -0.275311
v -0.788719 0.498386 -0.275044
v -1.528055 0.544360 -0.331331
v -0.788699 0.544360 -0.331064
v -1.528032 0.578522 -0.395244
v -0.788676 0.578522 -0.394977
v -1.528007 0.599559 -0.464593
v -0.788651 0.599559 -0.464326
vn -0.0000 0.9952 -0.0980
vn 0.0001 0.9569 -0.2903
vn 0.0002 0.8819 -0.4714
vn 0.0002 0.7730 -0.6344
vn 0.0003 0.6344 -0.7730
vn 0.0003 0.4714 -0.8819
vn 0.0003 0.2903 -0.9569
vn 0.0004 0.0980 -0.9952
vn 0.0004 -0.0980 -0.9952
vn 0.0003 -0.2903 -0.9569
vn 0.0003 -0.4714 -0.8819
vn 0.0003 -0.6344 -0.7730
vn 0.0002 -0.7730 -0.6344
vn 0.0002 -0.8819 -0.4714
vn 0.0001 -0.9569 -0.2903
vn -0.0000 -0.9952 -0.0980
vn -0.0000 -0.9952 0.0980
vn -0.0001 -0.9569 0.2903
vn -0.0002 -0.8819 0.4714
vn -0.0002 -0.7730 0.6344
vn -0.0003 -0.6344 0.7730
vn -0.0003 -0.4714 0.8819
vn -0.0003 -0.2903 0.9569
vn -0.0004 -0.0980 0.9952
vn -0.0004 0.0980 0.9952
vn -0.0003 0.2903 0.9569
vn -0.0003 0.4714 0.8819
vn -0.0003 0.6344 0.7730
vn -0.0002 0.7730 0.6344
vn -0.0002 0.8819 0.4714
vn 1.0000 -0.0000 0.0004
vn -0.0001 0.9569 0.2903
vn -0.0000 0.9952 0.0980
vn -1.0000 -0.0000 -0.0004
vt 1.000000 0.500000
vt 1.000000 1.000000
vt 0.968750 1.000000
vt 0.968750 0.500000
vt 0.937500 1.000000
vt 0.937500 0.500000
vt 0.906250 1.000000
vt 0.906250 0.500000
vt 0.875000 1.000000
vt 0.875000 0.500000
vt 0.843750 1.000000
vt 0.843750 0.500000
vt 0.812500 1.000000
vt 0.812500 0.500000
vt 0.781250 1.000000
vt 0.781250 0.500000
vt 0.750000 1.000000
vt 0.750000 0.500000
vt 0.718750 1.000000
vt 0.718750 0.500000
vt 0.687500 1.000000
vt 0.687500 0.500000
vt 0.656250 1.000000
vt 0.656250 0.500000
vt 0.625000 1.000000
vt 0.625000 0.500000
vt 0.593750 1.000000
vt 0.593750 0.500000
vt 0.562500 1.000000
vt 0.562500 0.500000
vt 0.531250 1.000000
vt 0.531250 0.500000
vt 0.500000 1.000000
vt 0.500000 0.500000
vt 0.468750 1.000000
vt 0.468750 0.500000
vt 0.437500 1.000000
vt 0.437500 0.500000
vt 0.406250 1.000000
vt 0.406250 0.500000
vt 0.375000 1.000000
vt 0.375000 0.500000
vt 0.343750 1.000000
vt 0.343750 0.500000
vt 0.312500 1.000000
vt 0.312500 0.500000
vt 0.281250 1.000000
vt 0.281250 0.500000
vt 0.250000 1.000000
vt 0.250000 0.500000
vt 0.218750 1.000000
vt 0.218750 0.500000
vt 0.187500 1.000000
vt 0.187500 0.500000
vt 0.156250 1.000000
vt 0.156250 0.500000
vt 0.125000 1.000000
vt 0.125000 0.500000
vt 0.093750 1.000000
vt 0.093750 0.500000
vt 0.062500 1.000000
vt 0.062500 0.500000
vt 0.296822 0.485388
vt 0.250000 0.490000
vt 0.203178 0.485388
vt 0.158156 0.471731
vt 0.116663 0.449553
vt 0.080294 0.419706
vt 0.050447 0.383337
vt 0.028269 0.341844
vt 0.014612 0.296822
vt 0.010000 0.250000
vt 0.014612 0.203178
vt 0.028269 0.158156
vt 0.050447 0.116663
vt 0.080294 0.080294
vt 0.116663 0.050447
vt 0.158156 0.028269
vt 0.203178 0.014612
vt 0.250000 0.010000
vt 0.296822 0.014612
vt 0.341844 0.028269
vt 0.383337 0.050447
vt 0.419706 0.080294
vt 0.449553 0.116663
vt 0.471731 0.158156
vt 0.485388 0.203178
vt 0.490000 0.250000
vt 0.485388 0.296822
vt 0.471731 0.341844
vt 0.449553 0.383337
vt 0.419706 0.419706
vt 0.383337 0.449553
vt 0.341844 0.471731
vt 0.031250 1.000000
vt 0.031250 0.500000
vt 0.000000 1.000000
vt 0.000000 0.500000
vt 0.750000 0.490000
vt 0.796822 0.485388
vt 0.841844 0.471731
vt 0.883337 0.449553
vt 0.919706 0.419706
vt 0.949553 0.383337
vt 0.971731 0.341844
vt 0.985388 0.296822
vt 0.990000 0.250000
vt 0.985388 0.203178
vt 0.971731 0.158156
vt 0.949553 0.116663
vt 0.919706 0.080294
vt 0.883337 0.050447
vt 0.841844 0.028269
vt 0.796822 0.014612
vt 0.750000 0.010000
vt 0.703178 0.014612
vt 0.658156 0.028269
vt 0.616663 0.050447
vt 0.580294 0.080294
vt 0.550447 0.116663
vt 0.528269 0.158156
vt 0.514612 0.203178
vt 0.510000 0.250000
vt 0.514612 0.296822
vt 0.528269 0.341844
vt 0.550447 0.383337
vt 0.580294 0.419706
vt 0.616663 0.449553
vt 0.658156 0.471731
vt 0.703178 0.485388
s 1
usemtl None
f 309/545/249 310/546/249 312/547/249 311/548/249
f 311/548/250 312/547/250 314/549/250 313/550/250
f 313/550/251 314/549/251 316/551/251 315/552/251
f 315/552/252 316/551/252 318/553/252 317/554/252
f 317/554/253 318/553/253 320/555/253 319/556/253
f 319/556/254 320/555/254 322/557/254 321/558/254
f 321/558/255 322/557/255 324/559/255 323/560/255
f 323/560/256 324/559/256 326/561/256 325/562/256
f 325/562/257 326/561/257 328/563/257 327/564/257
f 327/564/258 328/563/258 330/565/258 329/566/258
f 329/566/259 330/565/259 332/567/259 331/568/259
f 331/568/260 332/567/260 334/569/260 333/570/260
f 333/570/261 334/569/261 336/571/261 335/572/261
f 335/572/262 336/571/262 338/573/262 337/574/262
f 337/574/263 338/573/263 340/575/263 339/576/263
f 339/576/264 340/575/264 342/577/264 341/578/264
f 341/578/265 342/577/265 344/579/265 343/580/265
f 343/580/266 344/579/266 346/581/266 345/582/266
f 345/582/267 346/581/267 348/583/267 347/584/267
f 347/584/268 348/583/268 350/585/268 349/586/268
f 349/586/269 350/585/269 352/587/269 351/588/269
f 351/588/270 352/587/270 354/589/270 353/590/270
f 353/590/271 354/589/271 356/591/271 355/592/271
f 355/592/272 356/591/272 358/593/272 357/594/272
f 357/594/273 358/593/273 360/595/273 359/596/273
f 359/596/274 360/595/274 362/597/274 361/598/274
f 361/598/275 362/597/275 364/599/275 363/600/275
f 363/600/276 364/599/276 366/601/276 365/602/276
f 365/602/277 366/601/277 368/603/277 367/604/277
f 367/604/278 368/603/278 370/605/278 369/606/278
f 312/607/279 310/608/279 372/609/279 370/610/279 368/611/279 366/612/279 364/613/279 362/614/279 360/615/279 358/616/279 356/617/279 354/618/279 352/619/279 350/620/279 348/621/279 346/622/279 344/623/279 342/624/279 340/625/279 338/626/279 336/627/279 334/628/279 332/629/279 330/630/279 328/631/279 326/632/279 324/633/279 322/634/279 320/635/279 318/636/279 316/637/279 314/638/279
f 369/606/280 370/605/280 372/639/280 371/640/280
f 371/640/281 372/639/281 310/641/281 309/642/281
f 309/643/282 311/644/282 313/645/282 315/646/282 317/647/282 319/648/282 321/649/282 323/650/282 325/651/282 327/652/282 329/653/282 331/654/282 333/655/282 335/656/282 337/657/282 339/658/282 341/659/282 343/660/282 345/661/282 347/662/282 349/663/282 351/664/282 353/665/282 355/666/282 357/667/282 359/668/282 361/669/282 363/670/282 365/671/282 367/672/282 369/673/282 371/674/282
o Cylinder.003_Cylinder.011
v -1.528530 0.606662 0.982611
v -0.789174 0.606662 0.982878
v -1.528556 0.599559 1.054732
v -0.789200 0.599559 1.054999
v -1.528581 0.578522 1.124080
v -0.789225 0.578522 1.124348
v -1.528604 0.544360 1.187993
v -0.789248 0.544360 1.188260
v -1.528625 0.498386 1.244012
v -0.789269 0.498386 1.244280
v -1.528641 0.442366 1.289986
v -0.789285 0.442366 1.290254
v -1.528654 0.378453 1.324148
v -0.789298 0.378453 1.324416
v -1.528661 0.309104 1.345186
v -0.789305 0.309104 1.345453
v -1.528664 0.236984 1.352288
v -0.789308 0.236984 1.352556
v -1.528661 0.164863 1.345186
v -0.789305 0.164863 1.345453
v -1.528654 0.095514 1.324148
v -0.789298 0.095514 1.324416
v -1.528641 0.031602 1.289986
v -0.789285 0.031602 1.290254
v -1.528625 -0.024418 1.244012
v -0.789269 -0.024418 1.244280
v -1.528604 -0.070392 1.187993
v -0.789248 -0.070392 1.188260
v -1.528581 -0.104554 1.124080
v -0.789225 -0.104554 1.124348
v -1.528556 -0.125591 1.054732
v -0.789200 -0.125591 1.054999
v -1.528530 -0.132694 0.982611
v -0.789174 -0.132694 0.982878
v -1.528504 -0.125591 0.910491
v -0.789148 -0.125591 0.910758
v -1.528479 -0.104554 0.841142
v -0.789123 -0.104554 0.841409
v -1.528456 -0.070392 0.777229
v -0.789100 -0.070392 0.777496
v -1.528435 -0.024418 0.721209
v -0.789080 -0.024418 0.721476
v -1.528419 0.031601 0.675235
v -0.789063 0.031601 0.675502
v -1.528407 0.095514 0.641073
v -0.789051 0.095514 0.641340
v -1.528399 0.164863 0.620036
v -0.789043 0.164863 0.620303
v -1.528396 0.236984 0.612933
v -0.789040 0.236984 0.613200
v -1.528399 0.309104 0.620036
v -0.789043 0.309104 0.620303
v -1.528407 0.378453 0.641073
v -0.789051 0.378453 0.641340
v -1.528419 0.442366 0.675235
v -0.789063 0.442366 0.675502
v -1.528436 0.498386 0.721209
v -0.789080 0.498386 0.721476
v -1.528456 0.544360 0.777229
v -0.789100 0.544360 0.777496
v -1.528479 0.578522 0.841142
v -0.789123 0.578522 0.841409
v -1.528504 0.599559 0.910491
v -0.789148 0.599559 0.910758
vn -0.0000 0.9952 0.0980
vn -0.0001 0.9569 0.2903
vn -0.0002 0.8819 0.4714
vn -0.0002 0.7730 0.6344
vn -0.0003 0.6344 0.7730
vn -0.0003 0.4714 0.8819
vn -0.0003 0.2903 0.9569
vn -0.0004 0.0980 0.9952
vn -0.0004 -0.0980 0.9952
vn -0.0003 -0.2903 0.9569
vn -0.0003 -0.4714 0.8819
vn -0.0003 -0.6344 0.7730
vn -0.0002 -0.7730 0.6344
vn -0.0002 -0.8819 0.4714
vn -0.0001 -0.9569 0.2903
vn -0.0000 -0.9952 0.0980
vn -0.0000 -0.9952 -0.0980
vn 0.0001 -0.9569 -0.2903
vn 0.0002 -0.8819 -0.4714
vn 0.0002 -0.7730 -0.6344
vn 0.0003 -0.6344 -0.7730
vn 0.0003 -0.4714 -0.8819
vn 0.0003 -0.2903 -0.9569
vn 0.0004 -0.0980 -0.9952
vn 0.0004 0.0980 -0.9952
vn 0.0003 0.2903 -0.9569
vn 0.0003 0.4714 -0.8819
vn 0.0003 0.6344 -0.7730
vn 0.0002 0.7730 -0.6344
vn 0.0002 0.8819 -0.4714
vn 1.0000 -0.0000 0.0004
vn 0.0001 0.9569 -0.2903
vn -0.0000 0.9952 -0.0980
vn -1.0000 -0.0000 -0.0004
vt 1.000000 0.500000
vt 0.968750 0.500000
vt 0.968750 1.000000
vt 1.000000 1.000000
vt 0.937500 0.500000
vt 0.937500 1.000000
vt 0.906250 0.500000
vt 0.906250 1.000000
vt 0.875000 0.500000
vt 0.875000 1.000000
vt 0.843750 0.500000
vt 0.843750 1.000000
vt 0.812500 0.500000
vt 0.812500 1.000000
vt 0.781250 0.500000
vt 0.781250 1.000000
vt 0.750000 0.500000
vt 0.750000 1.000000
vt 0.718750 0.500000
vt 0.718750 1.000000
vt 0.687500 0.500000
vt 0.687500 1.000000
vt 0.656250 0.500000
vt 0.656250 1.000000
vt 0.625000 0.500000
vt 0.625000 1.000000
vt 0.593750 0.500000
vt 0.593750 1.000000
vt 0.562500 0.500000
vt 0.562500 1.000000
vt 0.531250 0.500000
vt 0.531250 1.000000
vt 0.500000 0.500000
vt 0.500000 1.000000
vt 0.468750 0.500000
vt 0.468750 1.000000
vt 0.437500 0.500000
vt 0.437500 1.000000
vt 0.406250 0.500000
vt 0.406250 1.000000
vt 0.375000 0.500000
vt 0.375000 1.000000
vt 0.343750 0.500000
vt 0.343750 1.000000
vt 0.312500 0.500000
vt 0.312500 1.000000
vt 0.281250 0.500000
vt 0.281250 1.000000
vt 0.250000 0.500000
vt 0.250000 1.000000
vt 0.218750 0.500000
vt 0.218750 1.000000
vt 0.187500 0.500000
vt 0.187500 1.000000
vt 0.156250 0.500000
vt 0.156250 1.000000
vt 0.125000 0.500000
vt 0.125000 1.000000
vt 0.093750 0.500000
vt 0.093750 1.000000
vt 0.062500 0.500000
vt 0.062500 1.000000
vt 0.296822 0.485388
vt 0.341844 0.471731
vt 0.383337 0.449553
vt 0.419706 0.419706
vt 0.449553 0.383337
vt 0.471731 0.341844
vt 0.485388 0.296822
vt 0.490000 0.250000
vt 0.485388 0.203178
vt 0.471731 0.158156
vt 0.449553 0.116663
vt 0.419706 0.080294
vt 0.383337 0.050447
vt 0.341844 0.028269
vt 0.296822 0.014612
vt 0.250000 0.010000
vt 0.203178 0.014612
vt 0.158156 0.028269
vt 0.116663 0.050447
vt 0.080294 0.080294
vt 0.050447 0.116663
vt 0.028269 0.158156
vt 0.014612 0.203178
vt 0.010000 0.250000
vt 0.014612 0.296822
vt 0.028269 0.341844
vt 0.050447 0.383337
vt 0.080294 0.419706
vt 0.116663 0.449553
vt 0.158156 0.471731
vt 0.203178 0.485388
vt 0.250000 0.490000
vt 0.031250 0.500000
vt 0.031250 1.000000
vt 0.000000 0.500000
vt 0.000000 1.000000
vt 0.750000 0.490000
vt 0.703178 0.485388
vt 0.658156 0.471731
vt 0.616663 0.449553
vt 0.580294 0.419706
vt 0.550447 0.383337
vt 0.528269 0.341844
vt 0.514612 0.296822
vt 0.510000 0.250000
vt 0.514612 0.203178
vt 0.528269 0.158156
vt 0.550447 0.116663
vt 0.580294 0.080294
vt 0.616663 0.050447
vt 0.658156 0.028269
vt 0.703178 0.014612
vt 0.750000 0.010000
vt 0.796822 0.014612
vt 0.841844 0.028269
vt 0.883337 0.050447
vt 0.919706 0.080294
vt 0.949553 0.116663
vt 0.971731 0.158156
vt 0.985388 0.203178
vt 0.990000 0.250000
vt 0.985388 0.296822
vt 0.971731 0.341844
vt 0.949553 0.383337
vt 0.919706 0.419706
vt 0.883337 0.449553
vt 0.841844 0.471731
vt 0.796822 0.485388
s 1
usemtl None
f 373/675/283 375/676/283 376/677/283 374/678/283
f 375/676/284 377/679/284 378/680/284 376/677/284
f 377/679/285 379/681/285 380/682/285 378/680/285
f 379/681/286 381/683/286 382/684/286 380/682/286
f 381/683/287 383/685/287 384/686/287 382/684/287
f 383/685/288 385/687/288 386/688/288 384/686/288
f 385/687/289 387/689/289 388/690/289 386/688/289
f 387/689/290 389/691/290 390/692/290 388/690/290
f 389/691/291 391/693/291 392/694/291 390/692/291
f 391/693/292 393/695/292 394/696/292 392/694/292
f 393/695/293 395/697/293 396/698/293 394/696/293
f 395/697/294 397/699/294 398/700/294 396/698/294
f 397/699/295 399/701/295 400/702/295 398/700/295
f 399/701/296 401/703/296 402/704/296 400/702/296
f 401/703/297 403/705/297 404/706/297 402/704/297
f 403/705/298 405/707/298 406/708/298 404/706/298
f 405/707/299 407/709/299 408/710/299 406/708/299
f 407/709/300 409/711/300 410/712/300 408/710/300
f 409/711/301 411/713/301 412/714/301 410/712/301
f 411/713/302 413/715/302 414/716/302 412/714/302
f 413/715/303 415/717/303 416/718/303 414/716/303
f 415/717/304 417/719/304 418/720/304 416/718/304
f 417/719/305 419/721/305 420/722/305 418/720/305
f 419/721/306 421/723/306 422/724/306 420/722/306
f 421/723/307 423/725/307 424/726/307 422/724/307
f 423/725/308 425/727/308 426/728/308 424/726/308
f 425/727/309 427/729/309 428/730/309 426/728/309
f 427/729/310 429/731/310 430/732/310 428/730/310
f 429/731/311 431/733/311 432/734/311 430/732/311
f 431/733/312 433/735/312 434/736/312 432/734/312
f 376/737/313 378/738/313 380/739/313 382/740/313 384/741/313 386/742/313 388/743/313 390/744/313 392/745/313 394/746/313 396/747/313 398/748/313 400/749/313 402/750/313 404/751/313 406/752/313 408/753/313 410/754/313 412/755/313 414/756/313 416/757/313 418/758/313 420/759/313 422/760/313 424/761/313 426/762/313 428/763/313 430/764/313 432/765/313 434/766/313 436/767/313 374/768/313
f 433/735/314 435/769/314 436/770/314 434/736/314
f 435/769/315 373/771/315 374/772/315 436/770/315
f 373/773/316 435/774/316 433/775/316 431/776/316 429/777/316 427/778/316 425/779/316 423/780/316 421/781/316 419/782/316 417/783/316 415/784/316 413/785/316 411/786/316 409/787/316 407/788/316 405/789/316 403/790/316 401/791/316 399/792/316 397/793/316 395/794/316 393/795/316 391/796/316 389/797/316 387/798/316 385/799/316 383/800/316 381/801/316 379/802/316 377/803/316 375/804/316
o Cylinder.004_Cylinder.010
v -1.528252 0.606662 0.212338
v -0.788896 0.606662 0.212605
v -1.528226 0.599559 0.140218
v -0.788870 0.599559 0.140485
v -1.528200 0.578522 0.070869
v -0.788845 0.578522 0.071136
v -1.528177 0.544360 0.006956
v -0.788821 0.544360 0.007223
v -1.528157 0.498386 -0.049064
v -0.788801 0.498386 -0.048797
v -1.528140 0.442366 -0.095038
v -0.788785 0.442366 -0.094771
v -1.528128 0.378453 -0.129200
v -0.788772 0.378453 -0.128933
v -1.528121 0.309104 -0.150237
v -0.788765 0.309104 -0.149970
v -1.528118 0.236984 -0.157340
v -0.788762 0.236984 -0.157073
v -1.528121 0.164863 -0.150237
v -0.788765 0.164863 -0.149970
v -1.528128 0.095514 -0.129200
v -0.788772 0.095514 -0.128933
v -1.528140 0.031602 -0.095038
v -0.788785 0.031602 -0.094771
v -1.528157 -0.024418 -0.049064
v -0.788801 -0.024418 -0.048797
v -1.528177 -0.070392 0.006956
v -0.788821 -0.070392 0.007223
v -1.528200 -0.104554 0.070869
v -0.788844 -0.104554 0.071136
v -1.528225 -0.125591 0.140218
v -0.788870 -0.125591 0.140485
v -1.528252 -0.132694 0.212338
v -0.788896 -0.132694 0.212605
v -1.528278 -0.125591 0.284459
v -0.788922 -0.125591 0.284726
v -1.528303 -0.104554 0.353808
v -0.788947 -0.104554 0.354075
v -1.528326 -0.070392 0.417720
v -0.788970 -0.070392 0.417987
v -1.528346 -0.024418 0.473740
v -0.788990 -0.024418 0.474007
v -1.528363 0.031601 0.519714
v -0.789007 0.031601 0.519981
v -1.528375 0.095514 0.553876
v -0.789019 0.095514 0.554143
v -1.528383 0.164863 0.574913
v -0.789027 0.164863 0.575180
v -1.528385 0.236984 0.582016
v -0.789029 0.236984 0.582283
v -1.528383 0.309104 0.574913
v -0.789027 0.309104 0.575180
v -1.528375 0.378453 0.553876
v -0.789019 0.378453 0.554143
v -1.528363 0.442366 0.519714
v -0.789007 0.442366 0.519981
v -1.528346 0.498386 0.473740
v -0.788990 0.498386 0.474007
v -1.528326 0.544360 0.417720
v -0.788970 0.544360 0.417987
v -1.528303 0.578522 0.353808
v -0.788947 0.578522 0.354075
v -1.528278 0.599559 0.284459
v -0.788922 0.599559 0.284726
vn -0.0000 0.9952 -0.0980
vn 0.0001 0.9569 -0.2903
vn 0.0002 0.8819 -0.4714
vn 0.0002 0.7730 -0.6344
vn 0.0003 0.6344 -0.7730
vn 0.0003 0.4714 -0.8819
vn 0.0003 0.2903 -0.9569
vn 0.0004 0.0980 -0.9952
vn 0.0004 -0.0980 -0.9952
vn 0.0003 -0.2903 -0.9569
vn 0.0003 -0.4714 -0.8819
vn 0.0003 -0.6344 -0.7730
vn 0.0002 -0.7730 -0.6344
vn 0.0002 -0.8819 -0.4714
vn 0.0001 -0.9569 -0.2903
vn -0.0000 -0.9952 -0.0980
vn -0.0000 -0.9952 0.0980
vn -0.0001 -0.9569 0.2903
vn -0.0002 -0.8819 0.4714
vn -0.0002 -0.7730 0.6344
vn -0.0003 -0.6344 0.7730
vn -0.0003 -0.4714 0.8819
vn -0.0003 -0.2903 0.9569
vn -0.0004 -0.0980 0.9952
vn -0.0004 0.0980 0.9952
vn -0.0003 0.2903 0.9569
vn -0.0003 0.4714 0.8819
vn -0.0003 0.6344 0.7730
vn -0.0002 0.7730 0.6344
vn -0.0002 0.8819 0.4714
vn 1.0000 -0.0000 0.0004
vn -0.0001 0.9569 0.2903
vn -0.0000 0.9952 0.0980
vn -1.0000 -0.0000 -0.0004
vt 1.000000 0.500000
vt 1.000000 1.000000
vt 0.968750 1.000000
vt 0.968750 0.500000
vt 0.937500 1.000000
vt 0.937500 0.500000
vt 0.906250 1.000000
vt 0.906250 0.500000
vt 0.875000 1.000000
vt 0.875000 0.500000
vt 0.843750 1.000000
vt 0.843750 0.500000
vt 0.812500 1.000000
vt 0.812500 0.500000
vt 0.781250 1.000000
vt 0.781250 0.500000
vt 0.750000 1.000000
vt 0.750000 0.500000
vt 0.718750 1.000000
vt 0.718750 0.500000
vt 0.687500 1.000000
vt 0.687500 0.500000
vt 0.656250 1.000000
vt 0.656250 0.500000
vt 0.625000 1.000000
vt 0.625000 0.500000
vt 0.593750 1.000000
vt 0.593750 0.500000
vt 0.562500 1.000000
vt 0.562500 0.500000
vt 0.531250 1.000000
vt 0.531250 0.500000
vt 0.500000 1.000000
vt 0.500000 0.500000
vt 0.468750 1.000000
vt 0.468750 0.500000
vt 0.437500 1.000000
vt 0.437500 0.500000
vt 0.406250 1.000000
vt 0.406250 0.500000
vt 0.375000 1.000000
vt 0.375000 0.500000
vt 0.343750 1.000000
vt 0.343750 0.500000
vt 0.312500 1.000000
vt 0.312500 0.500000
vt 0.281250 1.000000
vt 0.281250 0.500000
vt 0.250000 1.000000
vt 0.250000 0.500000
vt 0.218750 1.000000
vt 0.218750 0.500000
vt 0.187500 1.000000
vt 0.187500 0.500000
vt 0.156250 1.000000
vt 0.156250 0.500000
vt 0.125000 1.000000
vt 0.125000 0.500000
vt 0.093750 1.000000
vt 0.093750 0.500000
vt 0.062500 1.000000
vt 0.062500 0.500000
vt 0.296822 0.485388
vt 0.250000 0.490000
vt 0.203178 0.485388
vt 0.158156 0.471731
vt 0.116663 0.449553
vt 0.080294 0.419706
vt 0.050447 0.383337
vt 0.028269 0.341844
vt 0.014612 0.296822
vt 0.010000 0.250000
vt 0.014612 0.203178
vt 0.028269 0.158156
vt 0.050447 0.116663
vt 0.080294 0.080294
vt 0.116663 0.050447
vt 0.158156 0.028269
vt 0.203178 0.014612
vt 0.250000 0.010000
vt 0.296822 0.014612
vt 0.341844 0.028269
vt 0.383337 0.050447
vt 0.419706 0.080294
vt 0.449553 0.116663
vt 0.471731 0.158156
vt 0.485388 0.203178
vt 0.490000 0.250000
vt 0.485388 0.296822
vt 0.471731 0.341844
vt 0.449553 0.383337
vt 0.419706 0.419706
vt 0.383337 0.449553
vt 0.341844 0.471731
vt 0.031250 1.000000
vt 0.031250 0.500000
vt 0.000000 1.000000
vt 0.000000 0.500000
vt 0.750000 0.490000
vt 0.796822 0.485388
vt 0.841844 0.471731
vt 0.883337 0.449553
vt 0.919706 0.419706
vt 0.949553 0.383337
vt 0.971731 0.341844
vt 0.985388 0.296822
vt 0.990000 0.250000
vt 0.985388 0.203178
vt 0.971731 0.158156
vt 0.949553 0.116663
vt 0.919706 0.080294
vt 0.883337 0.050447
vt 0.841844 0.028269
vt 0.796822 0.014612
vt 0.750000 0.010000
vt 0.703178 0.014612
vt 0.658156 0.028269
vt 0.616663 0.050447
vt 0.580294 0.080294
vt 0.550447 0.116663
vt 0.528269 0.158156
vt 0.514612 0.203178
vt 0.510000 0.250000
vt 0.514612 0.296822
vt 0.528269 0.341844
vt 0.550447 0.383337
vt 0.580294 0.419706
vt 0.616663 0.449553
vt 0.658156 0.471731
vt 0.703178 0.485388
s 1
usemtl None
f 437/805/317 438/806/317 440/807/317 439/808/317
f 439/808/318 440/807/318 442/809/318 441/810/318
f 441/810/319 442/809/319 444/811/319 443/812/319
f 443/812/320 444/811/320 446/813/320 445/814/320
f 445/814/321 446/813/321 448/815/321 447/816/321
f 447/816/322 448/815/322 450/817/322 449/818/322
f 449/818/323 450/817/323 452/819/323 451/820/323
f 451/820/324 452/819/324 454/821/324 453/822/324
f 453/822/325 454/821/325 456/823/325 455/824/325
f 455/824/326 456/823/326 458/825/326 457/826/326
f 457/826/327 458/825/327 460/827/327 459/828/327
f 459/828/328 460/827/328 462/829/328 461/830/328
f 461/830/329 462/829/329 464/831/329 463/832/329
f 463/832/330 464/831/330 466/833/330 465/834/330
f 465/834/331 466/833/331 468/835/331 467/836/331
f 467/836/332 468/835/332 470/837/332 469/838/332
f 469/838/333 470/837/333 472/839/333 471/840/333
f 471/840/334 472/839/334 474/841/334 473/842/334
f 473/842/335 474/841/335 476/843/335 475/844/335
f 475/844/336 476/843/336 478/845/336 477/846/336
f 477/846/337 478/845/337 480/847/337 479/848/337
f 479/848/338 480/847/338 482/849/338 481/850/338
f 481/850/339 482/849/339 484/851/339 483/852/339
f 483/852/340 484/851/340 486/853/340 485/854/340
f 485/854/341 486/853/341 488/855/341 487/856/341
f 487/856/342 488/855/342 490/857/342 489/858/342
f 489/858/343 490/857/343 492/859/343 491/860/343
f 491/860/344 492/859/344 494/861/344 493/862/344
f 493/862/345 494/861/345 496/863/345 495/864/345
f 495/864/346 496/863/346 498/865/346 497/866/346
f 440/867/347 438/868/347 500/869/347 498/870/347 496/871/347 494/872/347 492/873/347 490/874/347 488/875/347 486/876/347 484/877/347 482/878/347 480/879/347 478/880/347 476/881/347 474/882/347 472/883/347 470/884/347 468/885/347 466/886/347 464/887/347 462/888/347 460/889/347 458/890/347 456/891/347 454/892/347 452/893/347 450/894/347 448/895/347 446/896/347 444/897/347 442/898/347
f 497/866/348 498/865/348 500/899/348 499/900/348
f 499/900/349 500/899/349 438/901/349 437/902/349
f 437/903/350 439/904/350 441/905/350 443/906/350 445/907/350 447/908/350 449/909/350 451/910/350 453/911/350 455/912/350 457/913/350 459/914/350 461/915/350 463/916/350 465/917/350 467/918/350 469/919/350 471/920/350 473/921/350 475/922/350 477/923/350 479/924/350 481/925/350 483/926/350 485/927/350 487/928/350 489/929/350 491/930/350 493/931/350 495/932/350 497/933/350 499/934/350
o Cylinder.005_Cylinder.012
v -1.528801 0.606662 1.731663
v -0.789445 0.606662 1.731930
v -1.528827 0.599559 1.803782
v -0.789471 0.599559 1.804050
v -1.528852 0.578522 1.873132
v -0.789496 0.578522 1.873399
v -1.528875 0.544360 1.937045
v -0.789519 0.544360 1.937312
v -1.528895 0.498386 1.993065
v -0.789539 0.498386 1.993332
v -1.528912 0.442366 2.039039
v -0.789556 0.442366 2.039306
v -1.528924 0.378453 2.073200
v -0.789568 0.378453 2.073468
v -1.528932 0.309104 2.094237
v -0.789576 0.309104 2.094505
v -1.528934 0.236984 2.101341
v -0.789579 0.236984 2.101608
v -1.528932 0.164863 2.094237
v -0.789576 0.164863 2.094505
v -1.528924 0.095514 2.073200
v -0.789568 0.095514 2.073468
v -1.528912 0.031602 2.039039
v -0.789556 0.031602 2.039306
v -1.528895 -0.024418 1.993065
v -0.789539 -0.024418 1.993332
v -1.528875 -0.070392 1.937045
v -0.789519 -0.070392 1.937312
v -1.528852 -0.104554 1.873132
v -0.789496 -0.104554 1.873399
v -1.528827 -0.125591 1.803782
v -0.789471 -0.125591 1.804050
v -1.528801 -0.132694 1.731663
v -0.789445 -0.132694 1.731930
v -1.528775 -0.125591 1.659541
v -0.789419 -0.125591 1.659809
v -1.528750 -0.104554 1.590193
v -0.789394 -0.104554 1.590460
v -1.528727 -0.070392 1.526281
v -0.789371 -0.070392 1.526548
v -1.528706 -0.024418 1.470261
v -0.789350 -0.024418 1.470528
v -1.528690 0.031601 1.424286
v -0.789334 0.031601 1.424554
v -1.528677 0.095514 1.390125
v -0.789321 0.095514 1.390392
v -1.528670 0.164863 1.369087
v -0.789314 0.164863 1.369355
v -1.528667 0.236984 1.361984
v -0.789311 0.236984 1.362252
v -1.528670 0.309104 1.369087
v -0.789314 0.309104 1.369355
v -1.528677 0.378453 1.390125
v -0.789321 0.378453 1.390392
v -1.528690 0.442366 1.424286
v -0.789334 0.442366 1.424554
v -1.528706 0.498386 1.470261
v -0.789351 0.498386 1.470528
v -1.528727 0.544360 1.526281
v -0.789371 0.544360 1.526548
v -1.528750 0.578522 1.590193
v -0.789394 0.578522 1.590460
v -1.528775 0.599559 1.659541
v -0.789419 0.599559 1.659809
vn -0.0000 0.9952 0.0980
vn -0.0001 0.9569 0.2903
vn -0.0002 0.8819 0.4714
vn -0.0002 0.7730 0.6344
vn -0.0003 0.6344 0.7730
vn -0.0003 0.4714 0.8819
vn -0.0003 0.2903 0.9569
vn -0.0004 0.0980 0.9952
vn -0.0004 -0.0980 0.9952
vn -0.0003 -0.2903 0.9569
vn -0.0003 -0.4714 0.8819
vn -0.0003 -0.6344 0.7730
vn -0.0002 -0.7730 0.6344
vn -0.0002 -0.8819 0.4714
vn -0.0001 -0.9569 0.2903
vn -0.0000 -0.9952 0.0980
vn -0.0000 -0.9952 -0.0980
vn 0.0001 -0.9569 -0.2903
vn 0.0002 -0.8819 -0.4714
vn 0.0002 -0.7730 -0.6344
vn 0.0003 -0.6344 -0.7730
vn 0.0003 -0.4714 -0.8819
vn 0.0003 -0.2903 -0.9569
vn 0.0004 -0.0980 -0.9952
vn 0.0004 0.0980 -0.9952
vn 0.0003 0.2903 -0.9569
vn 0.0003 0.4714 -0.8819
vn 0.0003 0.6344 -0.7730
vn 0.0002 0.7730 -0.6344
vn 0.0002 0.8819 -0.4714
vn 1.0000 -0.0000 0.0004
vn 0.0001 0.9569 -0.2903
vn -0.0000 0.9952 -0.0980
vn -1.0000 -0.0000 -0.0004
vt 1.000000 0.500000
vt 0.968750 0.500000
vt 0.968750 1.000000
vt 1.000000 1.000000
vt 0.937500 0.500000
vt 0.937500 1.000000
vt 0.906250 0.500000
vt 0.906250 1.000000
vt 0.875000 0.500000
vt 0.875000 1.000000
vt 0.843750 0.500000
vt 0.843750 1.000000
vt 0.812500 0.500000
vt 0.812500 1.000000
vt 0.781250 0.500000
vt 0.781250 1.000000
vt 0.750000 0.500000
vt 0.750000 1.000000
vt 0.718750 0.500000
vt 0.718750 1.000000
vt 0.687500 0.500000
vt 0.687500 1.000000
vt 0.656250 0.500000
vt 0.656250 1.000000
vt 0.625000 0.500000
vt 0.625000 1.000000
vt 0.593750 0.500000
vt 0.593750 1.000000
vt 0.562500 0.500000
vt 0.562500 1.000000
vt 0.531250 0.500000
vt 0.531250 1.000000
vt 0.500000 0.500000
vt 0.500000 1.000000
vt 0.468750 0.500000
vt 0.468750 1.000000
vt 0.437500 0.500000
vt 0.437500 1.000000
vt 0.406250 0.500000
vt 0.406250 1.000000
vt 0.375000 0.500000
vt 0.375000 1.000000
vt 0.343750 0.500000
vt 0.343750 1.000000
vt 0.312500 0.500000
vt 0.312500 1.000000
vt 0.281250 0.500000
vt 0.281250 1.000000
vt 0.250000 0.500000
vt 0.250000 1.000000
vt 0.218750 0.500000
vt 0.218750 1.000000
vt 0.187500 0.500000
vt 0.187500 1.000000
vt 0.156250 0.500000
vt 0.156250 1.000000
vt 0.125000 0.500000
vt 0.125000 1.000000
vt 0.093750 0.500000
vt 0.093750 1.000000
vt 0.062500 0.500000
vt 0.062500 1.000000
vt 0.296822 0.485388
vt 0.341844 0.471731
vt 0.383337 0.449553
vt 0.419706 0.419706
vt 0.449553 0.383337
vt 0.471731 0.341844
vt 0.485388 0.296822
vt 0.490000 0.250000
vt 0.485388 0.203178
vt 0.471731 0.158156
vt 0.449553 0.116663
vt 0.419706 0.080294
vt 0.383337 0.050447
vt 0.341844 0.028269
vt 0.296822 0.014612
vt 0.250000 0.010000
vt 0.203178 0.014612
vt 0.158156 0.028269
vt 0.116663 0.050447
vt 0.080294 0.080294
vt 0.050447 0.116663
vt 0.028269 0.158156
vt 0.014612 0.203178
vt 0.010000 0.250000
vt 0.014612 0.296822
vt 0.028269 0.341844
vt 0.050447 0.383337
vt 0.080294 0.419706
vt 0.116663 0.449553
vt 0.158156 0.471731
vt 0.203178 0.485388
vt 0.250000 0.490000
vt 0.031250 0.500000
vt 0.031250 1.000000
vt 0.000000 0.500000
vt 0.000000 1.000000
vt 0.750000 0.490000
vt 0.703178 0.485388
vt 0.658156 0.471731
vt 0.616663 0.449553
vt 0.580294 0.419706
vt 0.550447 0.383337
vt 0.528269 0.341844
vt 0.514612 0.296822
vt 0.510000 0.250000
vt 0.514612 0.203178
vt 0.528269 0.158156
vt 0.550447 0.116663
vt 0.580294 0.080294
vt 0.616663 0.050447
vt 0.658156 0.028269
vt 0.703178 0.014612
vt 0.750000 0.010000
vt 0.796822 0.014612
vt 0.841844 0.028269
vt 0.883337 0.050447
vt 0.919706 0.080294
vt 0.949553 0.116663
vt 0.971731 0.158156
vt 0.985388 0.203178
vt 0.990000 0.250000
vt 0.985388 0.296822
vt 0.971731 0.341844
vt 0.949553 0.383337
vt 0.919706 0.419706
vt 0.883337 0.449553
vt 0.841844 0.471731
vt 0.796822 0.485388
s 1
usemtl None
f 501/935/351 503/936/351 504/937/351 502/938/351
f 503/936/352 505/939/352 506/940/352 504/937/352
f 505/939/353 507/941/353 508/942/353 506/940/353
f 507/941/354 509/943/354 510/944/354 508/942/354
f 509/943/355 511/945/355 512/946/355 510/944/355
f 511/945/356 513/947/356 514/948/356 512/946/356
f 513/947/357 515/949/357 516/950/357 514/948/357
f 515/949/358 517/951/358 518/952/358 516/950/358
f 517/951/359 519/953/359 520/954/359 518/952/359
f 519/953/360 521/955/360 522/956/360 520/954/360
f 521/955/361 523/957/361 524/958/361 522/956/361
f 523/957/362 525/959/362 526/960/362 524/958/362
f 525/959/363 527/961/363 528/962/363 526/960/363
f 527/961/364 529/963/364 530/964/364 528/962/364
f 529/963/365 531/965/365 532/966/365 530/964/365
f 531/965/366 533/967/366 534/968/366 532/966/366
f 533/967/367 535/969/367 536/970/367 534/968/367
f 535/969/368 537/971/368 538/972/368 536/970/368
f 537/971/369 539/973/369 540/974/369 538/972/369
f 539/973/370 541/975/370 542/976/370 540/974/370
f 541/975/371 543/977/371 544/978/371 542/976/371
f 543/977/372 545/979/372 546/980/372 544/978/372
f 545/979/373 547/981/373 548/982/373 546/980/373
f 547/981/374 549/983/374 550/984/374 548/982/374
f 549/983/375 551/985/375 552/986/375 550/984/375
f 551/985/376 553/987/376 554/988/376 552/986/376
f 553/987/377 555/989/377 556/990/377 554/988/377
f 555/989/378 557/991/378 558/992/378 556/990/378
f 557/991/379 559/993/379 560/994/379 558/992/379
f 559/993/380 561/995/380 562/996/380 560/994/380
f 504/997/381 506/998/381 508/999/381 510/1000/381 512/1001/381 514/1002/381 516/1003/381 518/1004/381 520/1005/381 522/1006/381 524/1007/381 526/1008/381 528/1009/381 530/1010/381 532/1011/381 534/1012/381 536/1013/381 538/1014/381 540/1015/381 542/1016/381 544/1017/381 546/1018/381 548/1019/381 550/1020/381 552/1021/381 554/1022/381 556/1023/381 558/1024/381 560/1025/381 562/1026/381 564/1027/381 502/1028/381
f 561/995/382 563/1029/382 564/1030/382 562/996/382
f 563/1029/383 501/1031/383 502/1032/383 564/1030/383
f 501/1033/384 563/1034/384 561/1035/384 559/1036/384 557/1037/384 555/1038/384 553/1039/384 551/1040/384 549/1041/384 547/1042/384 545/1043/384 543/1044/384 541/1045/384 539/1046/384 537/1047/384 535/1048/384 533/1049/384 531/1050/384 529/1051/384 527/1052/384 525/1053/384 523/1054/384 521/1055/384 519/1056/384 517/1057/384 515/1058/384 513/1059/384 511/1060/384 509/1061/384 507/1062/384 505/1063/384 503/1064/384
o Cylinder.006_Cylinder.013
v 1.157301 0.606662 -0.544006
v 1.896657 0.606662 -0.543738
v 1.157327 0.599559 -0.616126
v 1.896683 0.599559 -0.615858
v 1.157352 0.578522 -0.685475
v 1.896708 0.578522 -0.685207
v 1.157375 0.544360 -0.749388
v 1.896731 0.544360 -0.749120
v 1.157395 0.498386 -0.805408
v 1.896751 0.498386 -0.805140
v 1.157412 0.442366 -0.851382
v 1.896768 0.442366 -0.851114
v 1.157424 0.378453 -0.885544
v 1.896780 0.378453 -0.885276
v 1.157432 0.309104 -0.906581
v 1.896788 0.309104 -0.906313
v 1.157435 0.236984 -0.913684
v 1.896791 0.236984 -0.913416
v 1.157432 0.164863 -0.906581
v 1.896788 0.164863 -0.906313
v 1.157424 0.095514 -0.885544
v 1.896780 0.095514 -0.885276
v 1.157412 0.031602 -0.851382
v 1.896768 0.031602 -0.851114
v 1.157396 -0.024418 -0.805408
v 1.896751 -0.024418 -0.805140
v 1.157375 -0.070392 -0.749388
v 1.896731 -0.070392 -0.749120
v 1.157352 -0.104554 -0.685475
v 1.896708 -0.104554 -0.685207
v 1.157327 -0.125591 -0.616126
v 1.896683 -0.125591 -0.615858
v 1.157301 -0.132694 -0.544006
v 1.896657 -0.132694 -0.543738
v 1.157275 -0.125591 -0.471884
v 1.896631 -0.125591 -0.471617
v 1.157250 -0.104554 -0.402536
v 1.896606 -0.104554 -0.402268
v 1.157227 -0.070392 -0.338624
v 1.896583 -0.070392 -0.338356
v 1.157207 -0.024418 -0.282604
v 1.896562 -0.024418 -0.282336
v 1.157190 0.031601 -0.236630
v 1.896546 0.031601 -0.236362
v 1.157178 0.095514 -0.202468
v 1.896533 0.095514 -0.202200
v 1.157170 0.164863 -0.181431
v 1.896526 0.164863 -0.181163
v 1.157167 0.236984 -0.174328
v 1.896523 0.236984 -0.174060
v 1.157170 0.309104 -0.181431
v 1.896526 0.309104 -0.181163
v 1.157178 0.378453 -0.202468
v 1.896533 0.378453 -0.202200
v 1.157190 0.442366 -0.236630
v 1.896546 0.442366 -0.236362
v 1.157207 0.498386 -0.282604
v 1.896562 0.498386 -0.282336
v 1.157227 0.544360 -0.338624
v 1.896583 0.544360 -0.338356
v 1.157250 0.578522 -0.402536
v 1.896606 0.578522 -0.402268
v 1.157275 0.599559 -0.471884
v 1.896631 0.599559 -0.471617
vn -0.0000 0.9952 -0.0980
vn 0.0001 0.9569 -0.2903
vn 0.0002 0.8819 -0.4714
vn 0.0002 0.7730 -0.6344
vn 0.0003 0.6344 -0.7730
vn 0.0003 0.4714 -0.8819
vn 0.0003 0.2903 -0.9569
vn 0.0004 0.0980 -0.9952
vn 0.0004 -0.0980 -0.9952
vn 0.0003 -0.2903 -0.9569
vn 0.0003 -0.4714 -0.8819
vn 0.0003 -0.6344 -0.7730
vn 0.0002 -0.7730 -0.6344
vn 0.0002 -0.8819 -0.4714
vn 0.0001 -0.9569 -0.2903
vn -0.0000 -0.9952 -0.0980
vn -0.0000 -0.9952 0.0980
vn -0.0001 -0.9569 0.2903
vn -0.0002 -0.8819 0.4714
vn -0.0002 -0.7730 0.6344
vn -0.0003 -0.6344 0.7730
vn -0.0003 -0.4714 0.8819
vn -0.0003 -0.2903 0.9569
vn -0.0004 -0.0980 0.9952
vn -0.0004 0.0980 0.9952
vn -0.0003 0.2903 0.9569
vn -0.0003 0.4714 0.8819
vn -0.0003 0.6344 0.7730
vn -0.0002 0.7730 0.6344
vn -0.0002 0.8819 0.4714
vn 1.0000 -0.0000 0.0004
vn -0.0001 0.9569 0.2903
vn -0.0000 0.9952 0.0980
vn -1.0000 -0.0000 -0.0004
vt 1.000000 0.500000
vt 1.000000 1.000000
vt 0.968750 1.000000
vt 0.968750 0.500000
vt 0.937500 1.000000
vt 0.937500 0.500000
vt 0.906250 1.000000
vt 0.906250 0.500000
vt 0.875000 1.000000
vt 0.875000 0.500000
vt 0.843750 1.000000
vt 0.843750 0.500000
vt 0.812500 1.000000
vt 0.812500 0.500000
vt 0.781250 1.000000
vt 0.781250 0.500000
vt 0.750000 1.000000
vt 0.750000 0.500000
vt 0.718750 1.000000
vt 0.718750 0.500000
vt 0.687500 1.000000
vt 0.687500 0.500000
vt 0.656250 1.000000
vt 0.656250 0.500000
vt 0.625000 1.000000
vt 0.625000 0.500000
vt 0.593750 1.000000
vt 0.593750 0.500000
vt 0.562500 1.000000
vt 0.562500 0.500000
vt 0.531250 1.000000
vt 0.531250 0.500000
vt 0.500000 1.000000
vt 0.500000 0.500000
vt 0.468750 1.000000
vt 0.468750 0.500000
vt 0.437500 1.000000
vt 0.437500 0.500000
vt 0.406250 1.000000
vt 0.406250 0.500000
vt 0.375000 1.000000
vt 0.375000 0.500000
vt 0.343750 1.000000
vt 0.343750 0.500000
vt 0.312500 1.000000
vt 0.312500 0.500000
vt 0.281250 1.000000
vt 0.281250 0.500000
vt 0.250000 1.000000
vt 0.250000 0.500000
vt 0.218750 1.000000
vt 0.218750 0.500000
vt 0.187500 1.000000
vt 0.187500 0.500000
vt 0.156250 1.000000
vt 0.156250 0.500000
vt 0.125000 1.000000
vt 0.125000 0.500000
vt 0.093750 1.000000
vt 0.093750 0.500000
vt 0.062500 1.000000
vt 0.062500 0.500000
vt 0.296822 0.485388
vt 0.250000 0.490000
vt 0.203178 0.485388
vt 0.158156 0.471731
vt 0.116663 0.449553
vt 0.080294 0.419706
vt 0.050447 0.383337
vt 0.028269 0.341844
vt 0.014612 0.296822
vt 0.010000 0.250000
vt 0.014612 0.203178
vt 0.028269 0.158156
vt 0.050447 0.116663
vt 0.080294 0.080294
vt 0.116663 0.050447
vt 0.158156 0.028269
vt 0.203178 0.014612
vt 0.250000 0.010000
vt 0.296822 0.014612
vt 0.341844 0.028269
vt 0.383337 0.050447
vt 0.419706 0.080294
vt 0.449553 0.116663
vt 0.471731 0.158156
vt 0.485388 0.203178
vt 0.490000 0.250000
vt 0.485388 0.296822
vt 0.471731 0.341844
vt 0.449553 0.383337
vt 0.419706 0.419706
vt 0.383337 0.449553
vt 0.341844 0.471731
vt 0.031250 1.000000
vt 0.031250 0.500000
vt 0.000000 1.000000
vt 0.000000 0.500000
vt 0.750000 0.490000
vt 0.796822 0.485388
vt 0.841844 0.471731
vt 0.883337 0.449553
vt 0.919706 0.419706
vt 0.949553 0.383337
vt 0.971731 0.341844
vt 0.985388 0.296822
vt 0.990000 0.250000
vt 0.985388 0.203178
vt 0.971731 0.158156
vt 0.949553 0.116663
vt 0.919706 0.080294
vt 0.883337 0.050447
vt 0.841844 0.028269
vt 0.796822 0.014612
vt 0.750000 0.010000
vt 0.703178 0.014612
vt 0.658156 0.028269
vt 0.616663 0.050447
vt 0.580294 0.080294
vt 0.550447 0.116663
vt 0.528269 0.158156
vt 0.514612 0.203178
vt 0.510000 0.250000
vt 0.514612 0.296822
vt 0.528269 0.341844
vt 0.550447 0.383337
vt 0.580294 0.419706
vt 0.616663 0.449553
vt 0.658156 0.471731
vt 0.703178 0.485388
s 1
usemtl None
f 565/1065/385 566/1066/385 568/1067/385 567/1068/385
f 567/1068/386 568/1067/386 570/1069/386 569/1070/386
f 569/1070/387 570/1069/387 572/1071/387 571/1072/387
f 571/1072/388 572/1071/388 574/1073/388 573/1074/388
f 573/1074/389 574/1073/389 576/1075/389 575/1076/389
f 575/1076/390 576/1075/390 578/1077/390 577/1078/390
f 577/1078/391 578/1077/391 580/1079/391 579/1080/391
f 579/1080/392 580/1079/392 582/1081/392 581/1082/392
f 581/1082/393 582/1081/393 584/1083/393 583/1084/393
f 583/1084/394 584/1083/394 586/1085/394 585/1086/394
f 585/1086/395 586/1085/395 588/1087/395 587/1088/395
f 587/1088/396 588/1087/396 590/1089/396 589/1090/396
f 589/1090/397 590/1089/397 592/1091/397 591/1092/397
f 591/1092/398 592/1091/398 594/1093/398 593/1094/398
f 593/1094/399 594/1093/399 596/1095/399 595/1096/399
f 595/1096/400 596/1095/400 598/1097/400 597/1098/400
f 597/1098/401 598/1097/401 600/1099/401 599/1100/401
f 599/1100/402 600/1099/402 602/1101/402 601/1102/402
f 601/1102/403 602/1101/403 604/1103/403 603/1104/403
f 603/1104/404 604/1103/404 606/1105/404 605/1106/404
f 605/1106/405 606/1105/405 608/1107/405 607/1108/405
f 607/1108/406 608/1107/406 610/1109/406 609/1110/406
f 609/1110/407 610/1109/407 612/1111/407 611/1112/407
f 611/1112/408 612/1111/408 614/1113/408 613/1114/408
f 613/1114/409 614/1113/409 616/1115/409 615/1116/409
f 615/1116/410 616/1115/410 618/1117/410 617/1118/410
f 617/1118/411 618/1117/411 620/1119/411 619/1120/411
f 619/1120/412 620/1119/412 622/1121/412 621/1122/412
f 621/1122/413 622/1121/413 624/1123/413 623/1124/413
f 623/1124/414 624/1123/414 626/1125/414 625/1126/414
f 568/1127/415 566/1128/415 628/1129/415 626/1130/415 624/1131/415 622/1132/415 620/1133/415 618/1134/415 616/1135/415 614/1136/415 612/1137/415 610/1138/415 608/1139/415 606/1140/415 604/1141/415 602/1142/415 600/1143/415 598/1144/415 596/1145/415 594/1146/415 592/1147/415 590/1148/415 588/1149/415 586/1150/415 584/1151/415 582/1152/415 580/1153/415 578/1154/415 576/1155/415 574/1156/415 572/1157/415 570/1158/415
f 625/1126/416 626/1125/416 628/1159/416 627/1160/416
f 627/1160/417 628/1159/417 566/1161/417 565/1162/417
f 565/1163/418 567/1164/418 569/1165/418 571/1166/418 573/1167/418 575/1168/418 577/1169/418 579/1170/418 581/1171/418 583/1172/418 585/1173/418 587/1174/418 589/1175/418 591/1176/418 593/1177/418 595/1178/418 597/1179/418 599/1180/418 601/1181/418 603/1182/418 605/1183/418 607/1184/418 609/1185/418 611/1186/418 613/1187/418 615/1188/418 617/1189/418 619/1190/418 621/1191/418 623/1192/418 625/1193/418 627/1194/418
o Cylinder.007_Cylinder.014
v 1.156752 0.606662 0.975319
v 1.896108 0.606662 0.975587
v 1.156726 0.599559 1.047440
v 1.896082 0.599559 1.047708
v 1.156701 0.578522 1.116789
v 1.896057 0.578522 1.117057
v 1.156677 0.544360 1.180701
v 1.896033 0.544360 1.180969
v 1.156657 0.498386 1.236721
v 1.896013 0.498386 1.236989
v 1.156641 0.442366 1.282695
v 1.895997 0.442366 1.282963
v 1.156628 0.378453 1.316857
v 1.895984 0.378453 1.317125
v 1.156621 0.309104 1.337894
v 1.895977 0.309104 1.338162
v 1.156618 0.236984 1.344997
v 1.895974 0.236984 1.345265
v 1.156621 0.164863 1.337894
v 1.895977 0.164863 1.338162
v 1.156628 0.095514 1.316857
v 1.895984 0.095514 1.317125
v 1.156641 0.031602 1.282695
v 1.895997 0.031602 1.282963
v 1.156657 -0.024418 1.236721
v 1.896013 -0.024418 1.236989
v 1.156677 -0.070392 1.180701
v 1.896033 -0.070392 1.180969
v 1.156701 -0.104554 1.116789
v 1.896057 -0.104554 1.117057
v 1.156726 -0.125591 1.047439
v 1.896082 -0.125591 1.047707
v 1.156752 -0.132694 0.975319
v 1.896108 -0.132694 0.975587
v 1.156778 -0.125591 0.903198
v 1.896134 -0.125591 0.903466
v 1.156803 -0.104554 0.833849
v 1.896159 -0.104554 0.834117
v 1.156826 -0.070392 0.769937
v 1.896182 -0.070392 0.770205
v 1.156846 -0.024418 0.713917
v 1.896202 -0.024418 0.714185
v 1.156863 0.031601 0.667943
v 1.896219 0.031601 0.668211
v 1.156875 0.095514 0.633781
v 1.896231 0.095514 0.634049
v 1.156883 0.164863 0.612744
v 1.896239 0.164863 0.613012
v 1.156885 0.236984 0.605641
v 1.896241 0.236984 0.605909
v 1.156883 0.309104 0.612744
v 1.896239 0.309104 0.613012
v 1.156875 0.378453 0.633781
v 1.896231 0.378453 0.634049
v 1.156863 0.442366 0.667943
v 1.896219 0.442366 0.668211
v 1.156846 0.498386 0.713917
v 1.896202 0.498386 0.714185
v 1.156826 0.544360 0.769937
v 1.896182 0.544360 0.770205
v 1.156803 0.578522 0.833849
v 1.896159 0.578522 0.834117
v 1.156778 0.599559 0.903198
v 1.896134 0.599559 0.903466
vn -0.0000 0.9952 0.0980
vn -0.0001 0.9569 0.2903
vn -0.0002 0.8819 0.4714
vn -0.0002 0.7730 0.6344
vn -0.0003 0.6344 0.7730
vn -0.0003 0.4714 0.8819
vn -0.0003 0.2903 0.9569
vn -0.0004 0.0980 0.9952
vn -0.0004 -0.0980 0.9952
vn -0.0003 -0.2903 0.9569
vn -0.0003 -0.4714 0.8819
vn -0.0003 -0.6344 0.7730
vn -0.0002 -0.7730 0.6344
vn -0.0002 -0.8819 0.4714
vn -0.0001 -0.9569 0.2903
vn -0.0000 -0.9952 0.0980
vn -0.0000 -0.9952 -0.0980
vn 0.0001 -0.9569 -0.2903
vn 0.0002 -0.8819 -0.4714
vn 0.0002 -0.7730 -0.6344
vn 0.0003 -0.6344 -0.7730
vn 0.0003 -0.4714 -0.8819
vn 0.0003 -0.2903 -0.9569
vn 0.0004 -0.0980 -0.9952
vn 0.0004 0.0980 -0.9952
vn 0.0003 0.2903 -0.9569
vn 0.0003 0.4714 -0.8819
vn 0.0003 0.6344 -0.7730
vn 0.0002 0.7730 -0.6344
vn 0.0002 0.8819 -0.4714
vn 1.0000 -0.0000 0.0004
vn 0.0001 0.9569 -0.2903
vn -0.0000 0.9952 -0.0980
vn -1.0000 -0.0000 -0.0004
vt 1.000000 0.500000
vt 0.968750 0.500000
vt 0.968750 1.000000
vt 1.000000 1.000000
vt 0.937500 0.500000
vt 0.937500 1.000000
vt 0.906250 0.500000
vt 0.906250 1.000000
vt 0.875000 0.500000
vt 0.875000 1.000000
vt 0.843750 0.500000
vt 0.843750 1.000000
vt 0.812500 0.500000
vt 0.812500 1.000000
vt 0.781250 0.500000
vt 0.781250 1.000000
vt 0.750000 0.500000
vt 0.750000 1.000000
vt 0.718750 0.500000
vt 0.718750 1.000000
vt 0.687500 0.500000
vt 0.687500 1.000000
vt 0.656250 0.500000
vt 0.656250 1.000000
vt 0.625000 0.500000
vt 0.625000 1.000000
vt 0.593750 0.500000
vt 0.593750 1.000000
vt 0.562500 0.500000
vt 0.562500 1.000000
vt 0.531250 0.500000
vt 0.531250 1.000000
vt 0.500000 0.500000
vt 0.500000 1.000000
vt 0.468750 0.500000
vt 0.468750 1.000000
vt 0.437500 0.500000
vt 0.437500 1.000000
vt 0.406250 0.500000
vt 0.406250 1.000000
vt 0.375000 0.500000
vt 0.375000 1.000000
vt 0.343750 0.500000
vt 0.343750 1.000000
vt 0.312500 0.500000
vt 0.312500 1.000000
vt 0.281250 0.500000
vt 0.281250 1.000000
vt 0.250000 0.500000
vt 0.250000 1.000000
vt 0.218750 0.500000
vt 0.218750 1.000000
vt 0.187500 0.500000
vt 0.187500 1.000000
vt 0.156250 0.500000
vt 0.156250 1.000000
vt 0.125000 0.500000
vt 0.125000 1.000000
vt 0.093750 0.500000
vt 0.093750 1.000000
vt 0.062500 0.500000
vt 0.062500 1.000000
vt 0.296822 0.485388
vt 0.341844 0.471731
vt 0.383337 0.449553
vt 0.419706 0.419706
vt 0.449553 0.383337
vt 0.471731 0.341844
vt 0.485388 0.296822
vt 0.490000 0.250000
vt 0.485388 0.203178
vt 0.471731 0.158156
vt 0.449553 0.116663
vt 0.419706 0.080294
vt 0.383337 0.050447
vt 0.341844 0.028269
vt 0.296822 0.014612
vt 0.250000 0.010000
vt 0.203178 0.014612
vt 0.158156 0.028269
vt 0.116663 0.050447
vt 0.080294 0.080294
vt 0.050447 0.116663
vt 0.028269 0.158156
vt 0.014612 0.203178
vt 0.010000 0.250000
vt 0.014612 0.296822
vt 0.028269 0.341844
vt 0.050447 0.383337
vt 0.080294 0.419706
vt 0.116663 0.449553
vt 0.158156 0.471731
vt 0.203178 0.485388
vt 0.250000 0.490000
vt 0.031250 0.500000
vt 0.031250 1.000000
vt 0.000000 0.500000
vt 0.000000 1.000000
vt 0.750000 0.490000
vt 0.703178 0.485388
vt 0.658156 0.471731
vt 0.616663 0.449553
vt 0.580294 0.419706
vt 0.550447 0.383337
vt 0.528269 0.341844
vt 0.514612 0.296822
vt 0.510000 0.250000
vt 0.514612 0.203178
vt 0.528269 0.158156
vt 0.550447 0.116663
vt 0.580294 0.080294
vt 0.616663 0.050447
vt 0.658156 0.028269
vt 0.703178 0.014612
vt 0.750000 0.010000
vt 0.796822 0.014612
vt 0.841844 0.028269
vt 0.883337 0.050447
vt 0.919706 0.080294
vt 0.949553 0.116663
vt 0.971731 0.158156
vt 0.985388 0.203178
vt 0.990000 0.250000
vt 0.985388 0.296822
vt 0.971731 0.341844
vt 0.949553 0.383337
vt 0.919706 0.419706
vt 0.883337 0.449553
vt 0.841844 0.471731
vt 0.796822 0.485388
s 1
usemtl None
f 629/1195/419 631/1196/419 632/1197/419 630/1198/419
f 631/1196/420 633/1199/420 634/1200/420 632/1197/420
f 633/1199/421 635/1201/421 636/1202/421 634/1200/421
f 635/1201/422 637/1203/422 638/1204/422 636/1202/422
f 637/1203/423 639/1205/423 640/1206/423 638/1204/423
f 639/1205/424 641/1207/424 642/1208/424 640/1206/424
f 641/1207/425 643/1209/425 644/1210/425 642/1208/425
f 643/1209/426 645/1211/426 646/1212/426 644/1210/426
f 645/1211/427 647/1213/427 648/1214/427 646/1212/427
f 647/1213/428 649/1215/428 650/1216/428 648/1214/428
f 649/1215/429 651/1217/429 652/1218/429 650/1216/429
f 651/1217/430 653/1219/430 654/1220/430 652/1218/430
f 653/1219/431 655/1221/431 656/1222/431 654/1220/431
f 655/1221/432 657/1223/432 658/1224/432 656/1222/432
f 657/1223/433 659/1225/433 660/1226/433 658/1224/433
f 659/1225/434 661/1227/434 662/1228/434 660/1226/434
f 661/1227/435 663/1229/435 664/1230/435 662/1228/435
f 663/1229/436 665/1231/436 666/1232/436 664/1230/436
f 665/1231/437 667/1233/437 668/1234/437 666/1232/437
f 667/1233/438 669/1235/438 670/1236/438 668/1234/438
f 669/1235/439 671/1237/439 672/1238/439 670/1236/439
f 671/1237/440 673/1239/440 674/1240/440 672/1238/440
f 673/1239/441 675/1241/441 676/1242/441 674/1240/441
f 675/1241/442 677/1243/442 678/1244/442 676/1242/442
f 677/1243/443 679/1245/443 680/1246/443 678/1244/443
f 679/1245/444 681/1247/444 682/1248/444 680/1246/444
f 681/1247/445 683/1249/445 684/1250/445 682/1248/445
f 683/1249/446 685/1251/446 686/1252/446 684/1250/446
f 685/1251/447 687/1253/447 688/1254/447 686/1252/447
f 687/1253/448 689/1255/448 690/1256/448 688/1254/448
f 632/1257/449 634/1258/449 636/1259/449 638/1260/449 640/1261/449 642/1262/449 644/1263/449 646/1264/449 648/1265/449 650/1266/449 652/1267/449 654/1268/449 656/1269/449 658/1270/449 660/1271/449 662/1272/449 664/1273/449 666/1274/449 668/1275/449 670/1276/449 672/1277/449 674/1278/449 676/1279/449 678/1280/449 680/1281/449 682/1282/449 684/1283/449 686/1284/449 688/1285/449 690/1286/449 692/1287/449 630/1288/449
f 689/1255/450 691/1289/450 692/1290/450 690/1256/450
f 691/1289/451 629/1291/451 630/1292/451 692/1290/451
f 629/1293/452 691/1294/452 689/1295/452 687/1296/452 685/1297/452 683/1298/452 681/1299/452 679/1300/452 677/1301/452 675/1302/452 673/1303/452 671/1304/452 669/1305/452 667/1306/452 665/1307/452 663/1308/452 661/1309/452 659/1310/452 657/1311/452 655/1312/452 653/1313/452 651/1314/452 649/1315/452 647/1316/452 645/1317/452 643/1318/452 641/1319/452 639/1320/452 637/1321/452 635/1322/452 633/1323/452 631/1324/452
o Cylinder.008_Cylinder.015
v 1.157030 0.606662 0.205046
v 1.896386 0.606662 0.205314
v 1.157056 0.599559 0.132925
v 1.896412 0.599559 0.133193
v 1.157081 0.578522 0.063576
v 1.896437 0.578522 0.063844
v 1.157104 0.544360 -0.000336
v 1.896460 0.544360 -0.000068
v 1.157125 0.498386 -0.056356
v 1.896481 0.498386 -0.056088
v 1.157141 0.442366 -0.102330
v 1.896497 0.442366 -0.102062
v 1.157154 0.378453 -0.136492
v 1.896510 0.378453 -0.136224
v 1.157161 0.309104 -0.157529
v 1.896517 0.309104 -0.157261
v 1.157164 0.236984 -0.164632
v 1.896520 0.236984 -0.164364
v 1.157161 0.164863 -0.157529
v 1.896517 0.164863 -0.157261
v 1.157154 0.095514 -0.136492
v 1.896510 0.095514 -0.136224
v 1.157141 0.031602 -0.102330
v 1.896497 0.031602 -0.102062
v 1.157125 -0.024418 -0.056356
v 1.896481 -0.024418 -0.056088
v 1.157104 -0.070392 -0.000336
v 1.896460 -0.070392 -0.000068
v 1.157081 -0.104554 0.063576
v 1.896437 -0.104554 0.063844
v 1.157056 -0.125591 0.132925
v 1.896412 -0.125591 0.133193
v 1.157030 -0.132694 0.205046
v 1.896386 -0.132694 0.205314
v 1.157004 -0.125591 0.277166
v 1.896360 -0.125591 0.277434
v 1.156979 -0.104554 0.346516
v 1.896335 -0.104554 0.346784
v 1.156956 -0.070392 0.410428
v 1.896312 -0.070392 0.410696
v 1.156936 -0.024418 0.466448
v 1.896292 -0.024418 0.466716
v 1.156919 0.031601 0.512422
v 1.896275 0.031601 0.512690
v 1.156907 0.095514 0.546584
v 1.896263 0.095514 0.546852
v 1.156899 0.164863 0.567621
v 1.896255 0.164863 0.567889
v 1.156897 0.236984 0.574724
v 1.896253 0.236984 0.574992
v 1.156899 0.309104 0.567621
v 1.896255 0.309104 0.567889
v 1.156907 0.378453 0.546584
v 1.896263 0.378453 0.546852
v 1.156919 0.442366 0.512422
v 1.896275 0.442366 0.512690
v 1.156936 0.498386 0.466448
v 1.896292 0.498386 0.466716
v 1.156956 0.544360 0.410428
v 1.896312 0.544360 0.410696
v 1.156979 0.578522 0.346516
v 1.896335 0.578522 0.346784
v 1.157004 0.599559 0.277166
v 1.896360 0.599559 0.277434
vn -0.0000 0.9952 -0.0980
vn 0.0001 0.9569 -0.2903
vn 0.0002 0.8819 -0.4714
vn 0.0002 0.7730 -0.6344
vn 0.0003 0.6344 -0.7730
vn 0.0003 0.4714 -0.8819
vn 0.0003 0.2903 -0.9569
vn 0.0004 0.0980 -0.9952
vn 0.0004 -0.0980 -0.9952
vn 0.0003 -0.2903 -0.9569
vn 0.0003 -0.4714 -0.8819
vn 0.0003 -0.6344 -0.7730
vn 0.0002 -0.7730 -0.6344
vn 0.0002 -0.8819 -0.4714
vn 0.0001 -0.9569 -0.2903
vn -0.0000 -0.9952 -0.0980
vn -0.0000 -0.9952 0.0980
vn -0.0001 -0.9569 0.2903
vn -0.0002 -0.8819 0.4714
vn -0.0002 -0.7730 0.6344
vn -0.0003 -0.6344 0.7730
vn -0.0003 -0.4714 0.8819
vn -0.0003 -0.2903 0.9569
vn -0.0004 -0.0980 0.9952
vn -0.0004 0.0980 0.9952
vn -0.0003 0.2903 0.9569
vn -0.0003 0.4714 0.8819
vn -0.0003 0.6344 0.7730
vn -0.0002 0.7730 0.6344
vn -0.0002 0.8819 0.4714
vn 1.0000 -0.0000 0.0004
vn -0.0001 0.9569 0.2903
vn -0.0000 0.9952 0.0980
vn -1.0000 -0.0000 -0.0004
vt 1.000000 0.500000
vt 1.000000 1.000000
vt 0.968750 1.000000
vt 0.968750 0.500000
vt 0.937500 1.000000
vt 0.937500 0.500000
vt 0.906250 1.000000
vt 0.906250 0.500000
vt 0.875000 1.000000
vt 0.875000 0.500000
vt 0.843750 1.000000
vt 0.843750 0.500000
vt 0.812500 1.000000
vt 0.812500 0.500000
vt 0.781250 1.000000
vt 0.781250 0.500000
vt 0.750000 1.000000
vt 0.750000 0.500000
vt 0.718750 1.000000
vt 0.718750 0.500000
vt 0.687500 1.000000
vt 0.687500 0.500000
vt 0.656250 1.000000
vt 0.656250 0.500000
vt 0.625000 1.000000
vt 0.625000 0.500000
vt 0.593750 1.000000
vt 0.593750 0.500000
vt 0.562500 1.000000
vt 0.562500 0.500000
vt 0.531250 1.000000
vt 0.531250 0.500000
vt 0.500000 1.000000
vt 0.500000 0.500000
vt 0.468750 1.000000
vt 0.468750 0.500000
vt 0.437500 1.000000
vt 0.437500 0.500000
vt 0.406250 1.000000
vt 0.406250 0.500000
vt 0.375000 1.000000
vt 0.375000 0.500000
vt 0.343750 1.000000
vt 0.343750 0.500000
vt 0.312500 1.000000
vt 0.312500 0.500000
vt 0.281250 1.000000
vt 0.281250 0.500000
vt 0.250000 1.000000
vt 0.250000 0.500000
vt 0.218750 1.000000
vt 0.218750 0.500000
vt 0.187500 1.000000
vt 0.187500 0.500000
vt 0.156250 1.000000
vt 0.156250 0.500000
vt 0.125000 1.000000
vt 0.125000 0.500000
vt 0.093750 1.000000
vt 0.093750 0.500000
vt 0.062500 1.000000
vt 0.062500 0.500000
vt 0.296822 0.485388
vt 0.250000 0.490000
vt 0.203178 0.485388
vt 0.158156 0.471731
vt 0.116663 0.449553
vt 0.080294 0.419706
vt 0.050447 0.383337
vt 0.028269 0.341844
vt 0.014612 0.296822
vt 0.010000 0.250000
vt 0.014612 0.203178
vt 0.028269 0.158156
vt 0.050447 0.116663
vt 0.080294 0.080294
vt 0.116663 0.050447
vt 0.158156 0.028269
vt 0.203178 0.014612
vt 0.250000 0.010000
vt 0.296822 0.014612
vt 0.341844 0.028269
vt 0.383337 0.050447
vt 0.419706 0.080294
vt 0.449553 0.116663
vt 0.471731 0.158156
vt 0.485388 0.203178
vt 0.490000 0.250000
vt 0.485388 0.296822
vt 0.471731 0.341844
vt 0.449553 0.383337
vt 0.419706 0.419706
vt 0.383337 0.449553
vt 0.341844 0.471731
vt 0.031250 1.000000
vt 0.031250 0.500000
vt 0.000000 1.000000
vt 0.000000 0.500000
vt 0.750000 0.490000
vt 0.796822 0.485388
vt 0.841844 0.471731
vt 0.883337 0.449553
vt 0.919706 0.419706
vt 0.949553 0.383337
vt 0.971731 0.341844
vt 0.985388 0.296822
vt 0.990000 0.250000
vt 0.985388 0.203178
vt 0.971731 0.158156
vt 0.949553 0.116663
vt 0.919706 0.080294
vt 0.883337 0.050447
vt 0.841844 0.028269
vt 0.796822 0.014612
vt 0.750000 0.010000
vt 0.703178 0.014612
vt 0.658156 0.028269
vt 0.616663 0.050447
vt 0.580294 0.080294
vt 0.550447 0.116663
vt 0.528269 0.158156
vt 0.514612 0.203178
vt 0.510000 0.250000
vt 0.514612 0.296822
vt 0.528269 0.341844
vt 0.550447 0.383337
vt 0.580294 0.419706
vt 0.616663 0.449553
vt 0.658156 0.471731
vt 0.703178 0.485388
s 1
usemtl None
f 693/1325/453 694/1326/453 696/1327/453 695/1328/453
f 695/1328/454 696/1327/454 698/1329/454 697/1330/454
f 697/1330/455 698/1329/455 700/1331/455 699/1332/455
f 699/1332/456 700/1331/456 702/1333/456 701/1334/456
f 701/1334/457 702/1333/457 704/1335/457 703/1336/457
f 703/1336/458 704/1335/458 706/1337/458 705/1338/458
f 705/1338/459 706/1337/459 708/1339/459 707/1340/459
f 707/1340/460 708/1339/460 710/1341/460 709/1342/460
f 709/1342/461 710/1341/461 712/1343/461 711/1344/461
f 711/1344/462 712/1343/462 714/1345/462 713/1346/462
f 713/1346/463 714/1345/463 716/1347/463 715/1348/463
f 715/1348/464 716/1347/464 718/1349/464 717/1350/464
f 717/1350/465 718/1349/465 720/1351/465 719/1352/465
f 719/1352/466 720/1351/466 722/1353/466 721/1354/466
f 721/1354/467 722/1353/467 724/1355/467 723/1356/467
f 723/1356/468 724/1355/468 726/1357/468 725/1358/468
f 725/1358/469 726/1357/469 728/1359/469 727/1360/469
f 727/1360/470 728/1359/470 730/1361/470 729/1362/470
f 729/1362/471 730/1361/471 732/1363/471 731/1364/471
f 731/1364/472 732/1363/472 734/1365/472 733/1366/472
f 733/1366/473 734/1365/473 736/1367/473 735/1368/473
f 735/1368/474 736/1367/474 738/1369/474 737/1370/474
f 737/1370/475 738/1369/475 740/1371/475 739/1372/475
f 739/1372/476 740/1371/476 742/1373/476 741/1374/476
f 741/1374/477 742/1373/477 744/1375/477 743/1376/477
f 743/1376/478 744/1375/478 746/1377/478 745/1378/478
f 745/1378/479 746/1377/479 748/1379/479 747/1380/479
f 747/1380/480 748/1379/480 750/1381/480 749/1382/480
f 749/1382/481 750/1381/481 752/1383/481 751/1384/481
f 751/1384/482 752/1383/482 754/1385/482 753/1386/482
f 696/1387/483 694/1388/483 756/1389/483 754/1390/483 752/1391/483 750/1392/483 748/1393/483 746/1394/483 744/1395/483 742/1396/483 740/1397/483 738/1398/483 736/1399/483 734/1400/483 732/1401/483 730/1402/483 728/1403/483 726/1404/483 724/1405/483 722/1406/483 720/1407/483 718/1408/483 716/1409/483 714/1410/483 712/1411/483 710/1412/483 708/1413/483 706/1414/483 704/1415/483 702/1416/483 700/1417/483 698/1418/483
f 753/1386/484 754/1385/484 756/1419/484 755/1420/484
f 755/1420/485 756/1419/485 694/1421/485 693/1422/485
f 693/1423/486 695/1424/486 697/1425/486 699/1426/486 701/1427/486 703/1428/486 705/1429/486 707/1430/486 709/1431/486 711/1432/486 713/1433/486 715/1434/486 717/1435/486 719/1436/486 721/1437/486 723/1438/486 725/1439/486 727/1440/486 729/1441/486 731/1442/486 733/1443/486 735/1444/486 737/1445/486 739/1446/486 741/1447/486 743/1448/486 745/1449/486 747/1450/486 749/1451/486 751/1452/486 753/1453/486 755/1454/486
o Cylinder.009_Cylinder.016
v 1.156481 0.606662 1.724370
v 1.895837 0.606662 1.724638
v 1.156455 0.599559 1.796491
v 1.895811 0.599559 1.796759
v 1.156430 0.578522 1.865840
v 1.895786 0.578522 1.866107
v 1.156407 0.544360 1.929752
v 1.895763 0.544360 1.930019
v 1.156386 0.498386 1.985772
v 1.895742 0.498386 1.986040
v 1.156370 0.442366 2.031746
v 1.895726 0.442366 2.032013
v 1.156358 0.378453 2.065908
v 1.895713 0.378453 2.066175
v 1.156350 0.309104 2.086945
v 1.895706 0.309104 2.087213
v 1.156347 0.236984 2.094048
v 1.895703 0.236984 2.094316
v 1.156350 0.164863 2.086945
v 1.895706 0.164863 2.087213
v 1.156358 0.095514 2.065908
v 1.895713 0.095514 2.066175
v 1.156370 0.031602 2.031746
v 1.895726 0.031602 2.032013
v 1.156386 -0.024418 1.985772
v 1.895742 -0.024418 1.986040
v 1.156407 -0.070392 1.929752
v 1.895763 -0.070392 1.930019
v 1.156430 -0.104554 1.865840
v 1.895786 -0.104554 1.866107
v 1.156455 -0.125591 1.796491
v 1.895811 -0.125591 1.796759
v 1.156481 -0.132694 1.724370
v 1.895837 -0.132694 1.724638
v 1.156507 -0.125591 1.652250
v 1.895863 -0.125591 1.652517
v 1.156532 -0.104554 1.582901
v 1.895888 -0.104554 1.583169
v 1.156555 -0.070392 1.518988
v 1.895911 -0.070392 1.519256
v 1.156575 -0.024418 1.462968
v 1.895931 -0.024418 1.463236
v 1.156592 0.031601 1.416994
v 1.895948 0.031601 1.417262
v 1.156604 0.095514 1.382832
v 1.895960 0.095514 1.383100
v 1.156612 0.164863 1.361795
v 1.895968 0.164863 1.362063
v 1.156615 0.236984 1.354692
v 1.895970 0.236984 1.354960
v 1.156612 0.309104 1.361795
v 1.895968 0.309104 1.362063
v 1.156604 0.378453 1.382832
v 1.895960 0.378453 1.383100
v 1.156592 0.442366 1.416994
v 1.895948 0.442366 1.417262
v 1.156575 0.498386 1.462968
v 1.895931 0.498386 1.463236
v 1.156555 0.544360 1.518988
v 1.895911 0.544360 1.519256
v 1.156532 0.578522 1.582901
v 1.895888 0.578522 1.583169
v 1.156507 0.599559 1.652250
v 1.895863 0.599559 1.652517
vn -0.0000 0.9952 0.0980
vn -0.0001 0.9569 0.2903
vn -0.0002 0.8819 0.4714
vn -0.0002 0.7730 0.6344
vn -0.0003 0.6344 0.7730
vn -0.0003 0.4714 0.8819
vn -0.0003 0.2903 0.9569
vn -0.0004 0.0980 0.9952
vn -0.0004 -0.0980 0.9952
vn -0.0003 -0.2903 0.9569
vn -0.0003 -0.4714 0.8819
vn -0.0003 -0.6344 0.7730
vn -0.0002 -0.7730 0.6344
vn -0.0002 -0.8819 0.4714
vn -0.0001 -0.9569 0.2903
vn -0.0000 -0.9952 0.0980
vn -0.0000 -0.9952 -0.0980
vn 0.0001 -0.9569 -0.2903
vn 0.0002 -0.8819 -0.4714
vn 0.0002 -0.7730 -0.6344
vn 0.0003 -0.6344 -0.7730
vn 0.0003 -0.4714 -0.8819
vn 0.0003 -0.2903 -0.9569
vn 0.0004 -0.0980 -0.9952
vn 0.0004 0.0980 -0.9952
vn 0.0003 0.2903 -0.9569
vn 0.0003 0.4714 -0.8819
vn 0.0003 0.6344 -0.7730
vn 0.0002 0.7730 -0.6344
vn 0.0002 0.8819 -0.4714
vn 1.0000 -0.0000 0.0004
vn 0.0001 0.9569 -0.2903
vn -0.0000 0.9952 -0.0980
vn -1.0000 -0.0000 -0.0004
vt 1.000000 0.500000
vt 0.968750 0.500000
vt 0.968750 1.000000
vt 1.000000 1.000000
vt 0.937500 0.500000
vt 0.937500 1.000000
vt 0.906250 0.500000
vt 0.906250 1.000000
vt 0.875000 0.500000
vt 0.875000 1.000000
vt 0.843750 0.500000
vt 0.843750 1.000000
vt 0.812500 0.500000
vt 0.812500 1.000000
vt 0.781250 0.500000
vt 0.781250 1.000000
vt 0.750000 0.500000
vt 0.750000 1.000000
vt 0.718750 0.500000
vt 0.718750 1.000000
vt 0.687500 0.500000
vt 0.687500 1.000000
vt 0.656250 0.500000
vt 0.656250 1.000000
vt 0.625000 0.500000
vt 0.625000 1.000000
vt 0.593750 0.500000
vt 0.593750 1.000000
vt 0.562500 0.500000
vt 0.562500 1.000000
vt 0.531250 0.500000
vt 0.531250 1.000000
vt 0.500000 0.500000
vt 0.500000 1.000000
vt 0.468750 0.500000
vt 0.468750 1.000000
vt 0.437500 0.500000
vt 0.437500 1.000000
vt 0.406250 0.500000
vt 0.406250 1.000000
vt 0.375000 0.500000
vt 0.375000 1.000000
vt 0.343750 0.500000
vt 0.343750 1.000000
vt 0.312500 0.500000
vt 0.312500 1.000000
vt 0.281250 0.500000
vt 0.281250 1.000000
vt 0.250000 0.500000
vt 0.250000 1.000000
vt 0.218750 0.500000
vt 0.218750 1.000000
vt 0.187500 0.500000
vt 0.187500 1.000000
vt 0.156250 0.500000
vt 0.156250 1.000000
vt 0.125000 0.500000
vt 0.125000 1.000000
vt 0.093750 0.500000
vt 0.093750 1.000000
vt 0.062500 0.500000
vt 0.062500 1.000000
vt 0.296822 0.485388
vt 0.341844 0.471731
vt 0.383337 0.449553
vt 0.419706 0.419706
vt 0.449553 0.383337
vt 0.471731 0.341844
vt 0.485388 0.296822
vt 0.490000 0.250000
vt 0.485388 0.203178
vt 0.471731 0.158156
vt 0.449553 0.116663
vt 0.419706 0.080294
vt 0.383337 0.050447
vt 0.341844 0.028269
vt 0.296822 0.014612
vt 0.250000 0.010000
vt 0.203178 0.014612
vt 0.158156 0.028269
vt 0.116663 0.050447
vt 0.080294 0.080294
vt 0.050447 0.116663
vt 0.028269 0.158156
vt 0.014612 0.203178
vt 0.010000 0.250000
vt 0.014612 0.296822
vt 0.028269 0.341844
vt 0.050447 0.383337
vt 0.080294 0.419706
vt 0.116663 0.449553
vt 0.158156 0.471731
vt 0.203178 0.485388
vt 0.250000 0.490000
vt 0.031250 0.500000
vt 0.031250 1.000000
vt 0.000000 0.500000
vt 0.000000 1.000000
vt 0.750000 0.490000
vt 0.703178 0.485388
vt 0.658156 0.471731
vt 0.616663 0.449553
vt 0.580294 0.419706
vt 0.550447 0.383337
vt 0.528269 0.341844
vt 0.514612 0.296822
vt 0.510000 0.250000
vt 0.514612 0.203178
vt 0.528269 0.158156
vt 0.550447 0.116663
vt 0.580294 0.080294
vt 0.616663 0.050447
vt 0.658156 0.028269
vt 0.703178 0.014612
vt 0.750000 0.010000
vt 0.796822 0.014612
vt 0.841844 0.028269
vt 0.883337 0.050447
vt 0.919706 0.080294
vt 0.949553 0.116663
vt 0.971731 0.158156
vt 0.985388 0.203178
vt 0.990000 0.250000
vt 0.985388 0.296822
vt 0.971731 0.341844
vt 0.949553 0.383337
vt 0.919706 0.419706
vt 0.883337 0.449553
vt 0.841844 0.471731
vt 0.796822 0.485388
s 1
usemtl None
f 757/1455/487 759/1456/487 760/1457/487 758/1458/487
f 759/1456/488 761/1459/488 762/1460/488 760/1457/488
f 761/1459/489 763/1461/489 764/1462/489 762/1460/489
f 763/1461/490 765/1463/490 766/1464/490 764/1462/490
f 765/1463/491 767/1465/491 768/1466/491 766/1464/491
f 767/1465/492 769/1467/492 770/1468/492 768/1466/492
f 769/1467/493 771/1469/493 772/1470/493 770/1468/493
f 771/1469/494 773/1471/494 774/1472/494 772/1470/494
f 773/1471/495 775/1473/495 776/1474/495 774/1472/495
f 775/1473/496 777/1475/496 778/1476/496 776/1474/496
f 777/1475/497 779/1477/497 780/1478/497 778/1476/497
f 779/1477/498 781/1479/498 782/1480/498 780/1478/498
f 781/1479/499 783/1481/499 784/1482/499 782/1480/499
f 783/1481/500 785/1483/500 786/1484/500 784/1482/500
f 785/1483/501 787/1485/501 788/1486/501 786/1484/501
f 787/1485/502 789/1487/502 790/1488/502 788/1486/502
f 789/1487/503 791/1489/503 792/1490/503 790/1488/503
f 791/1489/504 793/1491/504 794/1492/504 792/1490/504
f 793/1491/505 795/1493/505 796/1494/505 794/1492/505
f 795/1493/506 797/1495/506 798/1496/506 796/1494/506
f 797/1495/507 799/1497/507 800/1498/507 798/1496/507
f 799/1497/508 801/1499/508 802/1500/508 800/1498/508
f 801/1499/509 803/1501/509 804/1502/509 802/1500/509
f 803/1501/510 805/1503/510 806/1504/510 804/1502/510
f 805/1503/511 807/1505/511 808/1506/511 806/1504/511
f 807/1505/512 809/1507/512 810/1508/512 808/1506/512
f 809/1507/513 811/1509/513 812/1510/513 810/1508/513
f 811/1509/514 813/1511/514 814/1512/514 812/1510/514
f 813/1511/515 815/1513/515 816/1514/515 814/1512/515
f 815/1513/516 817/1515/516 818/1516/516 816/1514/516
f 760/1517/517 762/1518/517 764/1519/517 766/1520/517 768/1521/517 770/1522/517 772/1523/517 774/1524/517 776/1525/517 778/1526/517 780/1527/517 782/1528/517 784/1529/517 786/1530/517 788/1531/517 790/1532/517 792/1533/517 794/1534/517 796/1535/517 798/1536/517 800/1537/517 802/1538/517 804/1539/517 806/1540/517 808/1541/517 810/1542/517 812/1543/517 814/1544/517 816/1545/517 818/1546/517 820/1547/517 758/1548/517
f 817/1515/518 819/1549/518 820/1550/518 818/1516/518
f 819/1549/519 757/1551/519 758/1552/519 820/1550/519
f 757/1553/520 819/1554/520 817/1555/520 815/1556/520 813/1557/520 811/1558/520 809/1559/520 807/1560/520 805/1561/520 803/1562/520 801/1563/520 799/1564/520 797/1565/520 795/1566/520 793/1567/520 791/1568/520 789/1569/520 787/1570/520 785/1571/520 783/1572/520 781/1573/520 779/1574/520 777/1575/520 775/1576/520 773/1577/520 771/1578/520 769/1579/520 767/1580/520 765/1581/520 763/1582/520 761/1583/520 759/1584/520
o Cylinder.010_Cylinder.018
v -0.379484 0.719881 0.598185
v -0.379484 1.054657 0.598185
v -0.368501 1.054657 0.487083
v -0.368501 0.719881 0.487083
v -0.336054 1.054657 0.380260
v -0.336054 0.719881 0.380260
v -0.283391 1.054657 0.281818
v -0.283391 0.719881 0.281818
v -0.212534 1.054657 0.195542
v -0.212534 0.719880 0.195542
v -0.126208 1.054657 0.124748
v -0.126208 0.719880 0.124748
v -0.027728 1.054657 0.072156
v -0.027728 0.719880 0.072156
v 0.079119 1.054657 0.039787
v 0.079119 0.719880 0.039787
v 0.190229 1.054657 0.028884
v 0.190229 0.719880 0.028884
v 0.301331 1.054657 0.039867
v 0.301331 0.719880 0.039867
v 0.408154 1.054657 0.072314
v 0.408154 0.719880 0.072314
v 0.506596 1.054657 0.124977
v 0.506596 0.719880 0.124977
v 0.592871 1.054657 0.195833
v 0.592871 0.719880 0.195833
v 0.663665 1.054657 0.282160
v 0.663665 0.719880 0.282160
v 0.716258 1.054657 0.380640
v 0.716258 0.719880 0.380640
v 0.748627 1.054657 0.487487
v 0.748627 0.719880 0.487487
v 0.759530 1.054657 0.598597
v 0.759530 0.719880 0.598597
v 0.748547 1.054657 0.709699
v 0.748547 0.719880 0.709699
v 0.716100 1.054657 0.816522
v 0.716100 0.719880 0.816522
v 0.663436 1.054657 0.914964
v 0.663437 0.719880 0.914964
v 0.592580 1.054657 1.001239
v 0.592580 0.719880 1.001239
v 0.506254 1.054657 1.072033
v 0.506254 0.719880 1.072033
v 0.407774 1.054657 1.124626
v 0.407774 0.719880 1.124626
v 0.300927 1.054657 1.156995
v 0.300927 0.719880 1.156995
v 0.189817 1.054657 1.167898
v 0.189817 0.719880 1.167898
v 0.078715 1.054657 1.156915
v 0.078715 0.719880 1.156915
v -0.028108 1.054657 1.124468
v -0.028108 0.719880 1.124468
v -0.126550 1.054657 1.071804
v -0.126550 0.719880 1.071804
v -0.212826 1.054657 1.000948
v -0.212826 0.719880 1.000948
v -0.283619 1.054657 0.914622
v -0.283619 0.719881 0.914622
v -0.336212 1.054657 0.816142
v -0.336212 0.719881 0.816142
v -0.368581 1.054657 0.709295
v -0.368581 0.719881 0.709295
vn -0.9951 -0.0000 -0.0984
vn -0.9568 -0.0000 -0.2906
vn -0.8818 -0.0000 -0.4717
vn -0.7728 -0.0000 -0.6347
vn -0.6341 -0.0000 -0.7732
vn -0.4711 -0.0000 -0.8821
vn -0.2899 -0.0000 -0.9570
vn -0.0977 -0.0000 -0.9952
vn 0.0984 -0.0000 -0.9951
vn 0.2906 -0.0000 -0.9568
vn 0.4717 -0.0000 -0.8818
vn 0.6347 -0.0000 -0.7728
vn 0.7732 -0.0000 -0.6341
vn 0.8821 -0.0000 -0.4711
vn 0.9570 -0.0000 -0.2899
vn 0.9952 -0.0000 -0.0977
vn 0.9951 -0.0000 0.0984
vn 0.9568 -0.0000 0.2906
vn 0.8818 -0.0000 0.4717
vn 0.7728 -0.0000 0.6347
vn 0.6341 -0.0000 0.7732
vn 0.4711 -0.0000 0.8821
vn 0.2899 -0.0000 0.9570
vn 0.0977 -0.0000 0.9952
vn -0.0984 -0.0000 0.9951
vn -0.2906 -0.0000 0.9568
vn -0.4717 -0.0000 0.8818
vn -0.6347 -0.0000 0.7728
vn -0.7732 -0.0000 0.6341
vn -0.8821 -0.0000 0.4711
vn -0.0000 1.0000 -0.0000
vn -0.9570 -0.0000 0.2899
vn -0.9952 -0.0000 0.0977
vn -0.0000 -1.0000 -0.0000
vt 1.000000 0.500000
vt 1.000000 1.000000
vt 0.968750 1.000000
vt 0.968750 0.500000
vt 0.937500 1.000000
vt 0.937500 0.500000
vt 0.906250 1.000000
vt 0.906250 0.500000
vt 0.875000 1.000000
vt 0.875000 0.500000
vt 0.843750 1.000000
vt 0.843750 0.500000
vt 0.812500 1.000000
vt 0.812500 0.500000
vt 0.781250 1.000000
vt 0.781250 0.500000
vt 0.750000 1.000000
vt 0.750000 0.500000
vt 0.718750 1.000000
vt 0.718750 0.500000
vt 0.687500 1.000000
vt 0.687500 0.500000
vt 0.656250 1.000000
vt 0.656250 0.500000
vt 0.625000 1.000000
vt 0.625000 0.500000
vt 0.593750 1.000000
vt 0.593750 0.500000
vt 0.562500 1.000000
vt 0.562500 0.500000
vt 0.531250 1.000000
vt 0.531250 0.500000
vt 0.500000 1.000000
vt 0.500000 0.500000
vt 0.468750 1.000000
vt 0.468750 0.500000
vt 0.437500 1.000000
vt 0.437500 0.500000
vt 0.406250 1.000000
vt 0.406250 0.500000
vt 0.375000 1.000000
vt 0.375000 0.500000
vt 0.343750 1.000000
vt 0.343750 0.500000
vt 0.312500 1.000000
vt 0.312500 0.500000
vt 0.281250 1.000000
vt 0.281250 0.500000
vt 0.250000 1.000000
vt 0.250000 0.500000
vt 0.218750 1.000000
vt 0.218750 0.500000
vt 0.187500 1.000000
vt 0.187500 0.500000
vt 0.156250 1.000000
vt 0.156250 0.500000
vt 0.125000 1.000000
vt 0.125000 0.500000
vt 0.093750 1.000000
vt 0.093750 0.500000
vt 0.062500 1.000000
vt 0.062500 0.500000
vt 0.296822 0.485388
vt 0.250000 0.490000
vt 0.203178 0.485388
vt 0.158156 0.471731
vt 0.116663 0.449553
vt 0.080294 0.419706
vt 0.050447 0.383337
vt 0.028269 0.341844
vt 0.014612 0.296822
vt 0.010000 0.250000
vt 0.014612 0.203178
vt 0.028269 0.158156
vt 0.050447 0.116663
vt 0.080294 0.080294
vt 0.116663 0.050447
vt 0.158156 0.028269
vt 0.203178 0.014612
vt 0.250000 0.010000
vt 0.296822 0.014612
vt 0.341844 0.028269
vt 0.383337 0.050447
vt 0.419706 0.080294
vt 0.449553 0.116663
vt 0.471731 0.158156
vt 0.485388 0.203178
vt 0.490000 0.250000
vt 0.485388 0.296822
vt 0.471731 0.341844
vt 0.449553 0.383337
vt 0.419706 0.419706
vt 0.383337 0.449553
vt 0.341844 0.471731
vt 0.031250 1.000000
vt 0.031250 0.500000
vt 0.000000 1.000000
vt 0.000000 0.500000
vt 0.750000 0.490000
vt 0.796822 0.485388
vt 0.841844 0.471731
vt 0.883337 0.449553
vt 0.919706 0.419706
vt 0.949553 0.383337
vt 0.971731 0.341844
vt 0.985388 0.296822
vt 0.990000 0.250000
vt 0.985388 0.203178
vt 0.971731 0.158156
vt 0.949553 0.116663
vt 0.919706 0.080294
vt 0.883337 0.050447
vt 0.841844 0.028269
vt 0.796822 0.014612
vt 0.750000 0.010000
vt 0.703178 0.014612
vt 0.658156 0.028269
vt 0.616663 0.050447
vt 0.580294 0.080294
vt 0.550447 0.116663
vt 0.528269 0.158156
vt 0.514612 0.203178
vt 0.510000 0.250000
vt 0.514612 0.296822
vt 0.528269 0.341844
vt 0.550447 0.383337
vt 0.580294 0.419706
vt 0.616663 0.449553
vt 0.658156 0.471731
vt 0.703178 0.485388
s 1
usemtl None.001
f 821/1585/521 822/1586/521 823/1587/521 824/1588/521
f 824/1588/522 823/1587/522 825/1589/522 826/1590/522
f 826/1590/523 825/1589/523 827/1591/523 828/1592/523
f 828/1592/524 827/1591/524 829/1593/524 830/1594/524
f 830/1594/525 829/1593/525 831/1595/525 832/1596/525
f 832/1596/526 831/1595/526 833/1597/526 834/1598/526
f 834/1598/527 833/1597/527 835/1599/527 836/1600/527
f 836/1600/528 835/1599/528 837/1601/528 838/1602/528
f 838/1602/529 837/1601/529 839/1603/529 840/1604/529
f 840/1604/530 839/1603/530 841/1605/530 842/1606/530
f 842/1606/531 841/1605/531 843/1607/531 844/1608/531
f 844/1608/532 843/1607/532 845/1609/532 846/1610/532
f 846/1610/533 845/1609/533 847/1611/533 848/1612/533
f 848/1612/534 847/1611/534 849/1613/534 850/1614/534
f 850/1614/535 849/1613/535 851/1615/535 852/1616/535
f 852/1616/536 851/1615/536 853/1617/536 854/1618/536
f 854/1618/537 853/1617/537 855/1619/537 856/1620/537
f 856/1620/538 855/1619/538 857/1621/538 858/1622/538
f 858/1622/539 857/1621/539 859/1623/539 860/1624/539
f 860/1624/540 859/1623/540 861/1625/540 862/1626/540
f 862/1626/541 861/1625/541 863/1627/541 864/1628/541
f 864/1628/542 863/1627/542 865/1629/542 866/1630/542
f 866/1630/543 865/1629/543 867/1631/543 868/1632/543
f 868/1632/544 867/1631/544 869/1633/544 870/1634/544
f 870/1634/545 869/1633/545 871/1635/545 872/1636/545
f 872/1636/546 871/1635/546 873/1637/546 874/1638/546
f 874/1638/547 873/1637/547 875/1639/547 876/1640/547
f 876/1640/548 875/1639/548 877/1641/548 878/1642/548
f 878/1642/549 877/1641/549 879/1643/549 880/1644/549
f 880/1644/550 879/1643/550 881/1645/550 882/1646/550
f 823/1647/551 822/1648/551 883/1649/551 881/1650/551 879/1651/551 877/1652/551 875/1653/551 873/1654/551 871/1655/551 869/1656/551 867/1657/551 865/1658/551 863/1659/551 861/1660/551 859/1661/551 857/1662/551 855/1663/551 853/1664/551 851/1665/551 849/1666/551 847/1667/551 845/1668/551 843/1669/551 841/1670/551 839/1671/551 837/1672/551 835/1673/551 833/1674/551 831/1675/551 829/1676/551 827/1677/551 825/1678/551
f 882/1646/552 881/1645/552 883/1679/552 884/1680/552
f 884/1680/553 883/1679/553 822/1681/553 821/1682/553
f 821/1683/554 824/1684/554 826/1685/554 828/1686/554 830/1687/554 832/1688/554 834/1689/554 836/1690/554 838/1691/554 840/1692/554 842/1693/554 844/1694/554 846/1695/554 848/1696/554 850/1697/554 852/1698/554 854/1699/554 856/1700/554 858/1701/554 860/1702/554 862/1703/554 864/1704/554 866/1705/554 868/1706/554 870/1707/554 872/1708/554 874/1709/554 876/1710/554 878/1711/554 880/1712/554 882/1713/554 884/1714/554
o Cylinder.011_Cylinder.019
v -0.379484 2.034381 0.598185
v -0.379484 2.369158 0.598185
v -0.368501 2.369158 0.487083
v -0.368501 2.034381 0.487083
v -0.336054 2.369158 0.380260
v -0.336054 2.034381 0.380260
v -0.283391 2.369158 0.281818
v -0.283391 2.034381 0.281818
v -0.212535 2.369158 0.195542
v -0.212535 2.034381 0.195542
v -0.126208 2.369158 0.124748
v -0.126208 2.034381 0.124748
v -0.027728 2.369158 0.072156
v -0.027728 2.034381 0.072156
v 0.079119 2.369158 0.039787
v 0.079119 2.034381 0.039787
v 0.190229 2.369158 0.028884
v 0.190229 2.034381 0.028884
v 0.301331 2.369158 0.039867
v 0.301331 2.034381 0.039867
v 0.408154 2.369158 0.072314
v 0.408154 2.034381 0.072314
v 0.506596 2.369158 0.124977
v 0.506596 2.034381 0.124977
v 0.592871 2.369158 0.195833
v 0.592871 2.034381 0.195833
v 0.663665 2.369158 0.282160
v 0.663665 2.034381 0.282160
v 0.716258 2.369158 0.380640
v 0.716258 2.034381 0.380640
v 0.748627 2.369158 0.487487
v 0.748627 2.034381 0.487487
v 0.759530 2.369158 0.598597
v 0.759530 2.034381 0.598597
v 0.748547 2.369158 0.709699
v 0.748547 2.034381 0.709699
v 0.716100 2.369158 0.816522
v 0.716100 2.034381 0.816522
v 0.663436 2.369158 0.914964
v 0.663436 2.034381 0.914964
v 0.592580 2.369158 1.001239
v 0.592580 2.034381 1.001239
v 0.506254 2.369158 1.072033
v 0.506254 2.034381 1.072033
v 0.407774 2.369158 1.124626
v 0.407774 2.034381 1.124626
v 0.300927 2.369158 1.156995
v 0.300927 2.034381 1.156995
v 0.189817 2.369158 1.167898
v 0.189817 2.034381 1.167898
v 0.078715 2.369158 1.156915
v 0.078715 2.034381 1.156915
v -0.028108 2.369158 1.124468
v -0.028108 2.034381 1.124468
v -0.126550 2.369158 1.071804
v -0.126550 2.034381 1.071804
v -0.212826 2.369158 1.000948
v -0.212826 2.034381 1.000948
v -0.283620 2.369158 0.914622
v -0.283620 2.034381 0.914622
v -0.336212 2.369158 0.816142
v -0.336212 2.034381 0.816142
v -0.368581 2.369158 0.709295
v -0.368581 2.034381 0.709295
vn -0.9951 -0.0000 -0.0984
vn -0.9568 -0.0000 -0.2906
vn -0.8818 -0.0000 -0.4717
vn -0.7728 -0.0000 -0.6347
vn -0.6341 -0.0000 -0.7732
vn -0.4711 -0.0000 -0.8821
vn -0.2899 -0.0000 -0.9570
vn -0.0977 -0.0000 -0.9952
vn 0.0984 -0.0000 -0.9951
vn 0.2906 -0.0000 -0.9568
vn 0.4717 -0.0000 -0.8818
vn 0.6347 -0.0000 -0.7728
vn 0.7732 -0.0000 -0.6341
vn 0.8821 -0.0000 -0.4711
vn 0.9570 -0.0000 -0.2899
vn 0.9952 -0.0000 -0.0977
vn 0.9951 -0.0000 0.0984
vn 0.9568 -0.0000 0.2906
vn 0.8818 -0.0000 0.4717
vn 0.7728 -0.0000 0.6347
vn 0.6341 -0.0000 0.7732
vn 0.4711 -0.0000 0.8821
vn 0.2899 -0.0000 0.9570
vn 0.0977 -0.0000 0.9952
vn -0.0984 -0.0000 0.9951
vn -0.2906 -0.0000 0.9568
vn -0.4717 -0.0000 0.8818
vn -0.6347 -0.0000 0.7728
vn -0.7732 -0.0000 0.6341
vn -0.8821 -0.0000 0.4711
vn -0.0000 1.0000 -0.0000
vn -0.9570 -0.0000 0.2899
vn -0.9952 -0.0000 0.0977
vn -0.0000 -1.0000 -0.0000
vt 1.000000 0.500000
vt 1.000000 1.000000
vt 0.968750 1.000000
vt 0.968750 0.500000
vt 0.937500 1.000000
vt 0.937500 0.500000
vt 0.906250 1.000000
vt 0.906250 0.500000
vt 0.875000 1.000000
vt 0.875000 0.500000
vt 0.843750 1.000000
vt 0.843750 0.500000
vt 0.812500 1.000000
vt 0.812500 0.500000
vt 0.781250 1.000000
vt 0.781250 0.500000
vt 0.750000 1.000000
vt 0.750000 0.500000
vt 0.718750 1.000000
vt 0.718750 0.500000
vt 0.687500 1.000000
vt 0.687500 0.500000
vt 0.656250 1.000000
vt 0.656250 0.500000
vt 0.625000 1.000000
vt 0.625000 0.500000
vt 0.593750 1.000000
vt 0.593750 0.500000
vt 0.562500 1.000000
vt 0.562500 0.500000
vt 0.531250 1.000000
vt 0.531250 0.500000
vt 0.500000 1.000000
vt 0.500000 0.500000
vt 0.468750 1.000000
vt 0.468750 0.500000
vt 0.437500 1.000000
vt 0.437500 0.500000
vt 0.406250 1.000000
vt 0.406250 0.500000
vt 0.375000 1.000000
vt 0.375000 0.500000
vt 0.343750 1.000000
vt 0.343750 0.500000
vt 0.312500 1.000000
vt 0.312500 0.500000
vt 0.281250 1.000000
vt 0.281250 0.500000
vt 0.250000 1.000000
vt 0.250000 0.500000
vt 0.218750 1.000000
vt 0.218750 0.500000
vt 0.187500 1.000000
vt 0.187500 0.500000
vt 0.156250 1.000000
vt 0.156250 0.500000
vt 0.125000 1.000000
vt 0.125000 0.500000
vt 0.093750 1.000000
vt 0.093750 0.500000
vt 0.062500 1.000000
vt 0.062500 0.500000
vt 0.296822 0.485388
vt 0.250000 0.490000
vt 0.203178 0.485388
vt 0.158156 0.471731
vt 0.116663 0.449553
vt 0.080294 0.419706
vt 0.050447 0.383337
vt 0.028269 0.341844
vt 0.014612 0.296822
vt 0.010000 0.250000
vt 0.014612 0.203178
vt 0.028269 0.158156
vt 0.050447 0.116663
vt 0.080294 0.080294
vt 0.116663 0.050447
vt 0.158156 0.028269
vt 0.203178 0.014612
vt 0.250000 0.010000
vt 0.296822 0.014612
vt 0.341844 0.028269
vt 0.383337 0.050447
vt 0.419706 0.080294
vt 0.449553 0.116663
vt 0.471731 0.158156
vt 0.485388 0.203178
vt 0.490000 0.250000
vt 0.485388 0.296822
vt 0.471731 0.341844
vt 0.449553 0.383337
vt 0.419706 0.419706
vt 0.383337 0.449553
vt 0.341844 0.471731
vt 0.031250 1.000000
vt 0.031250 0.500000
vt 0.000000 1.000000
vt 0.000000 0.500000
vt 0.750000 0.490000
vt 0.796822 0.485388
vt 0.841844 0.471731
vt 0.883337 0.449553
vt 0.919706 0.419706
vt 0.949553 0.383337
vt 0.971731 0.341844
vt 0.985388 0.296822
vt 0.990000 0.250000
vt 0.985388 0.203178
vt 0.971731 0.158156
vt 0.949553 0.116663
vt 0.919706 0.080294
vt 0.883337 0.050447
vt 0.841844 0.028269
vt 0.796822 0.014612
vt 0.750000 0.010000
vt 0.703178 0.014612
vt 0.658156 0.028269
vt 0.616663 0.050447
vt 0.580294 0.080294
vt 0.550447 0.116663
vt 0.528269 0.158156
vt 0.514612 0.203178
vt 0.510000 0.250000
vt 0.514612 0.296822
vt 0.528269 0.341844
vt 0.550447 0.383337
vt 0.580294 0.419706
vt 0.616663 0.449553
vt 0.658156 0.471731
vt 0.703178 0.485388
s 1
usemtl None.002
f 885/1715/555 886/1716/555 887/1717/555 888/1718/555
f 888/1718/556 887/1717/556 889/1719/556 890/1720/556
f 890/1720/557 889/1719/557 891/1721/557 892/1722/557
f 892/1722/558 891/1721/558 893/1723/558 894/1724/558
f 894/1724/559 893/1723/559 895/1725/559 896/1726/559
f 896/1726/560 895/1725/560 897/1727/560 898/1728/560
f 898/1728/561 897/1727/561 899/1729/561 900/1730/561
f 900/1730/562 899/1729/562 901/1731/562 902/1732/562
f 902/1732/563 901/1731/563 903/1733/563 904/1734/563
f 904/1734/564 903/1733/564 905/1735/564 906/1736/564
f 906/1736/565 905/1735/565 907/1737/565 908/1738/565
f 908/1738/566 907/1737/566 909/1739/566 910/1740/566
f 910/1740/567 909/1739/567 911/1741/567 912/1742/567
f 912/1742/568 911/1741/568 913/1743/568 914/1744/568
f 914/1744/569 913/1743/569 915/1745/569 916/1746/569
f 916/1746/570 915/1745/570 917/1747/570 918/1748/570
f 918/1748/571 917/1747/571 919/1749/571 920/1750/571
f 920/1750/572 919/1749/572 921/1751/572 922/1752/572
f 922/1752/573 921/1751/573 923/1753/573 924/1754/573
f 924/1754/574 923/1753/574 925/1755/574 926/1756/574
f 926/1756/575 925/1755/575 927/1757/575 928/1758/575
f 928/1758/576 927/1757/576 929/1759/576 930/1760/576
f 930/1760/577 929/1759/577 931/1761/577 932/1762/577
f 932/1762/578 931/1761/578 933/1763/578 934/1764/578
f 934/1764/579 933/1763/579 935/1765/579 936/1766/579
f 936/1766/580 935/1765/580 937/1767/580 938/1768/580
f 938/1768/581 937/1767/581 939/1769/581 940/1770/581
f 940/1770/582 939/1769/582 941/1771/582 942/1772/582
f 942/1772/583 941/1771/583 943/1773/583 944/1774/583
f 944/1774/584 943/1773/584 945/1775/584 946/1776/584
f 887/1777/585 886/1778/585 947/1779/585 945/1780/585 943/1781/585 941/1782/585 939/1783/585 937/1784/585 935/1785/585 933/1786/585 931/1787/585 929/1788/585 927/1789/585 925/1790/585 923/1791/585 921/1792/585 919/1793/585 917/1794/585 915/1795/585 913/1796/585 911/1797/585 909/1798/585 907/1799/585 905/1800/585 903/1801/585 901/1802/585 899/1803/585 897/1804/585 895/1805/585 893/1806/585 891/1807/585 889/1808/585
f 946/1776/586 945/1775/586 947/1809/586 948/1810/586
f 948/1810/587 947/1809/587 886/1811/587 885/1812/587
f 885/1813/588 888/1814/588 890/1815/588 892/1816/588 894/1817/588 896/1818/588 898/1819/588 900/1820/588 902/1821/588 904/1822/588 906/1823/588 908/1824/588 910/1825/588 912/1826/588 914/1827/588 916/1828/588 918/1829/588 920/1830/588 922/1831/588 924/1832/588 926/1833/588 928/1834/588 930/1835/588 932/1836/588 934/1837/588 936/1838/588 938/1839/588 940/1840/588 942/1841/588 944/1842/588 946/1843/588 948/1844/588
o Cylinder.012_Cylinder.020
v 0.992940 5.569839 1.312842
v 0.992940 4.208537 1.312842
v 0.991709 5.569839 1.325299
v 0.991709 4.208537 1.325299
v 0.988070 5.569839 1.337275
v 0.988071 4.208537 1.337275
v 0.982165 5.569839 1.348313
v 0.982166 4.208537 1.348313
v 0.974221 5.569839 1.357986
v 0.974221 4.208537 1.357986
v 0.964542 5.569839 1.365924
v 0.964542 4.208537 1.365924
v 0.953501 5.569839 1.371821
v 0.953501 4.208537 1.371821
v 0.941521 5.569839 1.375450
v 0.941521 4.208537 1.375450
v 0.929063 5.569839 1.376672
v 0.929063 4.208537 1.376672
v 0.916607 5.569839 1.375441
v 0.916607 4.208537 1.375441
v 0.904629 5.569839 1.371803
v 0.904629 4.208537 1.371803
v 0.893592 5.569839 1.365898
v 0.893592 4.208537 1.365898
v 0.883918 5.569839 1.357954
v 0.883918 4.208537 1.357954
v 0.875980 5.569839 1.348275
v 0.875981 4.208537 1.348275
v 0.870085 5.569839 1.337233
v 0.870085 4.208537 1.337233
v 0.866455 5.569839 1.325253
v 0.866455 4.208537 1.325253
v 0.865232 5.569839 1.312796
v 0.865232 4.208537 1.312796
v 0.866464 5.569839 1.300338
v 0.866464 4.208537 1.300338
v 0.870102 5.569839 1.288362
v 0.870102 4.208537 1.288362
v 0.876006 5.569839 1.277324
v 0.876006 4.208537 1.277324
v 0.883951 5.569839 1.267651
v 0.883951 4.208537 1.267651
v 0.893631 5.569839 1.259713
v 0.893631 4.208537 1.259713
v 0.904672 5.569839 1.253816
v 0.904672 4.208537 1.253816
v 0.916652 5.569839 1.250188
v 0.916652 4.208537 1.250188
v 0.929109 5.569839 1.248965
v 0.929109 4.208537 1.248965
v 0.941566 5.569839 1.250197
v 0.941566 4.208537 1.250197
v 0.953544 5.569839 1.253834
v 0.953544 4.208537 1.253834
v 0.964581 5.569839 1.259739
v 0.964581 4.208537 1.259739
v 0.974254 5.569839 1.267683
v 0.974254 4.208537 1.267683
v 0.982191 5.569839 1.277362
v 0.982191 4.208537 1.277362
v 0.988088 5.569839 1.288404
v 0.988088 4.208537 1.288404
v 0.991718 5.569839 1.300384
v 0.991718 4.208537 1.300384
vn 0.9951 -0.0000 0.0984
vn 0.9568 -0.0000 0.2907
vn 0.8818 -0.0000 0.4717
vn 0.7728 -0.0000 0.6347
vn 0.6341 -0.0000 0.7732
vn 0.4711 -0.0000 0.8821
vn 0.2899 -0.0000 0.9571
vn 0.0977 -0.0000 0.9952
vn -0.0984 -0.0000 0.9951
vn -0.2906 -0.0000 0.9569
vn -0.4717 -0.0000 0.8817
vn -0.6346 -0.0000 0.7728
vn -0.7732 -0.0000 0.6341
vn -0.8821 -0.0000 0.4710
vn -0.9570 -0.0000 0.2900
vn -0.9952 -0.0000 0.0977
vn -0.9951 -0.0000 -0.0984
vn -0.9568 -0.0000 -0.2907
vn -0.8818 -0.0000 -0.4717
vn -0.7728 -0.0000 -0.6347
vn -0.6341 -0.0000 -0.7733
vn -0.4711 -0.0000 -0.8821
vn -0.2899 -0.0000 -0.9571
vn -0.0977 -0.0000 -0.9952
vn 0.0984 -0.0000 -0.9951
vn 0.2906 -0.0000 -0.9569
vn 0.4718 -0.0000 -0.8817
vn 0.6347 -0.0000 -0.7728
vn 0.7732 -0.0000 -0.6341
vn 0.8821 -0.0000 -0.4711
vn -0.0000 -1.0000 -0.0000
vn 0.9570 -0.0000 -0.2900
vn 0.9952 -0.0000 -0.0977
vn -0.0000 1.0000 -0.0000
vt 1.000000 0.500000
vt 0.968750 0.500000
vt 0.968750 1.000000
vt 1.000000 1.000000
vt 0.937500 0.500000
vt 0.937500 1.000000
vt 0.906250 0.500000
vt 0.906250 1.000000
vt 0.875000 0.500000
vt 0.875000 1.000000
vt 0.843750 0.500000
vt 0.843750 1.000000
vt 0.812500 0.500000
vt 0.812500 1.000000
vt 0.781250 0.500000
vt 0.781250 1.000000
vt 0.750000 0.500000
vt 0.750000 1.000000
vt 0.718750 0.500000
vt 0.718750 1.000000
vt 0.687500 0.500000
vt 0.687500 1.000000
vt 0.656250 0.500000
vt 0.656250 1.000000
vt 0.625000 0.500000
vt 0.625000 1.000000
vt 0.593750 0.500000
vt 0.593750 1.000000
vt 0.562500 0.500000
vt 0.562500 1.000000
vt 0.531250 0.500000
vt 0.531250 1.000000
vt 0.500000 0.500000
vt 0.500000 1.000000
vt 0.468750 0.500000
vt 0.468750 1.000000
vt 0.437500 0.500000
vt 0.437500 1.000000
vt 0.406250 0.500000
vt 0.406250 1.000000
vt 0.375000 0.500000
vt 0.375000 1.000000
vt 0.343750 0.500000
vt 0.343750 1.000000
vt 0.312500 0.500000
vt 0.312500 1.000000
vt 0.281250 0.500000
vt 0.281250 1.000000
vt 0.250000 0.500000
vt 0.250000 1.000000
vt 0.218750 0.500000
vt 0.218750 1.000000
vt 0.187500 0.500000
vt 0.187500 1.000000
vt 0.156250 0.500000
vt 0.156250 1.000000
vt 0.125000 0.500000
vt 0.125000 1.000000
vt 0.093750 0.500000
vt 0.093750 1.000000
vt 0.062500 0.500000
vt 0.062500 1.000000
vt 0.296822 0.485388
vt 0.341844 0.471731
vt 0.383337 0.449553
vt 0.419706 0.419706
vt 0.449553 0.383337
vt 0.471731 0.341844
vt 0.485388 0.296822
vt 0.490000 0.250000
vt 0.485388 0.203178
vt 0.471731 0.158156
vt 0.449553 0.116663
vt 0.419706 0.080294
vt 0.383337 0.050447
vt 0.341844 0.028269
vt 0.296822 0.014612
vt 0.250000 0.010000
vt 0.203178 0.014612
vt 0.158156 0.028269
vt 0.116663 0.050447
vt 0.080294 0.080294
vt 0.050447 0.116663
vt 0.028269 0.158156
vt 0.014612 0.203178
vt 0.010000 0.250000
vt 0.014612 0.296822
vt 0.028269 0.341844
vt 0.050447 0.383337
vt 0.080294 0.419706
vt 0.116663 0.449553
vt 0.158156 0.471731
vt 0.203178 0.485388
vt 0.250000 0.490000
vt 0.031250 0.500000
vt 0.031250 1.000000
vt 0.000000 0.500000
vt 0.000000 1.000000
vt 0.750000 0.490000
vt 0.703178 0.485388
vt 0.658156 0.471731
vt 0.616663 0.449553
vt 0.580294 0.419706
vt 0.550447 0.383337
vt 0.528269 0.341844
vt 0.514612 0.296822
vt 0.510000 0.250000
vt 0.514612 0.203178
vt 0.528269 0.158156
vt 0.550447 0.116663
vt 0.580294 0.080294
vt 0.616663 0.050447
vt 0.658156 0.028269
vt 0.703178 0.014612
vt 0.750000 0.010000
vt 0.796822 0.014612
vt 0.841844 0.028269
vt 0.883337 0.050447
vt 0.919706 0.080294
vt 0.949553 0.116663
vt 0.971731 0.158156
vt 0.985388 0.203178
vt 0.990000 0.250000
vt 0.985388 0.296822
vt 0.971731 0.341844
vt 0.949553 0.383337
vt 0.919706 0.419706
vt 0.883337 0.449553
vt 0.841844 0.471731
vt 0.796822 0.485388
s 1
usemtl None
f 949/1845/589 951/1846/589 952/1847/589 950/1848/589
f 951/1846/590 953/1849/590 954/1850/590 952/1847/590
f 953/1849/591 955/1851/591 956/1852/591 954/1850/591
f 955/1851/592 957/1853/592 958/1854/592 956/1852/592
f 957/1853/593 959/1855/593 960/1856/593 958/1854/593
f 959/1855/594 961/1857/594 962/1858/594 960/1856/594
f 961/1857/595 963/1859/595 964/1860/595 962/1858/595
f 963/1859/596 965/1861/596 966/1862/596 964/1860/596
f 965/1861/597 967/1863/597 968/1864/597 966/1862/597
f 967/1863/598 969/1865/598 970/1866/598 968/1864/598
f 969/1865/599 971/1867/599 972/1868/599 970/1866/599
f 971/1867/600 973/1869/600 974/1870/600 972/1868/600
f 973/1869/601 975/1871/601 976/1872/601 974/1870/601
f 975/1871/602 977/1873/602 978/1874/602 976/1872/602
f 977/1873/603 979/1875/603 980/1876/603 978/1874/603
f 979/1875/604 981/1877/604 982/1878/604 980/1876/604
f 981/1877/605 983/1879/605 984/1880/605 982/1878/605
f 983/1879/606 985/1881/606 986/1882/606 984/1880/606
f 985/1881/607 987/1883/607 988/1884/607 986/1882/607
f 987/1883/608 989/1885/608 990/1886/608 988/1884/608
f 989/1885/609 991/1887/609 992/1888/609 990/1886/609
f 991/1887/610 993/1889/610 994/1890/610 992/1888/610
f 993/1889/611 995/1891/611 996/1892/611 994/1890/611
f 995/1891/612 997/1893/612 998/1894/612 996/1892/612
f 997/1893/613 999/1895/613 1000/1896/613 998/1894/613
f 999/1895/614 1001/1897/614 1002/1898/614 1000/1896/614
f 1001/1897/615 1003/1899/615 1004/1900/615 1002/1898/615
f 1003/1899/616 1005/1901/616 1006/1902/616 1004/1900/616
f 1005/1901/617 1007/1903/617 1008/1904/617 1006/1902/617
f 1007/1903/618 1009/1905/618 1010/1906/618 1008/1904/618
f 952/1907/619 954/1908/619 956/1909/619 958/1910/619 960/1911/619 962/1912/619 964/1913/619 966/1914/619 968/1915/619 970/1916/619 972/1917/619 974/1918/619 976/1919/619 978/1920/619 980/1921/619 982/1922/619 984/1923/619 986/1924/619 988/1925/619 990/1926/619 992/1927/619 994/1928/619 996/1929/619 998/1930/619 1000/1931/619 1002/1932/619 1004/1933/619 1006/1934/619 1008/1935/619 1010/1936/619 1012/1937/619 950/1938/619
f 1009/1905/620 1011/1939/620 1012/1940/620 1010/1906/620
f 1011/1939/621 949/1941/621 950/1942/621 1012/1940/621
f 949/1943/622 1011/1944/622 1009/1945/622 1007/1946/622 1005/1947/622 1003/1948/622 1001/1949/622 999/1950/622 997/1951/622 995/1952/622 993/1953/622 991/1954/622 989/1955/622 987/1956/622 985/1957/622 983/1958/622 981/1959/622 979/1960/622 977/1961/622 975/1962/622 973/1963/622 971/1964/622 969/1965/622 967/1966/622 965/1967/622 963/1968/622 961/1969/622 959/1970/622 957/1971/622 955/1972/622 953/1973/622 951/1974/622
o Plane.001_Plane.006
v 1.998923 0.231497 -1.232945
v 1.997590 0.231497 2.455230
v 1.169431 0.231497 -1.233245
v 1.168098 0.231497 2.454931
v 1.998256 -0.257593 0.611143
v 1.168765 -0.257593 0.610843
v 1.997986 -0.257593 1.358639
v 1.168494 -0.257593 1.358339
v 1.997804 -0.144247 1.862500
v 1.168312 -0.144247 1.862200
v 1.168647 -0.257593 0.936191
v 1.998139 -0.257593 0.936491
v 1.169035 -0.257593 -0.136652
v 1.998527 -0.257593 -0.136352
v 1.998374 -0.257593 0.285795
v 1.168882 -0.257593 0.285495
v 1.169217 -0.144247 -0.640515
v 1.998709 -0.144247 -0.640215
v 1.997697 -0.017315 2.158865
v 1.168205 -0.017315 2.158566
v 1.169324 -0.017315 -0.936880
v 1.998816 -0.017315 -0.936580
v 1.997643 0.046152 2.307048
v 1.168151 0.046152 2.306748
v 1.169378 0.046152 -1.085062
v 1.998870 0.046152 -1.084762
v 1.169431 0.228785 -1.233245
v 1.168098 0.228785 2.454931
v 1.998923 0.228785 -1.232945
v 1.997590 0.228785 2.455230
v 1.168764 0.717875 0.610843
v 1.998256 0.717875 0.611143
v 1.168494 0.717875 1.358339
v 1.997986 0.717875 1.358639
v 1.168312 0.604529 1.862200
v 1.997804 0.604529 1.862500
v 1.998139 0.717875 0.936491
v 1.168647 0.717875 0.936191
v 1.998527 0.717875 -0.136352
v 1.169035 0.717875 -0.136652
v 1.168882 0.717875 0.285495
v 1.998374 0.717875 0.285795
v 1.998709 0.604529 -0.640215
v 1.169217 0.604529 -0.640515
v 1.168205 0.477597 2.158566
v 1.997697 0.477597 2.158865
v 1.998816 0.477597 -0.936580
v 1.169324 0.477597 -0.936880
v 1.168151 0.414130 2.306748
v 1.997643 0.414130 2.307048
v 1.998870 0.414130 -1.084762
v 1.169378 0.414130 -1.085062
vn 0.0003 0.6245 -0.7811
vn -0.0000 1.0000 -0.0000
vn 0.0001 0.9756 -0.2195
vn -0.0001 0.9756 0.2195
vn -0.0001 0.9192 0.3937
vn 0.0001 0.9192 -0.3937
vn -0.0003 0.6245 0.7811
vn 0.0003 -0.6245 -0.7811
vn -0.0000 -1.0000 -0.0000
vn 0.0001 -0.9756 -0.2195
vn -0.0001 -0.9756 0.2195
vn -0.0001 -0.9192 0.3937
vn 0.0001 -0.9192 -0.3937
vn -0.0003 -0.6245 0.7811
vt 0.968750 0.000000
vt 0.968750 1.000000
vt 1.000000 1.000000
vt 1.000000 0.000000
vt 0.375000 0.000000
vt 0.375000 1.000000
vt 0.500000 1.000000
vt 0.500000 0.000000
vt 0.625000 0.000000
vt 0.625000 1.000000
vt 0.750000 1.000000
vt 0.750000 0.000000
vt 0.875000 1.000000
vt 0.875000 0.000000
vt 0.125000 0.000000
vt 0.125000 1.000000
vt 0.250000 1.000000
vt 0.250000 0.000000
vt 0.062500 0.000000
vt 0.062500 1.000000
vt 0.937500 1.000000
vt 0.937500 0.000000
vt 0.031250 0.000000
vt 0.031250 1.000000
vt 0.000000 0.000000
vt 0.000000 1.000000
s 1
usemtl None
f 1035/1975/623 1036/1976/623 1016/1977/623 1014/1978/623
f 1027/1979/624 1028/1980/624 1018/1981/624 1017/1982/624
f 1024/1983/624 1023/1984/624 1020/1985/624 1019/1986/624
f 1019/1986/625 1020/1985/625 1022/1987/625 1021/1988/625
f 1017/1982/624 1018/1981/624 1023/1984/624 1024/1983/624
f 1030/1989/626 1029/1990/626 1025/1991/626 1026/1992/626
f 1026/1992/624 1025/1991/624 1028/1980/624 1027/1979/624
f 1034/1993/627 1033/1994/627 1029/1990/627 1030/1989/627
f 1021/1988/628 1022/1987/628 1032/1995/628 1031/1996/628
f 1038/1997/627 1037/1998/627 1033/1994/627 1034/1993/627
f 1031/1996/628 1032/1995/628 1036/1976/628 1035/1975/628
f 1013/1999/629 1015/2000/629 1037/1998/629 1038/1997/629
f 1061/1975/630 1062/1976/630 1042/1977/630 1040/1978/630
f 1053/1979/631 1054/1980/631 1044/1981/631 1043/1982/631
f 1050/1983/631 1049/1984/631 1046/1985/631 1045/1986/631
f 1045/1986/632 1046/1985/632 1048/1987/632 1047/1988/632
f 1043/1982/631 1044/1981/631 1049/1984/631 1050/1983/631
f 1056/1989/633 1055/1990/633 1051/1991/633 1052/1992/633
f 1052/1992/631 1051/1991/631 1054/1980/631 1053/1979/631
f 1060/1993/634 1059/1994/634 1055/1990/634 1056/1989/634
f 1047/1988/635 1048/1987/635 1058/1995/635 1057/1996/635
f 1064/1997/634 1063/1998/634 1059/1994/634 1060/1993/634
f 1057/1996/635 1058/1995/635 1062/1976/635 1061/1975/635
f 1039/1999/636 1041/2000/636 1063/1998/636 1064/1997/636
o Plane_Plane.004
v -0.791557 0.231497 2.421173
v -0.790224 0.231497 -1.267003
v -1.621049 0.231497 2.420873
v -1.619716 0.231497 -1.267303
v -0.790890 -0.257593 0.577085
v -1.620382 -0.257593 0.576785
v -0.790620 -0.257593 -0.170411
v -1.620112 -0.257593 -0.170711
v -0.790438 -0.144247 -0.674273
v -1.619930 -0.144247 -0.674572
v -1.620265 -0.257593 0.251437
v -0.790773 -0.257593 0.251737
v -1.620653 -0.257593 1.324281
v -0.791161 -0.257593 1.324581
v -0.791008 -0.257593 0.902433
v -1.620500 -0.257593 0.902133
v -1.620835 -0.144247 1.828143
v -0.791343 -0.144247 1.828443
v -0.790331 -0.017315 -0.970638
v -1.619823 -0.017315 -0.970937
v -1.620942 -0.017315 2.124508
v -0.791450 -0.017315 2.124808
v -0.790277 0.046152 -1.118821
v -1.619769 0.046152 -1.119120
v -1.620996 0.046152 2.272690
v -0.791503 0.046152 2.272990
v -1.621049 0.228785 2.420873
v -1.619716 0.228785 -1.267303
v -0.791557 0.228785 2.421173
v -0.790224 0.228785 -1.267003
v -1.620382 0.717875 0.576785
v -0.790890 0.717875 0.577085
v -1.620112 0.717875 -0.170711
v -0.790620 0.717875 -0.170411
v -1.619930 0.604529 -0.674572
v -0.790438 0.604529 -0.674273
v -0.790773 0.717875 0.251737
v -1.620265 0.717875 0.251437
v -0.791161 0.717875 1.324581
v -1.620653 0.717875 1.324281
v -1.620500 0.717875 0.902133
v -0.791008 0.717875 0.902433
v -0.791343 0.604529 1.828443
v -1.620835 0.604529 1.828143
v -1.619823 0.477597 -0.970937
v -0.790331 0.477597 -0.970638
v -0.791450 0.477597 2.124808
v -1.620942 0.477597 2.124508
v -1.619769 0.414130 -1.119120
v -0.790277 0.414130 -1.118821
v -0.791504 0.414130 2.272990
v -1.620996 0.414130 2.272690
vn -0.0003 0.6245 0.7811
vn -0.0000 1.0000 -0.0000
vn -0.0001 0.9756 0.2195
vn 0.0001 0.9756 -0.2195
vn 0.0001 0.9192 -0.3937
vn -0.0001 0.9192 0.3937
vn 0.0003 0.6245 -0.7811
vn -0.0003 -0.6245 0.7811
vn -0.0000 -1.0000 -0.0000
vn -0.0001 -0.9756 0.2195
vn 0.0001 -0.9756 -0.2195
vn 0.0001 -0.9192 -0.3937
vn -0.0001 -0.9192 0.3937
vn 0.0003 -0.6245 -0.7811
vt 0.968750 0.000000
vt 1.000000 0.000000
vt 1.000000 1.000000
vt 0.968750 1.000000
vt 0.375000 0.000000
vt 0.500000 0.000000
vt 0.500000 1.000000
vt 0.375000 1.000000
vt 0.625000 0.000000
vt 0.750000 0.000000
vt 0.750000 1.000000
vt 0.625000 1.000000
vt 0.875000 0.000000
vt 0.875000 1.000000
vt 0.125000 0.000000
vt 0.250000 0.000000
vt 0.250000 1.000000
vt 0.125000 1.000000
vt 0.062500 0.000000
vt 0.062500 1.000000
vt 0.937500 0.000000
vt 0.937500 1.000000
vt 0.031250 0.000000
vt 0.031250 1.000000
vt 0.000000 0.000000
vt 0.000000 1.000000
s 1
usemtl None
f 1087/2001/637 1066/2002/637 1068/2003/637 1088/2004/637
f 1079/2005/638 1069/2006/638 1070/2007/638 1080/2008/638
f 1076/2009/638 1071/2010/638 1072/2011/638 1075/2012/638
f 1071/2010/639 1073/2013/639 1074/2014/639 1072/2011/639
f 1069/2006/638 1076/2009/638 1075/2012/638 1070/2007/638
f 1082/2015/640 1078/2016/640 1077/2017/640 1081/2018/640
f 1078/2016/638 1079/2005/638 1080/2008/638 1077/2017/638
f 1086/2019/641 1082/2015/641 1081/2018/641 1085/2020/641
f 1073/2013/642 1083/2021/642 1084/2022/642 1074/2014/642
f 1090/2023/641 1086/2019/641 1085/2020/641 1089/2024/641
f 1083/2021/642 1087/2001/642 1088/2004/642 1084/2022/642
f 1065/2025/643 1090/2023/643 1089/2024/643 1067/2026/643
f 1113/2001/644 1092/2002/644 1094/2003/644 1114/2004/644
f 1105/2005/645 1095/2006/645 1096/2007/645 1106/2008/645
f 1102/2009/645 1097/2010/645 1098/2011/645 1101/2012/645
f 1097/2010/646 1099/2013/646 1100/2014/646 1098/2011/646
f 1095/2006/645 1102/2009/645 1101/2012/645 1096/2007/645
f 1108/2015/647 1104/2016/647 1103/2017/647 1107/2018/647
f 1104/2016/645 1105/2005/645 1106/2008/645 1103/2017/645
f 1112/2019/648 1108/2015/648 1107/2018/648 1111/2020/648
f 1099/2013/649 1109/2021/649 1110/2022/649 1100/2014/649
f 1116/2023/648 1112/2019/648 1111/2020/648 1115/2024/648
f 1109/2021/649 1113/2001/649 1114/2004/649 1110/2022/649
f 1091/2025/650 1116/2023/650 1115/2024/650 1093/2026/650
o Sphere.001_Sphere.002
v -0.843988 2.621916 -0.550445
v -0.857503 2.614075 -0.550450
v -0.869958 2.601342 -0.550454
v -0.880876 2.584207 -0.550458
v -0.889835 2.563328 -0.550462
v -0.896493 2.539506 -0.550464
v -0.900592 2.513659 -0.550466
v -0.889835 2.410229 -0.550462
v -0.880876 2.389350 -0.550458
v -0.869958 2.372215 -0.550454
v -0.843716 2.621916 -0.555689
v -0.856969 2.614075 -0.560736
v -0.869184 2.601342 -0.565388
v -0.879890 2.584207 -0.569465
v -0.888676 2.563328 -0.572811
v -0.895205 2.539506 -0.575297
v -0.899224 2.513659 -0.576829
v -0.900582 2.486778 -0.577345
v -0.899224 2.459898 -0.576829
v -0.895205 2.434051 -0.575297
v -0.888676 2.410229 -0.572811
v -0.879890 2.389350 -0.569465
v -0.869184 2.372215 -0.565388
v -0.856969 2.359482 -0.560736
v -0.843716 2.351641 -0.555689
v -0.842915 2.621916 -0.560731
v -0.855398 2.614075 -0.570627
v -0.866901 2.601342 -0.579747
v -0.876984 2.584207 -0.587741
v -0.885259 2.563328 -0.594301
v -0.891408 2.539506 -0.599176
v -0.895195 2.513659 -0.602178
v -0.896474 2.486778 -0.603191
v -0.895195 2.459898 -0.602178
v -0.891408 2.434051 -0.599176
v -0.885259 2.410229 -0.594301
v -0.876984 2.389350 -0.587741
v -0.866901 2.372215 -0.579747
v -0.855398 2.359482 -0.570627
v -0.842915 2.351641 -0.560731
v -0.841615 2.621916 -0.565378
v -0.852846 2.614075 -0.579742
v -0.863198 2.601342 -0.592980
v -0.872270 2.584207 -0.604583
v -0.879717 2.563328 -0.614106
v -0.885249 2.539506 -0.621182
v -0.888657 2.513659 -0.625539
v -0.889807 2.486778 -0.627011
v -0.888657 2.459898 -0.625539
v -0.885249 2.434051 -0.621182
v -0.879717 2.410229 -0.614106
v -0.872270 2.389350 -0.604583
v -0.863198 2.372215 -0.592980
v -0.852846 2.359482 -0.579742
v -0.841614 2.351641 -0.565378
v -0.839865 2.621916 -0.569451
v -0.849414 2.614075 -0.587731
v -0.858215 2.601342 -0.604578
v -0.865930 2.584207 -0.619345
v -0.872261 2.563328 -0.631463
v -0.876965 2.539506 -0.640469
v -0.879862 2.513659 -0.646014
v -0.880841 2.486778 -0.647886
v -0.879862 2.459898 -0.646014
v -0.876965 2.434051 -0.640469
v -0.872261 2.410229 -0.631463
v -0.865930 2.389350 -0.619345
v -0.858215 2.372215 -0.604578
v -0.849414 2.359482 -0.587731
v -0.839865 2.351641 -0.569451
v -0.837734 2.621916 -0.572793
v -0.845234 2.614075 -0.594286
v -0.852147 2.601342 -0.614096
v -0.858206 2.584207 -0.631458
v -0.863178 2.563328 -0.645708
v -0.866874 2.539506 -0.656296
v -0.869148 2.513659 -0.662816
v -0.869916 2.486778 -0.665017
v -0.869148 2.459898 -0.662816
v -0.866874 2.434051 -0.656296
v -0.863178 2.410229 -0.645708
v -0.858206 2.389350 -0.631458
v -0.852147 2.372215 -0.614096
v -0.845234 2.359482 -0.594286
v -0.837734 2.351641 -0.572793
v -0.835303 2.621916 -0.575276
v -0.840466 2.614075 -0.599158
v -0.845224 2.601342 -0.621168
v -0.849395 2.584207 -0.640459
v -0.852819 2.563328 -0.656291
v -0.855362 2.539506 -0.668055
v -0.856928 2.513659 -0.675300
v -0.857457 2.486778 -0.677746
v -0.856928 2.459898 -0.675300
v -0.855362 2.434051 -0.668055
v -0.852819 2.410229 -0.656291
v -0.849395 2.389350 -0.640459
v -0.845224 2.372215 -0.621168
v -0.840466 2.359482 -0.599158
v -0.835303 2.351641 -0.575276
v -0.832665 2.621916 -0.576805
v -0.835293 2.614075 -0.602156
v -0.837715 2.601342 -0.625521
v -0.839837 2.584207 -0.646000
v -0.841579 2.563328 -0.662806
v -0.842874 2.539506 -0.675295
v -0.843670 2.513659 -0.682985
v -0.843939 2.486778 -0.685582
v -0.843670 2.459898 -0.682985
v -0.842874 2.434051 -0.675295
v -0.841579 2.410229 -0.662806
v -0.839837 2.389350 -0.646000
v -0.837715 2.372215 -0.625521
v -0.835293 2.359482 -0.602156
v -0.832665 2.351641 -0.576805
v -0.829924 2.621916 -0.577320
v -0.829915 2.614075 -0.603167
v -0.829906 2.601342 -0.626989
v -0.829899 2.584207 -0.647868
v -0.829893 2.563328 -0.665003
v -0.829888 2.539506 -0.677736
v -0.829885 2.513659 -0.685577
v -0.829884 2.486778 -0.688224
v -0.829885 2.459898 -0.685577
v -0.829888 2.434051 -0.677736
v -0.829893 2.410229 -0.665003
v -0.829899 2.389350 -0.647868
v -0.829906 2.372215 -0.626989
v -0.829915 2.359482 -0.603167
v -0.829924 2.351641 -0.577320
v -0.827182 2.621916 -0.576803
v -0.824536 2.614075 -0.602152
v -0.822098 2.601342 -0.625515
v -0.819960 2.584207 -0.645992
v -0.818206 2.563328 -0.662798
v -0.816904 2.539506 -0.675285
v -0.816101 2.513659 -0.682975
v -0.815830 2.486778 -0.685572
v -0.816101 2.459898 -0.682975
v -0.816904 2.434051 -0.675285
v -0.818206 2.410229 -0.662798
v -0.819960 2.389350 -0.645992
v -0.822098 2.372215 -0.625515
v -0.824536 2.359482 -0.602152
v -0.827182 2.351641 -0.576803
v -0.824546 2.621916 -0.575272
v -0.819365 2.614075 -0.599150
v -0.814591 2.601342 -0.621156
v -0.810406 2.584207 -0.640445
v -0.806972 2.563328 -0.656275
v -0.804420 2.539506 -0.668037
v -0.802849 2.513659 -0.675280
v -0.802318 2.486778 -0.677726
v -0.802849 2.459898 -0.675280
v -0.804420 2.434051 -0.668037
v -0.806972 2.410229 -0.656275
v -0.810406 2.389350 -0.640445
v -0.814591 2.372215 -0.621156
v -0.819365 2.359482 -0.599150
v -0.824546 2.351641 -0.575272
v -0.822117 2.621916 -0.572787
v -0.814601 2.614075 -0.594275
v -0.807674 2.601342 -0.614080
v -0.801603 2.584207 -0.631438
v -0.796620 2.563328 -0.645684
v -0.792917 2.539506 -0.656270
v -0.790637 2.513659 -0.662788
v -0.789868 2.486778 -0.664989
v -0.790637 2.459898 -0.662788
v -0.792917 2.434051 -0.656270
v -0.796620 2.410229 -0.645684
v -0.801603 2.389350 -0.631438
v -0.807674 2.372215 -0.614080
v -0.814601 2.359482 -0.594275
v -0.822117 2.351641 -0.572787
v -0.819988 2.621916 -0.569443
v -0.810426 2.614075 -0.587717
v -0.801612 2.601342 -0.604558
v -0.793887 2.584207 -0.619319
v -0.787548 2.563328 -0.631433
v -0.782836 2.539506 -0.640435
v -0.779935 2.513659 -0.645978
v -0.778957 2.486778 -0.647850
v -0.779935 2.459898 -0.645978
v -0.782836 2.434051 -0.640435
v -0.787548 2.410229 -0.631433
v -0.793887 2.389350 -0.619319
v -0.801612 2.372215 -0.604558
v -0.810426 2.359482 -0.587717
v -0.819988 2.351641 -0.569443
v -0.818242 2.621916 -0.565370
v -0.806999 2.614075 -0.579726
v -0.796639 2.601342 -0.592956
v -0.787557 2.584207 -0.604553
v -0.780104 2.563328 -0.614070
v -0.774566 2.539506 -0.621142
v -0.771156 2.513659 -0.625497
v -0.770004 2.486778 -0.626967
v -0.771156 2.459898 -0.625497
v -0.774566 2.434051 -0.621142
v -0.780104 2.410229 -0.614070
v -0.787557 2.389350 -0.604553
v -0.796639 2.372215 -0.592956
v -0.806999 2.359482 -0.579726
v -0.818241 2.351641 -0.565370
v -0.816945 2.621916 -0.560721
v -0.804456 2.614075 -0.570609
v -0.792944 2.601342 -0.579720
v -0.782856 2.584207 -0.587707
v -0.774576 2.563328 -0.594261
v -0.768423 2.539506 -0.599132
v -0.764635 2.513659 -0.602130
v -0.763356 2.486778 -0.603143
v -0.764635 2.459898 -0.602130
v -0.768423 2.434051 -0.599132
v -0.774576 2.410229 -0.594261
v -0.782856 2.389350 -0.587707
v -0.792944 2.372215 -0.579720
v -0.804456 2.359482 -0.570609
v -0.816945 2.351641 -0.560721
v -0.816147 2.621916 -0.555679
v -0.802890 2.614075 -0.560716
v -0.790673 2.601342 -0.565360
v -0.779963 2.584207 -0.569429
v -0.771175 2.563328 -0.572769
v -0.764645 2.539506 -0.575250
v -0.760623 2.513659 -0.576778
v -0.759265 2.486778 -0.577294
v -0.760623 2.459898 -0.576778
v -0.764645 2.434051 -0.575250
v -0.771175 2.410229 -0.572769
v -0.779963 2.389350 -0.569429
v -0.790673 2.372215 -0.565360
v -0.802890 2.359482 -0.560716
v -0.816147 2.351641 -0.555679
v -0.815879 2.621916 -0.550435
v -0.802364 2.614075 -0.550430
v -0.789909 2.601342 -0.550426
v -0.778992 2.584207 -0.550422
v -0.770032 2.563328 -0.550418
v -0.763375 2.539506 -0.550416
v -0.759275 2.513659 -0.550414
v -0.757891 2.486778 -0.550414
v -0.759275 2.459898 -0.550414
v -0.763375 2.434051 -0.550416
v -0.770032 2.410229 -0.550418
v -0.778992 2.389350 -0.550422
v -0.789909 2.372215 -0.550426
v -0.802364 2.359482 -0.550430
v -0.815879 2.351641 -0.550435
v -0.816151 2.621916 -0.545190
v -0.802898 2.614075 -0.540143
v -0.790683 2.601342 -0.535492
v -0.779977 2.584207 -0.531414
v -0.771191 2.563328 -0.528068
v -0.764663 2.539506 -0.525581
v -0.760643 2.513659 -0.524051
v -0.759285 2.486778 -0.523533
v -0.760643 2.459898 -0.524051
v -0.764663 2.434051 -0.525581
v -0.771191 2.410229 -0.528068
v -0.779977 2.389350 -0.531414
v -0.790683 2.372215 -0.535492
v -0.802898 2.359482 -0.540143
v -0.816151 2.351641 -0.545190
v -0.816953 2.621916 -0.540148
v -0.804470 2.614075 -0.530253
v -0.792966 2.601342 -0.521133
v -0.782882 2.584207 -0.513138
v -0.774608 2.563328 -0.506578
v -0.768459 2.539506 -0.501703
v -0.764673 2.513659 -0.498701
v -0.763394 2.486778 -0.497688
v -0.764673 2.459898 -0.498701
v -0.768459 2.434051 -0.501703
v -0.774608 2.410229 -0.506578
v -0.782882 2.389350 -0.513138
v -0.792966 2.372215 -0.521133
v -0.804470 2.359482 -0.530253
v -0.816953 2.351641 -0.540148
v -0.818252 2.621916 -0.535502
v -0.807021 2.614075 -0.521138
v -0.796669 2.601342 -0.507899
v -0.787597 2.584207 -0.496296
v -0.780150 2.563328 -0.486773
v -0.774618 2.539506 -0.479698
v -0.771210 2.513659 -0.475340
v -0.770060 2.486778 -0.473869
v -0.771210 2.459898 -0.475340
v -0.774618 2.434051 -0.479698
v -0.780150 2.410229 -0.486773
v -0.787597 2.389350 -0.496296
v -0.796669 2.372215 -0.507899
v -0.807021 2.359482 -0.521138
v -0.818252 2.351641 -0.535502
v -0.820002 2.621916 -0.531428
v -0.810452 2.614075 -0.513148
v -0.801652 2.601342 -0.496301
v -0.793937 2.584207 -0.481534
v -0.787606 2.563328 -0.469416
v -0.782902 2.539506 -0.460411
v -0.780005 2.513659 -0.454865
v -0.779027 2.486778 -0.452993
v -0.780005 2.459898 -0.454865
v -0.782902 2.434051 -0.460411
v -0.787606 2.410229 -0.469416
v -0.793937 2.389350 -0.481534
v -0.801652 2.372215 -0.496301
v -0.810452 2.359482 -0.513148
v -0.820002 2.351641 -0.531428
v -0.822133 2.621916 -0.528086
v -0.814633 2.614075 -0.506592
v -0.807720 2.601342 -0.486783
v -0.801661 2.584207 -0.469421
v -0.796688 2.563328 -0.455171
v -0.792993 2.539506 -0.444584
v -0.790719 2.513659 -0.438063
v -0.789950 2.486778 -0.435861
v -0.790719 2.459898 -0.438063
v -0.792993 2.434051 -0.444584
v -0.796688 2.410229 -0.455171
v -0.801661 2.389350 -0.469421
v -0.807720 2.372215 -0.486783
v -0.814633 2.359482 -0.506592
v -0.822133 2.351641 -0.528086
v -0.829934 2.624563 -0.550440
v -0.824564 2.621916 -0.525603
v -0.819401 2.614075 -0.501721
v -0.814642 2.601342 -0.479712
v -0.810472 2.584207 -0.460421
v -0.807048 2.563328 -0.444589
v -0.804505 2.539506 -0.432824
v -0.802939 2.513659 -0.425579
v -0.802410 2.486778 -0.423133
v -0.802939 2.459898 -0.425579
v -0.804505 2.434051 -0.432824
v -0.807048 2.410229 -0.444589
v -0.810472 2.389350 -0.460421
v -0.814642 2.372215 -0.479712
v -0.819401 2.359482 -0.501721
v -0.824564 2.351641 -0.525603
v -0.827201 2.621916 -0.524075
v -0.824574 2.614075 -0.498723
v -0.822152 2.601342 -0.475359
v -0.820029 2.584207 -0.454879
v -0.818288 2.563328 -0.438073
v -0.816994 2.539506 -0.425584
v -0.816197 2.513659 -0.417894
v -0.815928 2.486778 -0.415298
v -0.816197 2.459898 -0.417894
v -0.816994 2.434051 -0.425584
v -0.818287 2.410229 -0.438073
v -0.820029 2.389350 -0.454879
v -0.822152 2.372215 -0.475359
v -0.824574 2.359482 -0.498723
v -0.827201 2.351641 -0.524075
v -0.829944 2.621916 -0.523559
v -0.829953 2.614075 -0.497712
v -0.829962 2.601342 -0.473891
v -0.829969 2.584207 -0.453011
v -0.829975 2.563328 -0.435876
v -0.829980 2.539506 -0.423143
v -0.829983 2.513659 -0.415303
v -0.829984 2.486778 -0.412655
v -0.829983 2.459898 -0.415303
v -0.829980 2.434051 -0.423143
v -0.829975 2.410229 -0.435876
v -0.829969 2.389350 -0.453011
v -0.829962 2.372215 -0.473891
v -0.829953 2.359482 -0.497712
v -0.829944 2.351641 -0.523559
v -0.832685 2.621916 -0.524077
v -0.835331 2.614075 -0.498727
v -0.837769 2.601342 -0.475365
v -0.839907 2.584207 -0.454887
v -0.841661 2.563328 -0.438081
v -0.842964 2.539506 -0.425594
v -0.843766 2.513659 -0.417904
v -0.844037 2.486778 -0.415308
v -0.843766 2.459898 -0.417904
v -0.842964 2.434051 -0.425594
v -0.841660 2.410229 -0.438081
v -0.839906 2.389350 -0.454887
v -0.837769 2.372215 -0.475365
v -0.835331 2.359482 -0.498727
v -0.832685 2.351641 -0.524077
v -0.835321 2.621916 -0.525607
v -0.840502 2.614075 -0.501729
v -0.845276 2.601342 -0.479723
v -0.849460 2.584207 -0.460435
v -0.852895 2.563328 -0.444605
v -0.855447 2.539506 -0.432842
v -0.857018 2.513659 -0.425599
v -0.857549 2.486778 -0.423153
v -0.857018 2.459898 -0.425599
v -0.855447 2.434051 -0.432842
v -0.852895 2.410229 -0.444605
v -0.849460 2.389350 -0.460435
v -0.845276 2.372215 -0.479723
v -0.840502 2.359482 -0.501729
v -0.835321 2.351641 -0.525607
v -0.837750 2.621916 -0.528092
v -0.845266 2.614075 -0.506603
v -0.852193 2.601342 -0.486799
v -0.858264 2.584207 -0.469441
v -0.863247 2.563328 -0.455195
v -0.866950 2.539506 -0.444610
v -0.869230 2.513659 -0.438091
v -0.869999 2.486778 -0.435890
v -0.869230 2.459898 -0.438091
v -0.866950 2.434051 -0.444610
v -0.863247 2.410229 -0.455195
v -0.858264 2.389350 -0.469441
v -0.852193 2.372215 -0.486799
v -0.845266 2.359482 -0.506603
v -0.837750 2.351641 -0.528092
v -0.839879 2.621916 -0.531436
v -0.849441 2.614075 -0.513162
v -0.858255 2.601342 -0.496321
v -0.865980 2.584207 -0.481560
v -0.872319 2.563328 -0.469446
v -0.877030 2.539506 -0.460445
v -0.879932 2.513659 -0.454901
v -0.880911 2.486778 -0.453029
v -0.879931 2.459898 -0.454901
v -0.877030 2.434051 -0.460445
v -0.872319 2.410229 -0.469446
v -0.865980 2.389350 -0.481560
v -0.858255 2.372215 -0.496321
v -0.849441 2.359482 -0.513162
v -0.839879 2.351641 -0.531436
v -0.841625 2.621916 -0.535510
v -0.852868 2.614075 -0.521154
v -0.863228 2.601342 -0.507923
v -0.872310 2.584207 -0.496326
v -0.879763 2.563328 -0.486809
v -0.885301 2.539506 -0.479738
v -0.888711 2.513659 -0.475383
v -0.889863 2.486778 -0.473913
v -0.888711 2.459898 -0.475383
v -0.885301 2.434051 -0.479738
v -0.879763 2.410229 -0.486809
v -0.872310 2.389350 -0.496326
v -0.863228 2.372215 -0.507923
v -0.852867 2.359482 -0.521154
v -0.841625 2.351641 -0.535510
v -0.842923 2.621916 -0.540158
v -0.855412 2.614075 -0.530271
v -0.866923 2.601342 -0.521159
v -0.877011 2.584207 -0.513172
v -0.885291 2.563328 -0.506618
v -0.891443 2.539506 -0.501747
v -0.895233 2.513659 -0.498749
v -0.896511 2.486778 -0.497736
v -0.895233 2.459898 -0.498749
v -0.891443 2.434051 -0.501747
v -0.885291 2.410229 -0.506618
v -0.877011 2.389350 -0.513172
v -0.866922 2.372215 -0.521159
v -0.855412 2.359482 -0.530271
v -0.842923 2.351641 -0.540158
v -0.843720 2.621916 -0.545200
v -0.856977 2.614075 -0.540163
v -0.869194 2.601342 -0.535520
v -0.879904 2.584207 -0.531450
v -0.888692 2.563328 -0.528110
v -0.895223 2.539506 -0.525628
v -0.899243 2.513659 -0.524101
v -0.900602 2.486778 -0.523584
v -0.899243 2.459898 -0.524101
v -0.895223 2.434051 -0.525628
v -0.888692 2.410229 -0.528110
v -0.879904 2.389350 -0.531450
v -0.869194 2.372215 -0.535520
v -0.856977 2.359482 -0.540163
v -0.843720 2.351641 -0.545200
v -0.901976 2.486778 -0.550466
v -0.900592 2.459898 -0.550466
v -0.896492 2.434051 -0.550464
v -0.857503 2.359482 -0.550450
v -0.843988 2.351641 -0.550445
v -0.829934 2.348994 -0.550440
vn -0.9433 0.3318 -0.0003
vn -0.8846 0.4663 -0.0003
vn -0.8770 0.4715 -0.0924
vn -0.9366 0.3360 -0.0989
vn -0.7846 -0.6200 -0.0003
vn -0.8846 -0.4663 -0.0003
vn -0.8770 -0.4715 -0.0924
vn -0.7761 -0.6253 -0.0815
vn -0.9771 0.2129 -0.0004
vn -0.9710 0.2158 -0.1025
vn -0.6167 -0.7872 -0.0002
vn -0.6083 -0.7912 -0.0633
vn -0.9946 0.1040 -0.0004
vn -0.9889 0.1055 -0.1044
vn -0.3533 -0.9355 -0.0001
vn -0.3478 -0.9369 -0.0352
vn -1.0000 -0.0000 -0.0004
vn -0.9945 -0.0000 -0.1050
vn -0.3533 0.9355 -0.0001
vn -0.0000 1.0000 -0.0000
vn -0.3478 0.9369 -0.0352
vn -0.0000 -1.0000 -0.0000
vn -0.9946 -0.1040 -0.0004
vn -0.9889 -0.1055 -0.1044
vn -0.6167 0.7872 -0.0002
vn -0.6083 0.7912 -0.0633
vn -0.9771 -0.2129 -0.0004
vn -0.9710 -0.2158 -0.1025
vn -0.7846 0.6200 -0.0003
vn -0.7761 0.6253 -0.0815
vn -0.9434 -0.3318 -0.0003
vn -0.9367 -0.3360 -0.0988
vn -0.9517 -0.2248 -0.2090
vn -0.9153 -0.3490 -0.2009
vn -0.7498 0.6411 -0.1637
vn -0.8531 0.4871 -0.1869
vn -0.8531 -0.4871 -0.1869
vn -0.9153 0.3490 -0.2009
vn -0.7498 -0.6411 -0.1637
vn -0.9517 0.2248 -0.2090
vn -0.5827 -0.8028 -0.1260
vn -0.9708 0.1101 -0.2132
vn -0.3312 -0.9410 -0.0697
vn -0.9767 -0.0000 -0.2146
vn -0.3313 0.9410 -0.0697
vn -0.9708 -0.1101 -0.2132
vn -0.5827 0.8028 -0.1260
vn -0.5387 -0.8213 -0.1877
vn -0.3033 -0.9473 -0.1030
vn -0.9359 0.1182 -0.3319
vn -0.9425 -0.0000 -0.3343
vn -0.3033 0.9473 -0.1030
vn -0.9359 -0.1182 -0.3319
vn -0.5387 0.8213 -0.1877
vn -0.9149 -0.2406 -0.3243
vn -0.7028 0.6670 -0.2472
vn -0.8753 -0.3713 -0.3100
vn -0.8090 0.5136 -0.2859
vn -0.8090 -0.5136 -0.2859
vn -0.8753 0.3713 -0.3100
vn -0.7028 -0.6670 -0.2472
vn -0.9149 0.2405 -0.3243
vn -0.8082 -0.4037 -0.4288
vn -0.7378 -0.5507 -0.3903
vn -0.7378 0.5507 -0.3903
vn -0.8082 0.4037 -0.4288
vn -0.6305 -0.7018 -0.3316
vn -0.8517 0.2640 -0.4527
vn -0.4745 -0.8449 -0.2470
vn -0.8753 0.1303 -0.4656
vn -0.2639 -0.9552 -0.1340
vn -0.8828 -0.0000 -0.4697
vn -0.2639 0.9552 -0.1340
vn -0.8753 -0.1303 -0.4656
vn -0.4745 0.8449 -0.2470
vn -0.8517 -0.2640 -0.4527
vn -0.6305 0.7018 -0.3316
vn -0.2130 0.9636 -0.1617
vn -0.2130 -0.9636 -0.1617
vn -0.7812 -0.0000 -0.6243
vn -0.7729 -0.1469 -0.6173
vn -0.3879 0.8709 -0.3017
vn -0.7469 -0.2953 -0.5958
vn -0.5266 0.7424 -0.4142
vn -0.7005 -0.4458 -0.5573
vn -0.6290 0.5967 -0.4983
vn -0.6290 -0.5967 -0.4983
vn -0.7005 0.4458 -0.5573
vn -0.5266 -0.7424 -0.4142
vn -0.7469 0.2953 -0.5958
vn -0.3879 -0.8709 -0.3017
vn -0.7729 0.1469 -0.6173
vn -0.4704 0.6456 -0.6016
vn -0.5339 0.4931 -0.6869
vn -0.4704 -0.6456 -0.6016
vn -0.3852 -0.7829 -0.4885
vn -0.5774 0.3320 -0.7459
vn -0.2779 -0.8953 -0.3481
vn -0.6027 0.1668 -0.7803
vn -0.1509 -0.9712 -0.1845
vn -0.6110 -0.0000 -0.7916
vn -0.1509 0.9712 -0.1845
vn -0.6027 -0.1668 -0.7803
vn -0.2779 0.8953 -0.3481
vn -0.5774 -0.3320 -0.7459
vn -0.3852 0.7829 -0.4885
vn -0.5339 -0.4931 -0.6869
vn -0.3457 -0.0000 -0.9383
vn -0.3401 -0.1851 -0.9220
vn -0.0788 0.9765 -0.2004
vn -0.1460 0.9131 -0.3806
vn -0.3232 -0.3649 -0.8732
vn -0.2057 0.8142 -0.5430
vn -0.2950 -0.5337 -0.7926
vn -0.2557 0.6856 -0.6816
vn -0.2557 -0.6856 -0.6816
vn -0.2950 0.5337 -0.7926
vn -0.2057 -0.8142 -0.5430
vn -0.3232 0.3649 -0.8732
vn -0.1460 -0.9131 -0.3806
vn -0.3401 0.1851 -0.9220
vn -0.0788 -0.9765 -0.2004
vn 0.0003 -0.7014 -0.7128
vn 0.0002 -0.8261 -0.5635
vn 0.0003 0.5503 -0.8350
vn 0.0003 0.3787 -0.9255
vn 0.0001 -0.9197 -0.3925
vn 0.0003 0.1929 -0.9812
vn 0.0001 -0.9785 -0.2062
vn 0.0004 -0.0000 -1.0000
vn 0.0001 0.9785 -0.2062
vn 0.0004 -0.1929 -0.9812
vn 0.0001 0.9197 -0.3925
vn 0.0003 -0.3787 -0.9255
vn 0.0002 0.8261 -0.5635
vn 0.0003 -0.5503 -0.8350
vn 0.0003 0.7014 -0.7128
vn 0.0789 0.9765 -0.2003
vn 0.1463 0.9131 -0.3805
vn 0.3408 -0.1851 -0.9217
vn 0.3238 -0.3649 -0.8729
vn 0.2060 0.8142 -0.5428
vn 0.2956 -0.5337 -0.7923
vn 0.2562 0.6856 -0.6815
vn 0.2562 -0.6856 -0.6815
vn 0.2956 0.5337 -0.7924
vn 0.2060 -0.8142 -0.5428
vn 0.3238 0.3649 -0.8729
vn 0.1463 -0.9131 -0.3805
vn 0.3408 0.1851 -0.9217
vn 0.0789 -0.9765 -0.2003
vn 0.3464 -0.0000 -0.9381
vn 0.5344 0.4930 -0.6865
vn 0.5780 0.3320 -0.7455
vn 0.3856 -0.7829 -0.4882
vn 0.2782 -0.8953 -0.3479
vn 0.6033 0.1668 -0.7799
vn 0.1510 -0.9712 -0.1844
vn 0.6115 -0.0000 -0.7912
vn 0.1511 0.9712 -0.1844
vn 0.6033 -0.1668 -0.7799
vn 0.2782 0.8953 -0.3479
vn 0.5780 -0.3320 -0.7455
vn 0.3856 0.7829 -0.4882
vn 0.5344 -0.4930 -0.6865
vn 0.4708 0.6456 -0.6012
vn 0.4708 -0.6456 -0.6012
vn 0.7733 -0.1469 -0.6168
vn 0.7473 -0.2953 -0.5952
vn 0.3882 0.8709 -0.3014
vn 0.5269 0.7424 -0.4138
vn 0.7009 -0.4458 -0.5568
vn 0.6294 0.5967 -0.4978
vn 0.6294 -0.5967 -0.4978
vn 0.7009 0.4458 -0.5568
vn 0.5269 -0.7424 -0.4138
vn 0.7473 0.2953 -0.5952
vn 0.3882 -0.8709 -0.3014
vn 0.7733 0.1469 -0.6168
vn 0.2131 -0.9636 -0.1615
vn 0.7817 -0.0000 -0.6237
vn 0.2131 0.9636 -0.1615
vn 0.6307 -0.7018 -0.3312
vn 0.4747 -0.8449 -0.2466
vn 0.8521 0.2640 -0.4520
vn 0.8757 0.1303 -0.4650
vn 0.2640 -0.9552 -0.1338
vn 0.8832 -0.0000 -0.4691
vn 0.2640 0.9552 -0.1338
vn 0.8757 -0.1303 -0.4650
vn 0.4747 0.8449 -0.2466
vn 0.8521 -0.2640 -0.4520
vn 0.6307 0.7018 -0.3312
vn 0.8085 -0.4037 -0.4282
vn 0.7381 0.5507 -0.3897
vn 0.7381 -0.5507 -0.3897
vn 0.8085 0.4037 -0.4282
vn 0.9151 -0.2405 -0.3236
vn 0.8755 -0.3713 -0.3093
vn 0.7030 0.6670 -0.2467
vn 0.8092 0.5136 -0.2853
vn 0.8092 -0.5136 -0.2853
vn 0.8755 0.3713 -0.3093
vn 0.7030 -0.6670 -0.2467
vn 0.9151 0.2405 -0.3236
vn 0.5389 -0.8213 -0.1873
vn 0.9361 0.1182 -0.3312
vn 0.3034 -0.9473 -0.1028
vn 0.9427 -0.0000 -0.3336
vn 0.3034 0.9473 -0.1028
vn 0.9361 -0.1182 -0.3312
vn 0.5389 0.8213 -0.1873
vn 0.5828 -0.8028 -0.1256
vn 0.3313 -0.9410 -0.0695
vn 0.9709 0.1101 -0.2125
vn 0.9769 -0.0000 -0.2138
vn 0.3313 0.9410 -0.0695
vn 0.9709 -0.1101 -0.2125
vn 0.5828 0.8029 -0.1256
vn 0.9519 -0.2248 -0.2083
vn 0.7499 0.6411 -0.1631
vn 0.9155 -0.3490 -0.2002
vn 0.8532 0.4871 -0.1863
vn 0.8532 -0.4871 -0.1863
vn 0.9155 0.3490 -0.2002
vn 0.7499 -0.6411 -0.1631
vn 0.9519 0.2248 -0.2083
vn 0.7762 0.6253 -0.0810
vn 0.8771 0.4715 -0.0918
vn 0.9367 -0.3360 -0.0982
vn 0.8771 -0.4715 -0.0918
vn 0.9367 0.3360 -0.0982
vn 0.7762 -0.6253 -0.0810
vn 0.9711 0.2158 -0.1018
vn 0.6083 -0.7912 -0.0629
vn 0.9890 0.1055 -0.1037
vn 0.3478 -0.9369 -0.0350
vn 0.9945 -0.0000 -0.1043
vn 0.3478 0.9369 -0.0350
vn 0.9890 -0.1055 -0.1037
vn 0.6083 0.7912 -0.0629
vn 0.9711 -0.2158 -0.1018
vn 0.9946 0.1040 0.0004
vn 1.0000 -0.0000 0.0004
vn 0.3533 0.9355 0.0001
vn 0.3533 -0.9355 0.0001
vn 0.9946 -0.1040 0.0004
vn 0.6167 0.7872 0.0002
vn 0.9771 -0.2129 0.0004
vn 0.7846 0.6200 0.0003
vn 0.9434 -0.3318 0.0003
vn 0.8846 0.4663 0.0003
vn 0.8846 -0.4663 0.0003
vn 0.9434 0.3318 0.0003
vn 0.7846 -0.6200 0.0003
vn 0.9771 0.2129 0.0004
vn 0.6167 -0.7872 0.0002
vn 0.9367 -0.3360 0.0988
vn 0.8770 -0.4715 0.0924
vn 0.8770 0.4715 0.0924
vn 0.9367 0.3360 0.0988
vn 0.7761 -0.6253 0.0815
vn 0.9710 0.2158 0.1025
vn 0.6083 -0.7912 0.0634
vn 0.9889 0.1055 0.1044
vn 0.3478 -0.9369 0.0352
vn 0.9945 -0.0000 0.1050
vn 0.3478 0.9369 0.0352
vn 0.9889 -0.1055 0.1044
vn 0.6083 0.7912 0.0634
vn 0.9710 -0.2158 0.1025
vn 0.7761 0.6253 0.0815
vn 0.3312 0.9410 0.0697
vn 0.3312 -0.9410 0.0697
vn 0.9767 -0.0000 0.2146
vn 0.9708 -0.1101 0.2132
vn 0.5827 0.8028 0.1260
vn 0.9517 -0.2248 0.2090
vn 0.7498 0.6411 0.1637
vn 0.9154 -0.3490 0.2009
vn 0.8531 0.4871 0.1869
vn 0.8531 -0.4871 0.1869
vn 0.9154 0.3490 0.2009
vn 0.7498 -0.6411 0.1637
vn 0.9517 0.2248 0.2090
vn 0.5827 -0.8029 0.1260
vn 0.9708 0.1101 0.2132
vn 0.8090 0.5136 0.2859
vn 0.8753 0.3713 0.3100
vn 0.8090 -0.5136 0.2859
vn 0.7028 -0.6670 0.2472
vn 0.9149 0.2405 0.3243
vn 0.5387 -0.8213 0.1876
vn 0.9359 0.1182 0.3319
vn 0.3033 -0.9473 0.1030
vn 0.9425 -0.0000 0.3343
vn 0.3033 0.9473 0.1030
vn 0.9359 -0.1182 0.3319
vn 0.5387 0.8213 0.1876
vn 0.9149 -0.2405 0.3243
vn 0.7028 0.6670 0.2472
vn 0.8753 -0.3713 0.3100
vn 0.8828 -0.0000 0.4697
vn 0.8753 -0.1303 0.4656
vn 0.2639 0.9552 0.1340
vn 0.4745 0.8449 0.2470
vn 0.8517 -0.2640 0.4527
vn 0.6305 0.7018 0.3316
vn 0.8082 -0.4037 0.4288
vn 0.7378 0.5507 0.3903
vn 0.7378 -0.5507 0.3903
vn 0.8082 0.4037 0.4288
vn 0.6305 -0.7018 0.3316
vn 0.8517 0.2640 0.4527
vn 0.4745 -0.8449 0.2470
vn 0.8753 0.1303 0.4656
vn 0.2639 -0.9552 0.1340
vn 0.6290 -0.5967 0.4983
vn 0.5266 -0.7424 0.4142
vn 0.7005 0.4458 0.5573
vn 0.7469 0.2953 0.5958
vn 0.3879 -0.8709 0.3017
vn 0.7729 0.1469 0.6173
vn 0.2130 -0.9636 0.1617
vn 0.7812 -0.0000 0.6243
vn 0.2130 0.9636 0.1617
vn 0.7729 -0.1469 0.6173
vn 0.3879 0.8709 0.3017
vn 0.7469 -0.2953 0.5958
vn 0.5266 0.7424 0.4142
vn 0.7005 -0.4458 0.5573
vn 0.6290 0.5967 0.4983
vn 0.6027 -0.1668 0.7803
vn 0.5774 -0.3320 0.7459
vn 0.2779 0.8953 0.3481
vn 0.3852 0.7829 0.4885
vn 0.5339 -0.4931 0.6869
vn 0.4704 0.6456 0.6016
vn 0.4704 -0.6456 0.6016
vn 0.5339 0.4931 0.6869
vn 0.3852 -0.7829 0.4885
vn 0.5774 0.3320 0.7459
vn 0.2779 -0.8953 0.3481
vn 0.6027 0.1668 0.7803
vn 0.1509 -0.9712 0.1845
vn 0.6110 -0.0000 0.7917
vn 0.1509 0.9712 0.1845
vn 0.2057 -0.8142 0.5430
vn 0.1460 -0.9131 0.3806
vn 0.3232 0.3649 0.8732
vn 0.3401 0.1851 0.9220
vn 0.0788 -0.9766 0.2004
vn 0.3457 -0.0000 0.9383
vn 0.0787 0.9766 0.2004
vn 0.3401 -0.1851 0.9220
vn 0.1460 0.9131 0.3806
vn 0.3232 -0.3649 0.8732
vn 0.2057 0.8142 0.5430
vn 0.2950 -0.5337 0.7926
vn 0.2557 0.6856 0.6816
vn 0.2557 -0.6856 0.6816
vn 0.2950 0.5337 0.7926
vn -0.0001 0.9197 0.3925
vn -0.0002 0.8261 0.5635
vn -0.0003 -0.3786 0.9255
vn -0.0003 -0.5503 0.8350
vn -0.0003 0.7014 0.7128
vn -0.0003 -0.7014 0.7128
vn -0.0003 0.5503 0.8350
vn -0.0002 -0.8261 0.5635
vn -0.0003 0.3786 0.9255
vn -0.0001 -0.9197 0.3925
vn -0.0004 0.1929 0.9812
vn -0.0001 -0.9785 0.2062
vn -0.0004 -0.0000 1.0000
vn -0.0001 0.9785 0.2062
vn -0.0004 -0.1929 0.9812
vn -0.3238 0.3649 0.8729
vn -0.3408 0.1851 0.9217
vn -0.1463 -0.9131 0.3805
vn -0.0789 -0.9766 0.2003
vn -0.3464 -0.0000 0.9381
vn -0.0789 0.9766 0.2003
vn -0.3408 -0.1851 0.9217
vn -0.1463 0.9131 0.3805
vn -0.3238 -0.3649 0.8729
vn -0.2061 0.8142 0.5428
vn -0.2956 -0.5337 0.7923
vn -0.2562 0.6856 0.6814
vn -0.2562 -0.6856 0.6814
vn -0.2956 0.5337 0.7923
vn -0.2061 -0.8142 0.5428
vn -0.5780 -0.3320 0.7455
vn -0.5344 -0.4931 0.6865
vn -0.3855 0.7829 0.4882
vn -0.4708 0.6456 0.6012
vn -0.4708 -0.6456 0.6012
vn -0.5344 0.4931 0.6865
vn -0.3855 -0.7829 0.4882
vn -0.5780 0.3320 0.7455
vn -0.2781 -0.8953 0.3479
vn -0.6033 0.1668 0.7799
vn -0.1510 -0.9712 0.1844
vn -0.6115 -0.0000 0.7912
vn -0.1510 0.9712 0.1844
vn -0.6033 -0.1668 0.7799
vn -0.2781 0.8953 0.3479
vn -0.3881 -0.8709 0.3014
vn -0.2131 -0.9636 0.1615
vn -0.7733 0.1469 0.6168
vn -0.7816 -0.0000 0.6237
vn -0.2131 0.9636 0.1615
vn -0.7733 -0.1469 0.6168
vn -0.3882 0.8709 0.3014
vn -0.7473 -0.2953 0.5952
vn -0.5269 0.7424 0.4138
vn -0.7009 -0.4458 0.5568
vn -0.6294 0.5967 0.4978
vn -0.6294 -0.5967 0.4978
vn -0.7009 0.4458 0.5568
vn -0.5269 -0.7424 0.4139
vn -0.7473 0.2953 0.5952
vn -0.6307 0.7018 0.3312
vn -0.7381 0.5507 0.3897
vn -0.8085 -0.4037 0.4282
vn -0.7381 -0.5507 0.3897
vn -0.8085 0.4037 0.4282
vn -0.6307 -0.7018 0.3312
vn -0.8521 0.2639 0.4520
vn -0.4747 -0.8449 0.2466
vn -0.8757 0.1303 0.4650
vn -0.2640 -0.9552 0.1338
vn -0.8832 -0.0000 0.4691
vn -0.2639 0.9552 0.1338
vn -0.8757 -0.1303 0.4650
vn -0.4747 0.8449 0.2466
vn -0.8521 -0.2639 0.4520
vn -0.9361 0.1182 0.3312
vn -0.9427 -0.0000 0.3336
vn -0.3034 0.9473 0.1028
vn -0.3034 -0.9473 0.1028
vn -0.9361 -0.1182 0.3312
vn -0.5389 0.8213 0.1873
vn -0.9151 -0.2405 0.3237
vn -0.7030 0.6670 0.2467
vn -0.8755 -0.3713 0.3093
vn -0.8092 0.5136 0.2853
vn -0.8092 -0.5136 0.2853
vn -0.8755 0.3713 0.3093
vn -0.7030 -0.6670 0.2467
vn -0.9151 0.2405 0.3237
vn -0.5389 -0.8213 0.1873
vn -0.9155 -0.3490 0.2002
vn -0.8532 -0.4871 0.1863
vn -0.8532 0.4871 0.1863
vn -0.9155 0.3490 0.2002
vn -0.7499 -0.6411 0.1631
vn -0.9519 0.2248 0.2083
vn -0.5828 -0.8028 0.1256
vn -0.9709 0.1101 0.2125
vn -0.3313 -0.9410 0.0695
vn -0.9769 -0.0000 0.2139
vn -0.3313 0.9410 0.0695
vn -0.9709 -0.1101 0.2125
vn -0.5828 0.8028 0.1256
vn -0.9519 -0.2248 0.2083
vn -0.7499 0.6411 0.1631
vn -0.3478 -0.9369 0.0350
vn -0.9945 -0.0000 0.1043
vn -0.9890 -0.1055 0.1037
vn -0.3478 0.9369 0.0350
vn -0.6083 0.7912 0.0629
vn -0.9711 -0.2158 0.1018
vn -0.7762 0.6253 0.0810
vn -0.9367 -0.3360 0.0982
vn -0.8771 0.4715 0.0918
vn -0.8771 -0.4715 0.0918
vn -0.9367 0.3360 0.0982
vn -0.7762 -0.6253 0.0810
vn -0.9711 0.2158 0.1018
vn -0.6083 -0.7912 0.0629
vn -0.9890 0.1055 0.1037
vt 0.750000 0.687500
vt 0.750000 0.750000
vt 0.718750 0.750000
vt 0.718750 0.687500
vt 0.750000 0.187500
vt 0.750000 0.250000
vt 0.718750 0.250000
vt 0.718750 0.187500
vt 0.750000 0.625000
vt 0.718750 0.625000
vt 0.750000 0.125000
vt 0.718750 0.125000
vt 0.750000 0.562500
vt 0.718750 0.562500
vt 0.750000 0.062500
vt 0.718750 0.062500
vt 0.750000 0.500000
vt 0.718750 0.500000
vt 0.750000 0.937500
vt 0.734375 1.000000
vt 0.718750 0.937500
vt 0.734375 0.000000
vt 0.750000 0.437500
vt 0.718750 0.437500
vt 0.750000 0.875000
vt 0.718750 0.875000
vt 0.750000 0.375000
vt 0.718750 0.375000
vt 0.750000 0.812500
vt 0.718750 0.812500
vt 0.750000 0.312500
vt 0.718750 0.312500
vt 0.687500 0.375000
vt 0.687500 0.312500
vt 0.687500 0.812500
vt 0.687500 0.750000
vt 0.687500 0.250000
vt 0.687500 0.687500
vt 0.687500 0.187500
vt 0.687500 0.625000
vt 0.687500 0.125000
vt 0.687500 0.562500
vt 0.687500 0.062500
vt 0.687500 0.500000
vt 0.703125 1.000000
vt 0.687500 0.937500
vt 0.703125 0.000000
vt 0.687500 0.437500
vt 0.687500 0.875000
vt 0.656250 0.125000
vt 0.656250 0.062500
vt 0.656250 0.562500
vt 0.656250 0.500000
vt 0.671875 1.000000
vt 0.656250 0.937500
vt 0.671875 0.000000
vt 0.656250 0.437500
vt 0.656250 0.875000
vt 0.656250 0.375000
vt 0.656250 0.812500
vt 0.656250 0.312500
vt 0.656250 0.750000
vt 0.656250 0.250000
vt 0.656250 0.687500
vt 0.656250 0.187500
vt 0.656250 0.625000
vt 0.625000 0.312500
vt 0.625000 0.250000
vt 0.625000 0.750000
vt 0.625000 0.687500
vt 0.625000 0.187500
vt 0.625000 0.625000
vt 0.625000 0.125000
vt 0.625000 0.562500
vt 0.625000 0.062500
vt 0.625000 0.500000
vt 0.640625 1.000000
vt 0.625000 0.937500
vt 0.640625 0.000000
vt 0.625000 0.437500
vt 0.625000 0.875000
vt 0.625000 0.375000
vt 0.625000 0.812500
vt 0.609375 1.000000
vt 0.593750 0.937500
vt 0.609375 0.000000
vt 0.593750 0.062500
vt 0.593750 0.500000
vt 0.593750 0.437500
vt 0.593750 0.875000
vt 0.593750 0.375000
vt 0.593750 0.812500
vt 0.593750 0.312500
vt 0.593750 0.750000
vt 0.593750 0.250000
vt 0.593750 0.687500
vt 0.593750 0.187500
vt 0.593750 0.625000
vt 0.593750 0.125000
vt 0.593750 0.562500
vt 0.562500 0.750000
vt 0.562500 0.687500
vt 0.562500 0.250000
vt 0.562500 0.187500
vt 0.562500 0.625000
vt 0.562500 0.125000
vt 0.562500 0.562500
vt 0.562500 0.062500
vt 0.562500 0.500000
vt 0.578125 1.000000
vt 0.562500 0.937500
vt 0.578125 0.000000
vt 0.562500 0.437500
vt 0.562500 0.875000
vt 0.562500 0.375000
vt 0.562500 0.812500
vt 0.562500 0.312500
vt 0.531250 0.500000
vt 0.531250 0.437500
vt 0.531250 0.937500
vt 0.531250 0.875000
vt 0.531250 0.375000
vt 0.531250 0.812500
vt 0.531250 0.312500
vt 0.531250 0.750000
vt 0.531250 0.250000
vt 0.531250 0.687500
vt 0.531250 0.187500
vt 0.531250 0.625000
vt 0.531250 0.125000
vt 0.531250 0.562500
vt 0.531250 0.062500
vt 0.546875 1.000000
vt 0.546875 0.000000
vt 0.500000 0.250000
vt 0.500000 0.187500
vt 0.500000 0.687500
vt 0.500000 0.625000
vt 0.500000 0.125000
vt 0.500000 0.562500
vt 0.500000 0.062500
vt 0.500000 0.500000
vt 0.515625 1.000000
vt 0.500000 0.937500
vt 0.515625 0.000000
vt 0.500000 0.437500
vt 0.500000 0.875000
vt 0.500000 0.375000
vt 0.500000 0.812500
vt 0.500000 0.312500
vt 0.500000 0.750000
vt 0.468750 0.937500
vt 0.468750 0.875000
vt 0.468750 0.437500
vt 0.468750 0.375000
vt 0.468750 0.812500
vt 0.468750 0.312500
vt 0.468750 0.750000
vt 0.468750 0.250000
vt 0.468750 0.687500
vt 0.468750 0.187500
vt 0.468750 0.625000
vt 0.468750 0.125000
vt 0.468750 0.562500
vt 0.468750 0.062500
vt 0.468750 0.500000
vt 0.484375 1.000000
vt 0.484375 0.000000
vt 0.437500 0.687500
vt 0.437500 0.625000
vt 0.437500 0.187500
vt 0.437500 0.125000
vt 0.437500 0.562500
vt 0.437500 0.062500
vt 0.437500 0.500000
vt 0.453125 1.000000
vt 0.437500 0.937500
vt 0.453125 0.000000
vt 0.437500 0.437500
vt 0.437500 0.875000
vt 0.437500 0.375000
vt 0.437500 0.812500
vt 0.437500 0.312500
vt 0.437500 0.750000
vt 0.437500 0.250000
vt 0.406250 0.437500
vt 0.406250 0.375000
vt 0.406250 0.875000
vt 0.406250 0.812500
vt 0.406250 0.312500
vt 0.406250 0.750000
vt 0.406250 0.250000
vt 0.406250 0.687500
vt 0.406250 0.187500
vt 0.406250 0.625000
vt 0.406250 0.125000
vt 0.406250 0.562500
vt 0.406250 0.062500
vt 0.406250 0.500000
vt 0.421875 1.000000
vt 0.406250 0.937500
vt 0.421875 0.000000
vt 0.375000 0.187500
vt 0.375000 0.125000
vt 0.375000 0.625000
vt 0.375000 0.562500
vt 0.375000 0.062500
vt 0.375000 0.500000
vt 0.390625 1.000000
vt 0.375000 0.937500
vt 0.390625 0.000000
vt 0.375000 0.437500
vt 0.375000 0.875000
vt 0.375000 0.375000
vt 0.375000 0.812500
vt 0.375000 0.312500
vt 0.375000 0.750000
vt 0.375000 0.250000
vt 0.375000 0.687500
vt 0.343750 0.375000
vt 0.343750 0.312500
vt 0.343750 0.812500
vt 0.343750 0.750000
vt 0.343750 0.250000
vt 0.343750 0.687500
vt 0.343750 0.187500
vt 0.343750 0.625000
vt 0.343750 0.125000
vt 0.343750 0.562500
vt 0.343750 0.062500
vt 0.343750 0.500000
vt 0.359375 1.000000
vt 0.343750 0.937500
vt 0.359375 0.000000
vt 0.343750 0.437500
vt 0.343750 0.875000
vt 0.312500 0.125000
vt 0.312500 0.062500
vt 0.312500 0.562500
vt 0.312500 0.500000
vt 0.328125 1.000000
vt 0.312500 0.937500
vt 0.328125 0.000000
vt 0.312500 0.437500
vt 0.312500 0.875000
vt 0.312500 0.375000
vt 0.312500 0.812500
vt 0.312500 0.312500
vt 0.312500 0.750000
vt 0.312500 0.250000
vt 0.312500 0.687500
vt 0.312500 0.187500
vt 0.312500 0.625000
vt 0.281250 0.812500
vt 0.281250 0.750000
vt 0.281250 0.312500
vt 0.281250 0.250000
vt 0.281250 0.687500
vt 0.281250 0.187500
vt 0.281250 0.625000
vt 0.281250 0.125000
vt 0.281250 0.562500
vt 0.281250 0.062500
vt 0.281250 0.500000
vt 0.296875 1.000000
vt 0.281250 0.937500
vt 0.296875 0.000000
vt 0.281250 0.437500
vt 0.281250 0.875000
vt 0.281250 0.375000
vt 0.250000 0.562500
vt 0.250000 0.500000
vt 0.265625 1.000000
vt 0.250000 0.937500
vt 0.265625 0.000000
vt 0.250000 0.062500
vt 0.250000 0.437500
vt 0.250000 0.875000
vt 0.250000 0.375000
vt 0.250000 0.812500
vt 0.250000 0.312500
vt 0.250000 0.750000
vt 0.250000 0.250000
vt 0.250000 0.687500
vt 0.250000 0.187500
vt 0.250000 0.625000
vt 0.250000 0.125000
vt 0.218750 0.312500
vt 0.218750 0.250000
vt 0.218750 0.750000
vt 0.218750 0.687500
vt 0.218750 0.187500
vt 0.218750 0.625000
vt 0.218750 0.125000
vt 0.218750 0.562500
vt 0.218750 0.062500
vt 0.218750 0.500000
vt 0.234375 1.000000
vt 0.218750 0.937500
vt 0.234375 0.000000
vt 0.218750 0.437500
vt 0.218750 0.875000
vt 0.218750 0.375000
vt 0.218750 0.812500
vt 0.203125 1.000000
vt 0.187500 0.937500
vt 0.203125 0.000000
vt 0.187500 0.062500
vt 0.187500 0.500000
vt 0.187500 0.437500
vt 0.187500 0.875000
vt 0.187500 0.375000
vt 0.187500 0.812500
vt 0.187500 0.312500
vt 0.187500 0.750000
vt 0.187500 0.250000
vt 0.187500 0.687500
vt 0.187500 0.187500
vt 0.187500 0.625000
vt 0.187500 0.125000
vt 0.187500 0.562500
vt 0.156250 0.750000
vt 0.156250 0.687500
vt 0.156250 0.250000
vt 0.156250 0.187500
vt 0.156250 0.625000
vt 0.156250 0.125000
vt 0.156250 0.562500
vt 0.156250 0.062500
vt 0.156250 0.500000
vt 0.171875 1.000000
vt 0.156250 0.937500
vt 0.171875 0.000000
vt 0.156250 0.437500
vt 0.156250 0.875000
vt 0.156250 0.375000
vt 0.156250 0.812500
vt 0.156250 0.312500
vt 0.125000 0.500000
vt 0.125000 0.437500
vt 0.125000 0.937500
vt 0.125000 0.875000
vt 0.125000 0.375000
vt 0.125000 0.812500
vt 0.125000 0.312500
vt 0.125000 0.750000
vt 0.125000 0.250000
vt 0.125000 0.687500
vt 0.125000 0.187500
vt 0.125000 0.625000
vt 0.125000 0.125000
vt 0.125000 0.562500
vt 0.125000 0.062500
vt 0.140625 1.000000
vt 0.140625 0.000000
vt 0.093750 0.250000
vt 0.093750 0.187500
vt 0.093750 0.687500
vt 0.093750 0.625000
vt 0.093750 0.125000
vt 0.093750 0.562500
vt 0.093750 0.062500
vt 0.093750 0.500000
vt 0.109375 1.000000
vt 0.093750 0.937500
vt 0.109375 0.000000
vt 0.093750 0.437500
vt 0.093750 0.875000
vt 0.093750 0.375000
vt 0.093750 0.812500
vt 0.093750 0.312500
vt 0.093750 0.750000
vt 0.062500 0.437500
vt 0.062500 0.375000
vt 0.062500 0.875000
vt 0.062500 0.812500
vt 0.062500 0.312500
vt 0.062500 0.750000
vt 0.062500 0.250000
vt 0.062500 0.687500
vt 0.062500 0.187500
vt 0.062500 0.625000
vt 0.062500 0.125000
vt 0.062500 0.562500
vt 0.062500 0.062500
vt 0.062500 0.500000
vt 0.078125 1.000000
vt 0.062500 0.937500
vt 0.078125 0.000000
vt 0.031250 0.187500
vt 0.031250 0.125000
vt 0.031250 0.625000
vt 0.031250 0.562500
vt 0.031250 0.062500
vt 0.031250 0.500000
vt 0.046875 1.000000
vt 0.031250 0.937500
vt 0.046875 0.000000
vt 0.031250 0.437500
vt 0.031250 0.875000
vt 0.031250 0.375000
vt 0.031250 0.812500
vt 0.031250 0.312500
vt 0.031250 0.750000
vt 0.031250 0.250000
vt 0.031250 0.687500
vt 0.000000 0.875000
vt 0.000000 0.812500
vt 0.000000 0.375000
vt 0.000000 0.312500
vt 0.000000 0.750000
vt 0.000000 0.250000
vt 0.000000 0.687500
vt 0.000000 0.187500
vt 0.000000 0.625000
vt 0.000000 0.125000
vt 0.000000 0.562500
vt 0.000000 0.062500
vt 0.000000 0.500000
vt 0.015625 1.000000
vt 0.000000 0.937500
vt 0.015625 0.000000
vt 0.000000 0.437500
vt 1.000000 0.562500
vt 1.000000 0.625000
vt 0.968750 0.625000
vt 0.968750 0.562500
vt 1.000000 0.062500
vt 1.000000 0.125000
vt 0.968750 0.125000
vt 0.968750 0.062500
vt 1.000000 0.500000
vt 0.968750 0.500000
vt 1.000000 0.937500
vt 0.984375 1.000000
vt 0.968750 0.937500
vt 0.984375 0.000000
vt 1.000000 0.437500
vt 0.968750 0.437500
vt 1.000000 0.875000
vt 0.968750 0.875000
vt 1.000000 0.375000
vt 0.968750 0.375000
vt 1.000000 0.812500
vt 0.968750 0.812500
vt 1.000000 0.312500
vt 0.968750 0.312500
vt 1.000000 0.750000
vt 0.968750 0.750000
vt 1.000000 0.250000
vt 0.968750 0.250000
vt 1.000000 0.687500
vt 0.968750 0.687500
vt 1.000000 0.187500
vt 0.968750 0.187500
vt 0.937500 0.375000
vt 0.937500 0.312500
vt 0.937500 0.812500
vt 0.937500 0.750000
vt 0.937500 0.250000
vt 0.937500 0.687500
vt 0.937500 0.187500
vt 0.937500 0.625000
vt 0.937500 0.125000
vt 0.937500 0.562500
vt 0.937500 0.062500
vt 0.937500 0.500000
vt 0.953125 1.000000
vt 0.937500 0.937500
vt 0.953125 0.000000
vt 0.937500 0.437500
vt 0.937500 0.875000
vt 0.906250 0.125000
vt 0.906250 0.062500
vt 0.906250 0.562500
vt 0.906250 0.500000
vt 0.921875 1.000000
vt 0.906250 0.937500
vt 0.921875 0.000000
vt 0.906250 0.437500
vt 0.906250 0.875000
vt 0.906250 0.375000
vt 0.906250 0.812500
vt 0.906250 0.312500
vt 0.906250 0.750000
vt 0.906250 0.250000
vt 0.906250 0.687500
vt 0.906250 0.187500
vt 0.906250 0.625000
vt 0.875000 0.812500
vt 0.875000 0.750000
vt 0.875000 0.312500
vt 0.875000 0.250000
vt 0.875000 0.687500
vt 0.875000 0.187500
vt 0.875000 0.625000
vt 0.875000 0.125000
vt 0.875000 0.562500
vt 0.875000 0.062500
vt 0.875000 0.500000
vt 0.890625 1.000000
vt 0.875000 0.937500
vt 0.890625 0.000000
vt 0.875000 0.437500
vt 0.875000 0.875000
vt 0.875000 0.375000
vt 0.843750 0.562500
vt 0.843750 0.500000
vt 0.859375 1.000000
vt 0.843750 0.937500
vt 0.859375 0.000000
vt 0.843750 0.062500
vt 0.843750 0.437500
vt 0.843750 0.875000
vt 0.843750 0.375000
vt 0.843750 0.812500
vt 0.843750 0.312500
vt 0.843750 0.750000
vt 0.843750 0.250000
vt 0.843750 0.687500
vt 0.843750 0.187500
vt 0.843750 0.625000
vt 0.843750 0.125000
vt 0.812500 0.312500
vt 0.812500 0.250000
vt 0.812500 0.750000
vt 0.812500 0.687500
vt 0.812500 0.187500
vt 0.812500 0.625000
vt 0.812500 0.125000
vt 0.812500 0.562500
vt 0.812500 0.062500
vt 0.812500 0.500000
vt 0.828125 1.000000
vt 0.812500 0.937500
vt 0.828125 0.000000
vt 0.812500 0.437500
vt 0.812500 0.875000
vt 0.812500 0.375000
vt 0.812500 0.812500
vt 0.796875 0.000000
vt 0.781250 0.062500
vt 0.781250 0.500000
vt 0.781250 0.437500
vt 0.781250 0.937500
vt 0.781250 0.875000
vt 0.781250 0.375000
vt 0.781250 0.812500
vt 0.781250 0.312500
vt 0.781250 0.750000
vt 0.781250 0.250000
vt 0.781250 0.687500
vt 0.781250 0.187500
vt 0.781250 0.625000
vt 0.781250 0.125000
vt 0.781250 0.562500
vt 0.796875 1.000000
vt 0.765625 1.000000
vt 0.765625 0.000000
s 1
usemtl None
f 1121/2027/651 1120/2028/652 1130/2029/653 1131/2030/654
f 1126/2031/655 1125/2032/656 1138/2033/657 1139/2034/658
f 1122/2035/659 1121/2027/651 1131/2030/654 1132/2036/660
f 1596/2037/661 1126/2031/655 1139/2034/658 1140/2038/662
f 1123/2039/663 1122/2035/659 1132/2036/660 1133/2040/664
f 1597/2041/665 1596/2037/661 1140/2038/662 1141/2042/666
f 1593/2043/667 1123/2039/663 1133/2040/664 1134/2044/668
f 1117/2045/669 1442/2046/670 1127/2047/671
f 1598/2048/672 1597/2041/665 1141/2042/666
f 1594/2049/673 1593/2043/667 1134/2044/668 1135/2050/674
f 1118/2051/675 1117/2045/669 1127/2047/671 1128/2052/676
f 1595/2053/677 1594/2049/673 1135/2050/674 1136/2054/678
f 1119/2055/679 1118/2051/675 1128/2052/676 1129/2056/680
f 1124/2057/681 1595/2053/677 1136/2054/678 1137/2058/682
f 1120/2028/652 1119/2055/679 1129/2056/680 1130/2029/653
f 1125/2032/656 1124/2057/681 1137/2058/682 1138/2033/657
f 1137/2058/682 1136/2054/678 1151/2059/683 1152/2060/684
f 1130/2029/653 1129/2056/680 1144/2061/685 1145/2062/686
f 1138/2033/657 1137/2058/682 1152/2060/684 1153/2063/687
f 1131/2030/654 1130/2029/653 1145/2062/686 1146/2064/688
f 1139/2034/658 1138/2033/657 1153/2063/687 1154/2065/689
f 1132/2036/660 1131/2030/654 1146/2064/688 1147/2066/690
f 1140/2038/662 1139/2034/658 1154/2065/689 1155/2067/691
f 1133/2040/664 1132/2036/660 1147/2066/690 1148/2068/692
f 1141/2042/666 1140/2038/662 1155/2067/691 1156/2069/693
f 1134/2044/668 1133/2040/664 1148/2068/692 1149/2070/694
f 1127/2047/671 1442/2071/670 1142/2072/695
f 1598/2073/672 1141/2042/666 1156/2069/693
f 1135/2050/674 1134/2044/668 1149/2070/694 1150/2074/696
f 1128/2052/676 1127/2047/671 1142/2072/695 1143/2075/697
f 1136/2054/678 1135/2050/674 1150/2074/696 1151/2059/683
f 1129/2056/680 1128/2052/676 1143/2075/697 1144/2061/685
f 1156/2069/693 1155/2067/691 1170/2076/698 1171/2077/699
f 1149/2070/694 1148/2068/692 1163/2078/700 1164/2079/701
f 1142/2072/695 1442/2080/670 1157/2081/702
f 1598/2082/672 1156/2069/693 1171/2077/699
f 1150/2074/696 1149/2070/694 1164/2079/701 1165/2083/703
f 1143/2075/697 1142/2072/695 1157/2081/702 1158/2084/704
f 1151/2059/683 1150/2074/696 1165/2083/703 1166/2085/705
f 1144/2061/685 1143/2075/697 1158/2084/704 1159/2086/706
f 1152/2060/684 1151/2059/683 1166/2085/705 1167/2087/707
f 1145/2062/686 1144/2061/685 1159/2086/706 1160/2088/708
f 1153/2063/687 1152/2060/684 1167/2087/707 1168/2089/709
f 1146/2064/688 1145/2062/686 1160/2088/708 1161/2090/710
f 1154/2065/689 1153/2063/687 1168/2089/709 1169/2091/711
f 1147/2066/690 1146/2064/688 1161/2090/710 1162/2092/712
f 1155/2067/691 1154/2065/689 1169/2091/711 1170/2076/698
f 1148/2068/692 1147/2066/690 1162/2092/712 1163/2078/700
f 1168/2089/709 1167/2087/707 1182/2093/713 1183/2094/714
f 1161/2090/710 1160/2088/708 1175/2095/715 1176/2096/716
f 1169/2091/711 1168/2089/709 1183/2094/714 1184/2097/717
f 1162/2092/712 1161/2090/710 1176/2096/716 1177/2098/718
f 1170/2076/698 1169/2091/711 1184/2097/717 1185/2099/719
f 1163/2078/700 1162/2092/712 1177/2098/718 1178/2100/720
f 1171/2077/699 1170/2076/698 1185/2099/719 1186/2101/721
f 1164/2079/701 1163/2078/700 1178/2100/720 1179/2102/722
f 1157/2081/702 1442/2103/670 1172/2104/723
f 1598/2105/672 1171/2077/699 1186/2101/721
f 1165/2083/703 1164/2079/701 1179/2102/722 1180/2106/724
f 1158/2084/704 1157/2081/702 1172/2104/723 1173/2107/725
f 1166/2085/705 1165/2083/703 1180/2106/724 1181/2108/726
f 1159/2086/706 1158/2084/704 1173/2107/725 1174/2109/727
f 1167/2087/707 1166/2085/705 1181/2108/726 1182/2093/713
f 1160/2088/708 1159/2086/706 1174/2109/727 1175/2095/715
f 1172/2104/723 1442/2110/670 1187/2111/728
f 1598/2112/672 1186/2101/721 1201/2113/729
f 1180/2106/724 1179/2102/722 1194/2114/730 1195/2115/731
f 1173/2107/725 1172/2104/723 1187/2111/728 1188/2116/732
f 1181/2108/726 1180/2106/724 1195/2115/731 1196/2117/733
f 1174/2109/727 1173/2107/725 1188/2116/732 1189/2118/734
f 1182/2093/713 1181/2108/726 1196/2117/733 1197/2119/735
f 1175/2095/715 1174/2109/727 1189/2118/734 1190/2120/736
f 1183/2094/714 1182/2093/713 1197/2119/735 1198/2121/737
f 1176/2096/716 1175/2095/715 1190/2120/736 1191/2122/738
f 1184/2097/717 1183/2094/714 1198/2121/737 1199/2123/739
f 1177/2098/718 1176/2096/716 1191/2122/738 1192/2124/740
f 1185/2099/719 1184/2097/717 1199/2123/739 1200/2125/741
f 1178/2100/720 1177/2098/718 1192/2124/740 1193/2126/742
f 1186/2101/721 1185/2099/719 1200/2125/741 1201/2113/729
f 1179/2102/722 1178/2100/720 1193/2126/742 1194/2114/730
f 1191/2122/738 1190/2120/736 1205/2127/743 1206/2128/744
f 1199/2123/739 1198/2121/737 1213/2129/745 1214/2130/746
f 1192/2124/740 1191/2122/738 1206/2128/744 1207/2131/747
f 1200/2125/741 1199/2123/739 1214/2130/746 1215/2132/748
f 1193/2126/742 1192/2124/740 1207/2131/747 1208/2133/749
f 1201/2113/729 1200/2125/741 1215/2132/748 1216/2134/750
f 1194/2114/730 1193/2126/742 1208/2133/749 1209/2135/751
f 1187/2111/728 1442/2136/670 1202/2137/752
f 1598/2138/672 1201/2113/729 1216/2134/750
f 1195/2115/731 1194/2114/730 1209/2135/751 1210/2139/753
f 1188/2116/732 1187/2111/728 1202/2137/752 1203/2140/754
f 1196/2117/733 1195/2115/731 1210/2139/753 1211/2141/755
f 1189/2118/734 1188/2116/732 1203/2140/754 1204/2142/756
f 1197/2119/735 1196/2117/733 1211/2141/755 1212/2143/757
f 1190/2120/736 1189/2118/734 1204/2142/756 1205/2127/743
f 1198/2121/737 1197/2119/735 1212/2143/757 1213/2129/745
f 1210/2139/753 1209/2135/751 1224/2144/758 1225/2145/759
f 1203/2140/754 1202/2137/752 1217/2146/760 1218/2147/761
f 1211/2141/755 1210/2139/753 1225/2145/759 1226/2148/762
f 1204/2142/756 1203/2140/754 1218/2147/761 1219/2149/763
f 1212/2143/757 1211/2141/755 1226/2148/762 1227/2150/764
f 1205/2127/743 1204/2142/756 1219/2149/763 1220/2151/765
f 1213/2129/745 1212/2143/757 1227/2150/764 1228/2152/766
f 1206/2128/744 1205/2127/743 1220/2151/765 1221/2153/767
f 1214/2130/746 1213/2129/745 1228/2152/766 1229/2154/768
f 1207/2131/747 1206/2128/744 1221/2153/767 1222/2155/769
f 1215/2132/748 1214/2130/746 1229/2154/768 1230/2156/770
f 1208/2133/749 1207/2131/747 1222/2155/769 1223/2157/771
f 1216/2134/750 1215/2132/748 1230/2156/770 1231/2158/772
f 1209/2135/751 1208/2133/749 1223/2157/771 1224/2144/758
f 1202/2137/752 1442/2159/670 1217/2146/760
f 1598/2160/672 1216/2134/750 1231/2158/772
f 1229/2154/768 1228/2152/766 1243/2161/773 1244/2162/774
f 1222/2155/769 1221/2153/767 1236/2163/775 1237/2164/776
f 1230/2156/770 1229/2154/768 1244/2162/774 1245/2165/777
f 1223/2157/771 1222/2155/769 1237/2164/776 1238/2166/778
f 1231/2158/772 1230/2156/770 1245/2165/777 1246/2167/779
f 1224/2144/758 1223/2157/771 1238/2166/778 1239/2168/780
f 1217/2146/760 1442/2169/670 1232/2170/781
f 1598/2171/672 1231/2158/772 1246/2167/779
f 1225/2145/759 1224/2144/758 1239/2168/780 1240/2172/782
f 1218/2147/761 1217/2146/760 1232/2170/781 1233/2173/783
f 1226/2148/762 1225/2145/759 1240/2172/782 1241/2174/784
f 1219/2149/763 1218/2147/761 1233/2173/783 1234/2175/785
f 1227/2150/764 1226/2148/762 1241/2174/784 1242/2176/786
f 1220/2151/765 1219/2149/763 1234/2175/785 1235/2177/787
f 1228/2152/766 1227/2150/764 1242/2176/786 1243/2161/773
f 1221/2153/767 1220/2151/765 1235/2177/787 1236/2163/775
f 1233/2173/783 1232/2170/781 1247/2178/788 1248/2179/789
f 1241/2174/784 1240/2172/782 1255/2180/790 1256/2181/791
f 1234/2175/785 1233/2173/783 1248/2179/789 1249/2182/792
f 1242/2176/786 1241/2174/784 1256/2181/791 1257/2183/793
f 1235/2177/787 1234/2175/785 1249/2182/792 1250/2184/794
f 1243/2161/773 1242/2176/786 1257/2183/793 1258/2185/795
f 1236/2163/775 1235/2177/787 1250/2184/794 1251/2186/796
f 1244/2162/774 1243/2161/773 1258/2185/795 1259/2187/797
f 1237/2164/776 1236/2163/775 1251/2186/796 1252/2188/798
f 1245/2165/777 1244/2162/774 1259/2187/797 1260/2189/799
f 1238/2166/778 1237/2164/776 1252/2188/798 1253/2190/800
f 1246/2167/779 1245/2165/777 1260/2189/799 1261/2191/801
f 1239/2168/780 1238/2166/778 1253/2190/800 1254/2192/802
f 1232/2170/781 1442/2193/670 1247/2178/788
f 1598/2194/672 1246/2167/779 1261/2191/801
f 1240/2172/782 1239/2168/780 1254/2192/802 1255/2180/790
f 1252/2188/798 1251/2186/796 1266/2195/803 1267/2196/804
f 1260/2189/799 1259/2187/797 1274/2197/805 1275/2198/806
f 1253/2190/800 1252/2188/798 1267/2196/804 1268/2199/807
f 1261/2191/801 1260/2189/799 1275/2198/806 1276/2200/808
f 1254/2192/802 1253/2190/800 1268/2199/807 1269/2201/809
f 1247/2178/788 1442/2202/670 1262/2203/810
f 1598/2204/672 1261/2191/801 1276/2200/808
f 1255/2180/790 1254/2192/802 1269/2201/809 1270/2205/811
f 1248/2179/789 1247/2178/788 1262/2203/810 1263/2206/812
f 1256/2181/791 1255/2180/790 1270/2205/811 1271/2207/813
f 1249/2182/792 1248/2179/789 1263/2206/812 1264/2208/814
f 1257/2183/793 1256/2181/791 1271/2207/813 1272/2209/815
f 1250/2184/794 1249/2182/792 1264/2208/814 1265/2210/816
f 1258/2185/795 1257/2183/793 1272/2209/815 1273/2211/817
f 1251/2186/796 1250/2184/794 1265/2210/816 1266/2195/803
f 1259/2187/797 1258/2185/795 1273/2211/817 1274/2197/805
f 1271/2207/813 1270/2205/811 1285/2212/818 1286/2213/819
f 1264/2208/814 1263/2206/812 1278/2214/820 1279/2215/821
f 1272/2209/815 1271/2207/813 1286/2213/819 1287/2216/822
f 1265/2210/816 1264/2208/814 1279/2215/821 1280/2217/823
f 1273/2211/817 1272/2209/815 1287/2216/822 1288/2218/824
f 1266/2195/803 1265/2210/816 1280/2217/823 1281/2219/825
f 1274/2197/805 1273/2211/817 1288/2218/824 1289/2220/826
f 1267/2196/804 1266/2195/803 1281/2219/825 1282/2221/827
f 1275/2198/806 1274/2197/805 1289/2220/826 1290/2222/828
f 1268/2199/807 1267/2196/804 1282/2221/827 1283/2223/829
f 1276/2200/808 1275/2198/806 1290/2222/828 1291/2224/830
f 1269/2201/809 1268/2199/807 1283/2223/829 1284/2225/831
f 1262/2203/810 1442/2226/670 1277/2227/832
f 1598/2228/672 1276/2200/808 1291/2224/830
f 1270/2205/811 1269/2201/809 1284/2225/831 1285/2212/818
f 1263/2206/812 1262/2203/810 1277/2227/832 1278/2214/820
f 1290/2222/828 1289/2220/826 1304/2229/833 1305/2230/834
f 1283/2223/829 1282/2221/827 1297/2231/835 1298/2232/836
f 1291/2224/830 1290/2222/828 1305/2230/834 1306/2233/837
f 1284/2225/831 1283/2223/829 1298/2232/836 1299/2234/838
f 1277/2227/832 1442/2235/670 1292/2236/839
f 1598/2237/672 1291/2224/830 1306/2233/837
f 1285/2212/818 1284/2225/831 1299/2234/838 1300/2238/840
f 1278/2214/820 1277/2227/832 1292/2236/839 1293/2239/841
f 1286/2213/819 1285/2212/818 1300/2238/840 1301/2240/842
f 1279/2215/821 1278/2214/820 1293/2239/841 1294/2241/843
f 1287/2216/822 1286/2213/819 1301/2240/842 1302/2242/844
f 1280/2217/823 1279/2215/821 1294/2241/843 1295/2243/845
f 1288/2218/824 1287/2216/822 1302/2242/844 1303/2244/846
f 1281/2219/825 1280/2217/823 1295/2243/845 1296/2245/847
f 1289/2220/826 1288/2218/824 1303/2244/846 1304/2229/833
f 1282/2221/827 1281/2219/825 1296/2245/847 1297/2231/835
f 1302/2242/844 1301/2240/842 1316/2246/848 1317/2247/849
f 1295/2243/845 1294/2241/843 1309/2248/850 1310/2249/851
f 1303/2244/846 1302/2242/844 1317/2247/849 1318/2250/852
f 1296/2245/847 1295/2243/845 1310/2249/851 1311/2251/853
f 1304/2229/833 1303/2244/846 1318/2250/852 1319/2252/854
f 1297/2231/835 1296/2245/847 1311/2251/853 1312/2253/855
f 1305/2230/834 1304/2229/833 1319/2252/854 1320/2254/856
f 1298/2232/836 1297/2231/835 1312/2253/855 1313/2255/857
f 1306/2233/837 1305/2230/834 1320/2254/856 1321/2256/858
f 1299/2234/838 1298/2232/836 1313/2255/857 1314/2257/859
f 1292/2236/839 1442/2258/670 1307/2259/860
f 1598/2260/672 1306/2233/837 1321/2256/858
f 1300/2238/840 1299/2234/838 1314/2257/859 1315/2261/861
f 1293/2239/841 1292/2236/839 1307/2259/860 1308/2262/862
f 1301/2240/842 1300/2238/840 1315/2261/861 1316/2246/848
f 1294/2241/843 1293/2239/841 1308/2262/862 1309/2248/850
f 1321/2256/858 1320/2254/856 1335/2263/863 1336/2264/864
f 1314/2257/859 1313/2255/857 1328/2265/865 1329/2266/866
f 1307/2259/860 1442/2267/670 1322/2268/867
f 1598/2269/672 1321/2256/858 1336/2264/864
f 1315/2261/861 1314/2257/859 1329/2266/866 1330/2270/868
f 1308/2262/862 1307/2259/860 1322/2268/867 1323/2271/869
f 1316/2246/848 1315/2261/861 1330/2270/868 1331/2272/870
f 1309/2248/850 1308/2262/862 1323/2271/869 1324/2273/871
f 1317/2247/849 1316/2246/848 1331/2272/870 1332/2274/872
f 1310/2249/851 1309/2248/850 1324/2273/871 1325/2275/873
f 1318/2250/852 1317/2247/849 1332/2274/872 1333/2276/874
f 1311/2251/853 1310/2249/851 1325/2275/873 1326/2277/875
f 1319/2252/854 1318/2250/852 1333/2276/874 1334/2278/876
f 1312/2253/855 1311/2251/853 1326/2277/875 1327/2279/877
f 1320/2254/856 1319/2252/854 1334/2278/876 1335/2263/863
f 1313/2255/857 1312/2253/855 1327/2279/877 1328/2265/865
f 1325/2275/873 1324/2273/871 1339/2280/878 1340/2281/879
f 1333/2276/874 1332/2274/872 1347/2282/880 1348/2283/881
f 1326/2277/875 1325/2275/873 1340/2281/879 1341/2284/882
f 1334/2278/876 1333/2276/874 1348/2283/881 1349/2285/883
f 1327/2279/877 1326/2277/875 1341/2284/882 1342/2286/884
f 1335/2263/863 1334/2278/876 1349/2285/883 1350/2287/885
f 1328/2265/865 1327/2279/877 1342/2286/884 1343/2288/886
f 1336/2264/864 1335/2263/863 1350/2287/885 1351/2289/887
f 1329/2266/866 1328/2265/865 1343/2288/886 1344/2290/888
f 1322/2268/867 1442/2291/670 1337/2292/889
f 1598/2293/672 1336/2264/864 1351/2289/887
f 1330/2270/868 1329/2266/866 1344/2290/888 1345/2294/890
f 1323/2271/869 1322/2268/867 1337/2292/889 1338/2295/891
f 1331/2272/870 1330/2270/868 1345/2294/890 1346/2296/892
f 1324/2273/871 1323/2271/869 1338/2295/891 1339/2280/878
f 1332/2274/872 1331/2272/870 1346/2296/892 1347/2282/880
f 1344/2290/888 1343/2288/886 1358/2297/893 1359/2298/894
f 1337/2292/889 1442/2299/670 1352/2300/895
f 1598/2301/672 1351/2289/887 1366/2302/896
f 1345/2294/890 1344/2290/888 1359/2298/894 1360/2303/897
f 1338/2295/891 1337/2292/889 1352/2300/895 1353/2304/898
f 1346/2296/892 1345/2294/890 1360/2303/897 1361/2305/899
f 1339/2280/878 1338/2295/891 1353/2304/898 1354/2306/900
f 1347/2282/880 1346/2296/892 1361/2305/899 1362/2307/901
f 1340/2281/879 1339/2280/878 1354/2306/900 1355/2308/902
f 1348/2283/881 1347/2282/880 1362/2307/901 1363/2309/903
f 1341/2284/882 1340/2281/879 1355/2308/902 1356/2310/904
f 1349/2285/883 1348/2283/881 1363/2309/903 1364/2311/905
f 1342/2286/884 1341/2284/882 1356/2310/904 1357/2312/906
f 1350/2287/885 1349/2285/883 1364/2311/905 1365/2313/907
f 1343/2288/886 1342/2286/884 1357/2312/906 1358/2297/893
f 1351/2289/887 1350/2287/885 1365/2313/907 1366/2302/896
f 1363/2309/903 1362/2307/901 1377/2314/908 1378/2315/909
f 1356/2310/904 1355/2308/902 1370/2316/910 1371/2317/911
f 1364/2311/905 1363/2309/903 1378/2315/909 1379/2318/912
f 1357/2312/906 1356/2310/904 1371/2317/911 1372/2319/913
f 1365/2313/907 1364/2311/905 1379/2318/912 1380/2320/914
f 1358/2297/893 1357/2312/906 1372/2319/913 1373/2321/915
f 1366/2302/896 1365/2313/907 1380/2320/914 1381/2322/916
f 1359/2298/894 1358/2297/893 1373/2321/915 1374/2323/917
f 1352/2300/895 1442/2324/670 1367/2325/918
f 1598/2326/672 1366/2302/896 1381/2322/916
f 1360/2303/897 1359/2298/894 1374/2323/917 1375/2327/919
f 1353/2304/898 1352/2300/895 1367/2325/918 1368/2328/920
f 1361/2305/899 1360/2303/897 1375/2327/919 1376/2329/921
f 1354/2306/900 1353/2304/898 1368/2328/920 1369/2330/922
f 1362/2307/901 1361/2305/899 1376/2329/921 1377/2314/908
f 1355/2308/902 1354/2306/900 1369/2330/922 1370/2316/910
f 1367/2325/918 1442/2331/670 1382/2332/923
f 1598/2333/672 1381/2322/916 1396/2334/924
f 1375/2327/919 1374/2323/917 1389/2335/925 1390/2336/926
f 1368/2328/920 1367/2325/918 1382/2332/923 1383/2337/927
f 1376/2329/921 1375/2327/919 1390/2336/926 1391/2338/928
f 1369/2330/922 1368/2328/920 1383/2337/927 1384/2339/929
f 1377/2314/908 1376/2329/921 1391/2338/928 1392/2340/930
f 1370/2316/910 1369/2330/922 1384/2339/929 1385/2341/931
f 1378/2315/909 1377/2314/908 1392/2340/930 1393/2342/932
f 1371/2317/911 1370/2316/910 1385/2341/931 1386/2343/933
f 1379/2318/912 1378/2315/909 1393/2342/932 1394/2344/934
f 1372/2319/913 1371/2317/911 1386/2343/933 1387/2345/935
f 1380/2320/914 1379/2318/912 1394/2344/934 1395/2346/936
f 1373/2321/915 1372/2319/913 1387/2345/935 1388/2347/937
f 1381/2322/916 1380/2320/914 1395/2346/936 1396/2334/924
f 1374/2323/917 1373/2321/915 1388/2347/937 1389/2335/925
f 1386/2343/933 1385/2341/931 1400/2348/938 1401/2349/939
f 1394/2344/934 1393/2342/932 1408/2350/940 1409/2351/941
f 1387/2345/935 1386/2343/933 1401/2349/939 1402/2352/942
f 1395/2346/936 1394/2344/934 1409/2351/941 1410/2353/943
f 1388/2347/937 1387/2345/935 1402/2352/942 1403/2354/944
f 1396/2334/924 1395/2346/936 1410/2353/943 1411/2355/945
f 1389/2335/925 1388/2347/937 1403/2354/944 1404/2356/946
f 1382/2332/923 1442/2357/670 1397/2358/947
f 1598/2359/672 1396/2334/924 1411/2355/945
f 1390/2336/926 1389/2335/925 1404/2356/946 1405/2360/948
f 1383/2337/927 1382/2332/923 1397/2358/947 1398/2361/949
f 1391/2338/928 1390/2336/926 1405/2360/948 1406/2362/950
f 1384/2339/929 1383/2337/927 1398/2361/949 1399/2363/951
f 1392/2340/930 1391/2338/928 1406/2362/950 1407/2364/952
f 1385/2341/931 1384/2339/929 1399/2363/951 1400/2348/938
f 1393/2342/932 1392/2340/930 1407/2364/952 1408/2350/940
f 1405/2360/948 1404/2356/946 1419/2365/953 1420/2366/954
f 1398/2361/949 1397/2358/947 1412/2367/955 1413/2368/956
f 1406/2362/950 1405/2360/948 1420/2366/954 1421/2369/957
f 1399/2363/951 1398/2361/949 1413/2368/956 1414/2370/958
f 1407/2364/952 1406/2362/950 1421/2369/957 1422/2371/959
f 1400/2348/938 1399/2363/951 1414/2370/958 1415/2372/960
f 1408/2350/940 1407/2364/952 1422/2371/959 1423/2373/961
f 1401/2349/939 1400/2348/938 1415/2372/960 1416/2374/962
f 1409/2351/941 1408/2350/940 1423/2373/961 1424/2375/963
f 1402/2352/942 1401/2349/939 1416/2374/962 1417/2376/964
f 1410/2353/943 1409/2351/941 1424/2375/963 1425/2377/965
f 1403/2354/944 1402/2352/942 1417/2376/964 1418/2378/966
f 1411/2355/945 1410/2353/943 1425/2377/965 1426/2379/967
f 1404/2356/946 1403/2354/944 1418/2378/966 1419/2365/953
f 1397/2358/947 1442/2380/670 1412/2367/955
f 1598/2381/672 1411/2355/945 1426/2379/967
f 1424/2375/963 1423/2373/961 1438/2382/968 1439/2383/969
f 1417/2376/964 1416/2374/962 1431/2384/970 1432/2385/971
f 1425/2377/965 1424/2375/963 1439/2383/969 1440/2386/972
f 1418/2378/966 1417/2376/964 1432/2385/971 1433/2387/973
f 1426/2379/967 1425/2377/965 1440/2386/972 1441/2388/974
f 1419/2365/953 1418/2378/966 1433/2387/973 1434/2389/975
f 1412/2367/955 1442/2390/670 1427/2391/976
f 1598/2392/672 1426/2379/967 1441/2388/974
f 1420/2366/954 1419/2365/953 1434/2389/975 1435/2393/977
f 1413/2368/956 1412/2367/955 1427/2391/976 1428/2394/978
f 1421/2369/957 1420/2366/954 1435/2393/977 1436/2395/979
f 1414/2370/958 1413/2368/956 1428/2394/978 1429/2396/980
f 1422/2371/959 1421/2369/957 1436/2395/979 1437/2397/981
f 1415/2372/960 1414/2370/958 1429/2396/980 1430/2398/982
f 1423/2373/961 1422/2371/959 1437/2397/981 1438/2382/968
f 1416/2374/962 1415/2372/960 1430/2398/982 1431/2384/970
f 1436/2395/979 1435/2393/977 1451/2399/983 1452/2400/984
f 1429/2396/980 1428/2394/978 1444/2401/985 1445/2402/986
f 1437/2397/981 1436/2395/979 1452/2400/984 1453/2403/987
f 1430/2398/982 1429/2396/980 1445/2402/986 1446/2404/988
f 1438/2382/968 1437/2397/981 1453/2403/987 1454/2405/989
f 1431/2384/970 1430/2398/982 1446/2404/988 1447/2406/990
f 1439/2383/969 1438/2382/968 1454/2405/989 1455/2407/991
f 1432/2385/971 1431/2384/970 1447/2406/990 1448/2408/992
f 1440/2386/972 1439/2383/969 1455/2407/991 1456/2409/993
f 1433/2387/973 1432/2385/971 1448/2408/992 1449/2410/994
f 1441/2388/974 1440/2386/972 1456/2409/993 1457/2411/995
f 1434/2389/975 1433/2387/973 1449/2410/994 1450/2412/996
f 1427/2391/976 1442/2413/670 1443/2414/997
f 1598/2415/672 1441/2388/974 1457/2411/995
f 1435/2393/977 1434/2389/975 1450/2412/996 1451/2399/983
f 1428/2394/978 1427/2391/976 1443/2414/997 1444/2401/985
f 1456/2409/993 1455/2407/991 1470/2416/998 1471/2417/999
f 1449/2410/994 1448/2408/992 1463/2418/1000 1464/2419/1001
f 1457/2411/995 1456/2409/993 1471/2417/999 1472/2420/1002
f 1450/2412/996 1449/2410/994 1464/2419/1001 1465/2421/1003
f 1443/2414/997 1442/2422/670 1458/2423/1004
f 1598/2424/672 1457/2411/995 1472/2420/1002
f 1451/2399/983 1450/2412/996 1465/2421/1003 1466/2425/1005
f 1444/2401/985 1443/2414/997 1458/2423/1004 1459/2426/1006
f 1452/2400/984 1451/2399/983 1466/2425/1005 1467/2427/1007
f 1445/2402/986 1444/2401/985 1459/2426/1006 1460/2428/1008
f 1453/2403/987 1452/2400/984 1467/2427/1007 1468/2429/1009
f 1446/2404/988 1445/2402/986 1460/2428/1008 1461/2430/1010
f 1454/2405/989 1453/2403/987 1468/2429/1009 1469/2431/1011
f 1447/2406/990 1446/2404/988 1461/2430/1010 1462/2432/1012
f 1455/2407/991 1454/2405/989 1469/2431/1011 1470/2416/998
f 1448/2408/992 1447/2406/990 1462/2432/1012 1463/2418/1000
f 1460/2428/1008 1459/2426/1006 1474/2433/1013 1475/2434/1014
f 1468/2429/1009 1467/2427/1007 1482/2435/1015 1483/2436/1016
f 1461/2430/1010 1460/2428/1008 1475/2434/1014 1476/2437/1017
f 1469/2431/1011 1468/2429/1009 1483/2436/1016 1484/2438/1018
f 1462/2432/1012 1461/2430/1010 1476/2437/1017 1477/2439/1019
f 1470/2416/998 1469/2431/1011 1484/2438/1018 1485/2440/1020
f 1463/2418/1000 1462/2432/1012 1477/2439/1019 1478/2441/1021
f 1471/2417/999 1470/2416/998 1485/2440/1020 1486/2442/1022
f 1464/2419/1001 1463/2418/1000 1478/2441/1021 1479/2443/1023
f 1472/2420/1002 1471/2417/999 1486/2442/1022 1487/2444/1024
f 1465/2421/1003 1464/2419/1001 1479/2443/1023 1480/2445/1025
f 1458/2423/1004 1442/2446/670 1473/2447/1026
f 1598/2448/672 1472/2420/1002 1487/2444/1024
f 1466/2425/1005 1465/2421/1003 1480/2445/1025 1481/2449/1027
f 1459/2426/1006 1458/2423/1004 1473/2447/1026 1474/2433/1013
f 1467/2427/1007 1466/2425/1005 1481/2449/1027 1482/2435/1015
f 1479/2450/1023 1478/2451/1021 1493/2452/1028 1494/2453/1029
f 1487/2454/1024 1486/2455/1022 1501/2456/1030 1502/2457/1031
f 1480/2458/1025 1479/2450/1023 1494/2453/1029 1495/2459/1032
f 1473/2460/1026 1442/2461/670 1488/2462/1033
f 1598/2463/672 1487/2454/1024 1502/2457/1031
f 1481/2464/1027 1480/2458/1025 1495/2459/1032 1496/2465/1034
f 1474/2466/1013 1473/2460/1026 1488/2462/1033 1489/2467/1035
f 1482/2468/1015 1481/2464/1027 1496/2465/1034 1497/2469/1036
f 1475/2470/1014 1474/2466/1013 1489/2467/1035 1490/2471/1037
f 1483/2472/1016 1482/2468/1015 1497/2469/1036 1498/2473/1038
f 1476/2474/1017 1475/2470/1014 1490/2471/1037 1491/2475/1039
f 1484/2476/1018 1483/2472/1016 1498/2473/1038 1499/2477/1040
f 1477/2478/1019 1476/2474/1017 1491/2475/1039 1492/2479/1041
f 1485/2480/1020 1484/2476/1018 1499/2477/1040 1500/2481/1042
f 1478/2451/1021 1477/2478/1019 1492/2479/1041 1493/2452/1028
f 1486/2455/1022 1485/2480/1020 1500/2481/1042 1501/2456/1030
f 1498/2473/1038 1497/2469/1036 1512/2482/1043 1513/2483/1044
f 1491/2475/1039 1490/2471/1037 1505/2484/1045 1506/2485/1046
f 1499/2477/1040 1498/2473/1038 1513/2483/1044 1514/2486/1047
f 1492/2479/1041 1491/2475/1039 1506/2485/1046 1507/2487/1048
f 1500/2481/1042 1499/2477/1040 1514/2486/1047 1515/2488/1049
f 1493/2452/1028 1492/2479/1041 1507/2487/1048 1508/2489/1050
f 1501/2456/1030 1500/2481/1042 1515/2488/1049 1516/2490/1051
f 1494/2453/1029 1493/2452/1028 1508/2489/1050 1509/2491/1052
f 1502/2457/1031 1501/2456/1030 1516/2490/1051 1517/2492/1053
f 1495/2459/1032 1494/2453/1029 1509/2491/1052 1510/2493/1054
f 1488/2462/1033 1442/2494/670 1503/2495/1055
f 1598/2496/672 1502/2457/1031 1517/2492/1053
f 1496/2465/1034 1495/2459/1032 1510/2493/1054 1511/2497/1056
f 1489/2467/1035 1488/2462/1033 1503/2495/1055 1504/2498/1057
f 1497/2469/1036 1496/2465/1034 1511/2497/1056 1512/2482/1043
f 1490/2471/1037 1489/2467/1035 1504/2498/1057 1505/2484/1045
f 1517/2492/1053 1516/2490/1051 1531/2499/1058 1532/2500/1059
f 1510/2493/1054 1509/2491/1052 1524/2501/1060 1525/2502/1061
f 1503/2495/1055 1442/2503/670 1518/2504/1062
f 1598/2505/672 1517/2492/1053 1532/2500/1059
f 1511/2497/1056 1510/2493/1054 1525/2502/1061 1526/2506/1063
f 1504/2498/1057 1503/2495/1055 1518/2504/1062 1519/2507/1064
f 1512/2482/1043 1511/2497/1056 1526/2506/1063 1527/2508/1065
f 1505/2484/1045 1504/2498/1057 1519/2507/1064 1520/2509/1066
f 1513/2483/1044 1512/2482/1043 1527/2508/1065 1528/2510/1067
f 1506/2485/1046 1505/2484/1045 1520/2509/1066 1521/2511/1068
f 1514/2486/1047 1513/2483/1044 1528/2510/1067 1529/2512/1069
f 1507/2487/1048 1506/2485/1046 1521/2511/1068 1522/2513/1070
f 1515/2488/1049 1514/2486/1047 1529/2512/1069 1530/2514/1071
f 1508/2489/1050 1507/2487/1048 1522/2513/1070 1523/2515/1072
f 1516/2490/1051 1515/2488/1049 1530/2514/1071 1531/2499/1058
f 1509/2491/1052 1508/2489/1050 1523/2515/1072 1524/2501/1060
f 1521/2511/1068 1520/2509/1066 1535/2516/1073 1536/2517/1074
f 1529/2512/1069 1528/2510/1067 1543/2518/1075 1544/2519/1076
f 1522/2513/1070 1521/2511/1068 1536/2517/1074 1537/2520/1077
f 1530/2514/1071 1529/2512/1069 1544/2519/1076 1545/2521/1078
f 1523/2515/1072 1522/2513/1070 1537/2520/1077 1538/2522/1079
f 1531/2499/1058 1530/2514/1071 1545/2521/1078 1546/2523/1080
f 1524/2501/1060 1523/2515/1072 1538/2522/1079 1539/2524/1081
f 1532/2500/1059 1531/2499/1058 1546/2523/1080 1547/2525/1082
f 1525/2502/1061 1524/2501/1060 1539/2524/1081 1540/2526/1083
f 1518/2504/1062 1442/2527/670 1533/2528/1084
f 1598/2529/672 1532/2500/1059 1547/2525/1082
f 1526/2506/1063 1525/2502/1061 1540/2526/1083 1541/2530/1085
f 1519/2507/1064 1518/2504/1062 1533/2528/1084 1534/2531/1086
f 1527/2508/1065 1526/2506/1063 1541/2530/1085 1542/2532/1087
f 1520/2509/1066 1519/2507/1064 1534/2531/1086 1535/2516/1073
f 1528/2510/1067 1527/2508/1065 1542/2532/1087 1543/2518/1075
f 1540/2526/1083 1539/2524/1081 1554/2533/1088 1555/2534/1089
f 1533/2528/1084 1442/2535/670 1548/2536/1090
f 1598/2537/672 1547/2525/1082 1562/2538/1091
f 1541/2530/1085 1540/2526/1083 1555/2534/1089 1556/2539/1092
f 1534/2531/1086 1533/2528/1084 1548/2536/1090 1549/2540/1093
f 1542/2532/1087 1541/2530/1085 1556/2539/1092 1557/2541/1094
f 1535/2516/1073 1534/2531/1086 1549/2540/1093 1550/2542/1095
f 1543/2518/1075 1542/2532/1087 1557/2541/1094 1558/2543/1096
f 1536/2517/1074 1535/2516/1073 1550/2542/1095 1551/2544/1097
f 1544/2519/1076 1543/2518/1075 1558/2543/1096 1559/2545/1098
f 1537/2520/1077 1536/2517/1074 1551/2544/1097 1552/2546/1099
f 1545/2521/1078 1544/2519/1076 1559/2545/1098 1560/2547/1100
f 1538/2522/1079 1537/2520/1077 1552/2546/1099 1553/2548/1101
f 1546/2523/1080 1545/2521/1078 1560/2547/1100 1561/2549/1102
f 1539/2524/1081 1538/2522/1079 1553/2548/1101 1554/2533/1088
f 1547/2525/1082 1546/2523/1080 1561/2549/1102 1562/2538/1091
f 1559/2545/1098 1558/2543/1096 1573/2550/1103 1574/2551/1104
f 1552/2546/1099 1551/2544/1097 1566/2552/1105 1567/2553/1106
f 1560/2547/1100 1559/2545/1098 1574/2551/1104 1575/2554/1107
f 1553/2548/1101 1552/2546/1099 1567/2553/1106 1568/2555/1108
f 1561/2549/1102 1560/2547/1100 1575/2554/1107 1576/2556/1109
f 1554/2533/1088 1553/2548/1101 1568/2555/1108 1569/2557/1110
f 1562/2538/1091 1561/2549/1102 1576/2556/1109 1577/2558/1111
f 1555/2534/1089 1554/2533/1088 1569/2557/1110 1570/2559/1112
f 1548/2536/1090 1442/2560/670 1563/2561/1113
f 1598/2562/672 1562/2538/1091 1577/2558/1111
f 1556/2539/1092 1555/2534/1089 1570/2559/1112 1571/2563/1114
f 1549/2540/1093 1548/2536/1090 1563/2561/1113 1564/2564/1115
f 1557/2541/1094 1556/2539/1092 1571/2563/1114 1572/2565/1116
f 1550/2542/1095 1549/2540/1093 1564/2564/1115 1565/2566/1117
f 1558/2543/1096 1557/2541/1094 1572/2565/1116 1573/2550/1103
f 1551/2544/1097 1550/2542/1095 1565/2566/1117 1566/2552/1105
f 1598/2567/672 1577/2558/1111 1592/2568/1118
f 1571/2563/1114 1570/2559/1112 1585/2569/1119 1586/2570/1120
f 1564/2564/1115 1563/2561/1113 1578/2571/1121 1579/2572/1122
f 1572/2565/1116 1571/2563/1114 1586/2570/1120 1587/2573/1123
f 1565/2566/1117 1564/2564/1115 1579/2572/1122 1580/2574/1124
f 1573/2550/1103 1572/2565/1116 1587/2573/1123 1588/2575/1125
f 1566/2552/1105 1565/2566/1117 1580/2574/1124 1581/2576/1126
f 1574/2551/1104 1573/2550/1103 1588/2575/1125 1589/2577/1127
f 1567/2553/1106 1566/2552/1105 1581/2576/1126 1582/2578/1128
f 1575/2554/1107 1574/2551/1104 1589/2577/1127 1590/2579/1129
f 1568/2555/1108 1567/2553/1106 1582/2578/1128 1583/2580/1130
f 1576/2556/1109 1575/2554/1107 1590/2579/1129 1591/2581/1131
f 1569/2557/1110 1568/2555/1108 1583/2580/1130 1584/2582/1132
f 1577/2558/1111 1576/2556/1109 1591/2581/1131 1592/2568/1118
f 1570/2559/1112 1569/2557/1110 1584/2582/1132 1585/2569/1119
f 1563/2561/1113 1442/2583/670 1578/2571/1121
f 1590/2579/1129 1589/2577/1127 1125/2032/656 1126/2031/655
f 1583/2580/1130 1582/2578/1128 1121/2027/651 1122/2035/659
f 1591/2581/1131 1590/2579/1129 1126/2031/655 1596/2037/661
f 1584/2582/1132 1583/2580/1130 1122/2035/659 1123/2039/663
f 1592/2568/1118 1591/2581/1131 1596/2037/661 1597/2041/665
f 1585/2569/1119 1584/2582/1132 1123/2039/663 1593/2043/667
f 1578/2571/1121 1442/2584/670 1117/2045/669
f 1598/2585/672 1592/2568/1118 1597/2041/665
f 1586/2570/1120 1585/2569/1119 1593/2043/667 1594/2049/673
f 1579/2572/1122 1578/2571/1121 1117/2045/669 1118/2051/675
f 1587/2573/1123 1586/2570/1120 1594/2049/673 1595/2053/677
f 1580/2574/1124 1579/2572/1122 1118/2051/675 1119/2055/679
f 1588/2575/1125 1587/2573/1123 1595/2053/677 1124/2057/681
f 1581/2576/1126 1580/2574/1124 1119/2055/679 1120/2028/652
f 1589/2577/1127 1588/2575/1125 1124/2057/681 1125/2032/656
f 1582/2578/1128 1581/2576/1126 1120/2028/652 1121/2027/651
o Sphere.002_Sphere.003
v -0.844803 2.621916 1.703681
v -0.858318 2.614075 1.703676
v -0.870773 2.601342 1.703671
v -0.881691 2.584207 1.703667
v -0.890650 2.563328 1.703664
v -0.897308 2.539506 1.703662
v -0.901407 2.513659 1.703660
v -0.890650 2.410229 1.703664
v -0.881691 2.389350 1.703667
v -0.870773 2.372215 1.703671
v -0.844531 2.621916 1.698437
v -0.857784 2.614075 1.693390
v -0.869998 2.601342 1.688738
v -0.880705 2.584207 1.684661
v -0.889491 2.563328 1.681314
v -0.896020 2.539506 1.678828
v -0.900039 2.513659 1.677297
v -0.901397 2.486778 1.676780
v -0.900039 2.459898 1.677297
v -0.896020 2.434051 1.678828
v -0.889491 2.410229 1.681314
v -0.880705 2.389350 1.684661
v -0.869998 2.372215 1.688738
v -0.857784 2.359482 1.693390
v -0.844531 2.351641 1.698437
v -0.843730 2.621916 1.693395
v -0.856213 2.614075 1.683499
v -0.867716 2.601342 1.674378
v -0.877799 2.584207 1.666385
v -0.886074 2.563328 1.659825
v -0.892223 2.539506 1.654950
v -0.896010 2.513659 1.651948
v -0.897289 2.486778 1.650935
v -0.896010 2.459898 1.651948
v -0.892223 2.434051 1.654950
v -0.886074 2.410229 1.659825
v -0.877799 2.389350 1.666385
v -0.867716 2.372215 1.674378
v -0.856212 2.359482 1.683499
v -0.843730 2.351641 1.693395
v -0.842429 2.621916 1.688748
v -0.853661 2.614075 1.674384
v -0.864012 2.601342 1.661146
v -0.873085 2.584207 1.649542
v -0.880532 2.563328 1.640020
v -0.886064 2.539506 1.632944
v -0.889472 2.513659 1.628587
v -0.890622 2.486778 1.627115
v -0.889472 2.459898 1.628587
v -0.886064 2.434051 1.632944
v -0.880532 2.410229 1.640020
v -0.873085 2.389350 1.649542
v -0.864012 2.372215 1.661146
v -0.853661 2.359482 1.674384
v -0.842429 2.351641 1.688748
v -0.840680 2.621916 1.684675
v -0.850229 2.614075 1.666395
v -0.859030 2.601342 1.649548
v -0.866745 2.584207 1.634781
v -0.873076 2.563328 1.622663
v -0.877780 2.539506 1.613657
v -0.880677 2.513659 1.608112
v -0.881656 2.486778 1.606239
v -0.880677 2.459898 1.608112
v -0.877780 2.434051 1.613657
v -0.873076 2.410229 1.622663
v -0.866745 2.389350 1.634781
v -0.859030 2.372215 1.649548
v -0.850229 2.359482 1.666395
v -0.840680 2.351641 1.684675
v -0.838549 2.621916 1.681333
v -0.846049 2.614075 1.659839
v -0.852962 2.601342 1.640030
v -0.859021 2.584207 1.622668
v -0.863993 2.563328 1.608418
v -0.867689 2.539506 1.597830
v -0.869963 2.513659 1.591310
v -0.870731 2.486778 1.589108
v -0.869963 2.459898 1.591310
v -0.867689 2.434051 1.597830
v -0.863993 2.410229 1.608418
v -0.859021 2.389350 1.622668
v -0.852962 2.372215 1.640030
v -0.846049 2.359482 1.659839
v -0.838549 2.351641 1.681333
v -0.836118 2.621916 1.678850
v -0.841281 2.614075 1.654968
v -0.846039 2.601342 1.632958
v -0.850210 2.584207 1.613667
v -0.853634 2.563328 1.597835
v -0.856177 2.539506 1.586071
v -0.857743 2.513659 1.578826
v -0.858272 2.486778 1.576380
v -0.857743 2.459898 1.578826
v -0.856177 2.434051 1.586071
v -0.853634 2.410229 1.597835
v -0.850210 2.389350 1.613667
v -0.846039 2.372215 1.632958
v -0.841281 2.359482 1.654968
v -0.836118 2.351641 1.678850
v -0.833480 2.621916 1.677321
v -0.836108 2.614075 1.651970
v -0.838530 2.601342 1.628605
v -0.840652 2.584207 1.608126
v -0.842394 2.563328 1.591320
v -0.843689 2.539506 1.578831
v -0.844485 2.513659 1.571141
v -0.844754 2.486778 1.568544
v -0.844485 2.459898 1.571141
v -0.843689 2.434051 1.578831
v -0.842394 2.410229 1.591320
v -0.840652 2.389350 1.608126
v -0.838530 2.372215 1.628605
v -0.836108 2.359482 1.651970
v -0.833480 2.351641 1.677321
v -0.830739 2.621916 1.676806
v -0.830730 2.614075 1.650959
v -0.830721 2.601342 1.627137
v -0.830714 2.584207 1.606258
v -0.830707 2.563328 1.589123
v -0.830703 2.539506 1.576390
v -0.830700 2.513659 1.568549
v -0.830699 2.486778 1.565902
v -0.830700 2.459898 1.568549
v -0.830703 2.434051 1.576390
v -0.830707 2.410229 1.589123
v -0.830714 2.389350 1.606258
v -0.830721 2.372215 1.627137
v -0.830730 2.359482 1.650959
v -0.830739 2.351641 1.676806
v -0.827997 2.621916 1.677323
v -0.825351 2.614075 1.651974
v -0.822913 2.601342 1.628611
v -0.820775 2.584207 1.608133
v -0.819021 2.563328 1.591328
v -0.817719 2.539506 1.578840
v -0.816916 2.513659 1.571151
v -0.816645 2.486778 1.568554
v -0.816916 2.459898 1.571151
v -0.817719 2.434051 1.578840
v -0.819021 2.410229 1.591328
v -0.820775 2.389350 1.608133
v -0.822913 2.372215 1.628611
v -0.825351 2.359482 1.651974
v -0.827997 2.351641 1.677323
v -0.825361 2.621916 1.678854
v -0.820180 2.614075 1.654976
v -0.815406 2.601342 1.632969
v -0.811221 2.584207 1.613681
v -0.807787 2.563328 1.597851
v -0.805235 2.539506 1.586089
v -0.803664 2.513659 1.578846
v -0.803133 2.486778 1.576400
v -0.803664 2.459898 1.578846
v -0.805235 2.434051 1.586089
v -0.807787 2.410229 1.597851
v -0.811221 2.389350 1.613681
v -0.815406 2.372215 1.632969
v -0.820180 2.359482 1.654976
v -0.825361 2.351641 1.678854
v -0.822932 2.621916 1.681339
v -0.815416 2.614075 1.659850
v -0.808489 2.601342 1.640046
v -0.802418 2.584207 1.622688
v -0.797434 2.563328 1.608442
v -0.793732 2.539506 1.597856
v -0.791452 2.513659 1.591338
v -0.790682 2.486778 1.589137
v -0.791452 2.459898 1.591338
v -0.793732 2.434051 1.597856
v -0.797434 2.410229 1.608442
v -0.802418 2.389350 1.622688
v -0.808489 2.372215 1.640046
v -0.815416 2.359482 1.659850
v -0.822932 2.351641 1.681339
v -0.820803 2.621916 1.684682
v -0.811240 2.614075 1.666409
v -0.802427 2.601342 1.649568
v -0.794702 2.584207 1.634807
v -0.788363 2.563328 1.622693
v -0.783651 2.539506 1.613691
v -0.780750 2.513659 1.608148
v -0.779772 2.486778 1.606276
v -0.780750 2.459898 1.608148
v -0.783651 2.434051 1.613691
v -0.788363 2.410229 1.622693
v -0.794702 2.389350 1.634807
v -0.802427 2.372215 1.649568
v -0.811240 2.359482 1.666409
v -0.820803 2.351641 1.684682
v -0.819056 2.621916 1.688756
v -0.807814 2.614075 1.674400
v -0.797454 2.601342 1.661170
v -0.788372 2.584207 1.649573
v -0.780919 2.563328 1.640056
v -0.775381 2.539506 1.632984
v -0.771971 2.513659 1.628629
v -0.770819 2.486778 1.627158
v -0.771971 2.459898 1.628629
v -0.775381 2.434051 1.632984
v -0.780919 2.410229 1.640056
v -0.788372 2.389350 1.649573
v -0.797454 2.372215 1.661170
v -0.807814 2.359482 1.674400
v -0.819056 2.351641 1.688756
v -0.817760 2.621916 1.693405
v -0.805271 2.614075 1.683517
v -0.793759 2.601342 1.674405
v -0.783670 2.584207 1.666419
v -0.775391 2.563328 1.659865
v -0.769238 2.539506 1.654994
v -0.765450 2.513659 1.651995
v -0.764171 2.486778 1.650983
v -0.765450 2.459898 1.651995
v -0.769238 2.434051 1.654994
v -0.775391 2.410229 1.659865
v -0.783670 2.389350 1.666419
v -0.793759 2.372215 1.674405
v -0.805271 2.359482 1.683517
v -0.817760 2.351641 1.693405
v -0.816962 2.621916 1.698447
v -0.803705 2.614075 1.693410
v -0.791487 2.601342 1.688766
v -0.780778 2.584207 1.684697
v -0.771990 2.563328 1.681357
v -0.765460 2.539506 1.678875
v -0.761438 2.513659 1.677348
v -0.760080 2.486778 1.676831
v -0.761438 2.459898 1.677348
v -0.765460 2.434051 1.678875
v -0.771990 2.410229 1.681357
v -0.780778 2.389350 1.684697
v -0.791487 2.372215 1.688766
v -0.803705 2.359482 1.693410
v -0.816962 2.351641 1.698447
v -0.816694 2.621916 1.703691
v -0.803179 2.614075 1.703696
v -0.790724 2.601342 1.703700
v -0.779807 2.584207 1.703704
v -0.770847 2.563328 1.703707
v -0.764190 2.539506 1.703710
v -0.760090 2.513659 1.703711
v -0.758706 2.486778 1.703712
v -0.760090 2.459898 1.703711
v -0.764190 2.434051 1.703710
v -0.770847 2.410229 1.703707
v -0.779807 2.389350 1.703704
v -0.790724 2.372215 1.703700
v -0.803179 2.359482 1.703696
v -0.816694 2.351641 1.703691
v -0.816966 2.621916 1.708936
v -0.803713 2.614075 1.713983
v -0.791498 2.601342 1.718634
v -0.780792 2.584207 1.722712
v -0.772006 2.563328 1.726058
v -0.765478 2.539506 1.728544
v -0.761457 2.513659 1.730075
v -0.760100 2.486778 1.730592
v -0.761457 2.459898 1.730075
v -0.765478 2.434051 1.728544
v -0.772006 2.410229 1.726058
v -0.780792 2.389350 1.722712
v -0.791498 2.372215 1.718634
v -0.803713 2.359482 1.713983
v -0.816966 2.351641 1.708936
v -0.817768 2.621916 1.713977
v -0.805285 2.614075 1.723873
v -0.793780 2.601342 1.732993
v -0.783697 2.584207 1.740988
v -0.775423 2.563328 1.747548
v -0.769274 2.539506 1.752423
v -0.765488 2.513659 1.755424
v -0.764209 2.486778 1.756438
v -0.765488 2.459898 1.755424
v -0.769274 2.434051 1.752423
v -0.775423 2.410229 1.747548
v -0.783697 2.389350 1.740988
v -0.793780 2.372215 1.732993
v -0.805285 2.359482 1.723873
v -0.817768 2.351641 1.713977
v -0.819067 2.621916 1.718624
v -0.807835 2.614075 1.732988
v -0.797484 2.601342 1.746227
v -0.788411 2.584207 1.757830
v -0.780965 2.563328 1.767352
v -0.775432 2.539506 1.774428
v -0.772025 2.513659 1.778786
v -0.770875 2.486778 1.780256
v -0.772025 2.459898 1.778786
v -0.775432 2.434051 1.774428
v -0.780965 2.410229 1.767352
v -0.788411 2.389350 1.757830
v -0.797484 2.372215 1.746227
v -0.807835 2.359482 1.732988
v -0.819067 2.351641 1.718624
v -0.820817 2.621916 1.722697
v -0.811267 2.614075 1.740978
v -0.802467 2.601342 1.757825
v -0.794752 2.584207 1.772592
v -0.788421 2.563328 1.784710
v -0.783716 2.539506 1.793715
v -0.780819 2.513659 1.799261
v -0.779842 2.486778 1.801133
v -0.780819 2.459898 1.799261
v -0.783716 2.434051 1.793715
v -0.788421 2.410229 1.784710
v -0.794752 2.389350 1.772592
v -0.802466 2.372215 1.757825
v -0.811267 2.359482 1.740978
v -0.820817 2.351641 1.722697
v -0.822948 2.621916 1.726040
v -0.815448 2.614075 1.747533
v -0.808535 2.601342 1.767342
v -0.802476 2.584207 1.784705
v -0.797503 2.563328 1.798954
v -0.793808 2.539506 1.809542
v -0.791533 2.513659 1.816063
v -0.790765 2.486778 1.818264
v -0.791533 2.459898 1.816063
v -0.793808 2.434051 1.809542
v -0.797503 2.410229 1.798955
v -0.802476 2.389350 1.784705
v -0.808535 2.372215 1.767342
v -0.815448 2.359482 1.747533
v -0.822948 2.351641 1.726040
v -0.830749 2.624563 1.703686
v -0.825379 2.621916 1.728523
v -0.820215 2.614075 1.752405
v -0.815457 2.601342 1.774413
v -0.811286 2.584207 1.793705
v -0.807863 2.563328 1.809537
v -0.805320 2.539506 1.821302
v -0.803754 2.513659 1.828547
v -0.803225 2.486778 1.830993
v -0.803754 2.459898 1.828547
v -0.805320 2.434051 1.821302
v -0.807863 2.410229 1.809537
v -0.811286 2.389350 1.793705
v -0.815457 2.372215 1.774413
v -0.820215 2.359482 1.752405
v -0.825379 2.351641 1.728523
v -0.828016 2.621916 1.730051
v -0.825389 2.614075 1.755403
v -0.822967 2.601342 1.778768
v -0.820844 2.584207 1.799246
v -0.819102 2.563328 1.816053
v -0.817809 2.539506 1.828542
v -0.817012 2.513659 1.836232
v -0.816743 2.486778 1.838828
v -0.817012 2.459898 1.836232
v -0.817809 2.434051 1.828542
v -0.819102 2.410229 1.816053
v -0.820844 2.389350 1.799246
v -0.822967 2.372215 1.778768
v -0.825388 2.359482 1.755403
v -0.828016 2.351641 1.730051
v -0.830759 2.621916 1.730567
v -0.830768 2.614075 1.756414
v -0.830777 2.601342 1.780235
v -0.830784 2.584207 1.801115
v -0.830790 2.563328 1.818250
v -0.830795 2.539506 1.830983
v -0.830798 2.513659 1.838823
v -0.830799 2.486778 1.841471
v -0.830798 2.459898 1.838823
v -0.830795 2.434051 1.830983
v -0.830790 2.410229 1.818250
v -0.830784 2.389350 1.801115
v -0.830777 2.372215 1.780235
v -0.830768 2.359482 1.756414
v -0.830759 2.351641 1.730567
v -0.833499 2.621916 1.730049
v -0.836146 2.614075 1.755399
v -0.838584 2.601342 1.778761
v -0.840721 2.584207 1.799239
v -0.842475 2.563328 1.816045
v -0.843779 2.539506 1.828532
v -0.844581 2.513659 1.836222
v -0.844852 2.486778 1.838818
v -0.844581 2.459898 1.836222
v -0.843779 2.434051 1.828532
v -0.842475 2.410229 1.816045
v -0.840721 2.389350 1.799239
v -0.838584 2.372215 1.778761
v -0.836146 2.359482 1.755399
v -0.833499 2.351641 1.730049
v -0.836136 2.621916 1.728519
v -0.841316 2.614075 1.752397
v -0.846090 2.601342 1.774402
v -0.850275 2.584207 1.793691
v -0.853710 2.563328 1.809520
v -0.856262 2.539506 1.821284
v -0.857833 2.513659 1.828527
v -0.858364 2.486778 1.830973
v -0.857833 2.459898 1.828527
v -0.856262 2.434051 1.821284
v -0.853710 2.410229 1.809520
v -0.850275 2.389350 1.793691
v -0.846090 2.372215 1.774402
v -0.841316 2.359482 1.752397
v -0.836136 2.351641 1.728519
v -0.838565 2.621916 1.726034
v -0.846081 2.614075 1.747522
v -0.853008 2.601342 1.767326
v -0.859079 2.584207 1.784685
v -0.864062 2.563328 1.798930
v -0.867765 2.539506 1.809515
v -0.870044 2.513659 1.816035
v -0.870814 2.486778 1.818235
v -0.870044 2.459898 1.816035
v -0.867765 2.434051 1.809515
v -0.864062 2.410229 1.798930
v -0.859079 2.389350 1.784685
v -0.853008 2.372215 1.767326
v -0.846081 2.359482 1.747522
v -0.838565 2.351641 1.726034
v -0.840694 2.621916 1.722690
v -0.850256 2.614075 1.740964
v -0.859069 2.601342 1.757805
v -0.866795 2.584207 1.772566
v -0.873134 2.563328 1.784680
v -0.877845 2.539506 1.793681
v -0.880746 2.513659 1.799225
v -0.881726 2.486778 1.801096
v -0.880746 2.459898 1.799225
v -0.877845 2.434051 1.793681
v -0.873134 2.410229 1.784680
v -0.866795 2.389350 1.772566
v -0.859069 2.372215 1.757805
v -0.850256 2.359482 1.740964
v -0.840694 2.351641 1.722690
v -0.842440 2.621916 1.718616
v -0.853683 2.614075 1.732972
v -0.864043 2.601342 1.746203
v -0.873124 2.584207 1.757800
v -0.880578 2.563328 1.767316
v -0.886115 2.539506 1.774388
v -0.889526 2.513659 1.778743
v -0.890678 2.486778 1.780213
v -0.889526 2.459898 1.778743
v -0.886115 2.434051 1.774388
v -0.880578 2.410229 1.767316
v -0.873124 2.389350 1.757800
v -0.864043 2.372215 1.746203
v -0.853682 2.359482 1.732972
v -0.842440 2.351641 1.718616
v -0.843738 2.621916 1.713968
v -0.856227 2.614075 1.723855
v -0.867738 2.601342 1.732966
v -0.877826 2.584207 1.740954
v -0.886106 2.563328 1.747508
v -0.892258 2.539506 1.752379
v -0.896047 2.513659 1.755377
v -0.897326 2.486778 1.756390
v -0.896047 2.459898 1.755377
v -0.892258 2.434051 1.752379
v -0.886106 2.410229 1.747508
v -0.877826 2.389350 1.740954
v -0.867737 2.372215 1.732966
v -0.856227 2.359482 1.723855
v -0.843738 2.351641 1.713968
v -0.844535 2.621916 1.708926
v -0.857792 2.614075 1.713963
v -0.870009 2.601342 1.718606
v -0.880719 2.584207 1.722676
v -0.889507 2.563328 1.726016
v -0.896038 2.539506 1.728497
v -0.900058 2.513659 1.730025
v -0.901417 2.486778 1.730541
v -0.900058 2.459898 1.730025
v -0.896038 2.434051 1.728497
v -0.889507 2.410229 1.726016
v -0.880719 2.389350 1.722676
v -0.870009 2.372215 1.718606
v -0.857792 2.359482 1.713963
v -0.844535 2.351641 1.708926
v -0.902791 2.486778 1.703660
v -0.901407 2.459898 1.703660
v -0.897307 2.434051 1.703662
v -0.858318 2.359482 1.703676
v -0.844803 2.351641 1.703681
v -0.830749 2.348994 1.703686
vn -0.9433 0.3318 -0.0003
vn -0.8846 0.4663 -0.0003
vn -0.8770 0.4715 -0.0924
vn -0.9366 0.3360 -0.0989
vn -0.7846 -0.6200 -0.0003
vn -0.8846 -0.4663 -0.0003
vn -0.8770 -0.4715 -0.0924
vn -0.7761 -0.6253 -0.0815
vn -0.9771 0.2129 -0.0004
vn -0.9710 0.2158 -0.1025
vn -0.6167 -0.7872 -0.0002
vn -0.6083 -0.7912 -0.0633
vn -0.9946 0.1040 -0.0004
vn -0.9889 0.1055 -0.1044
vn -0.3533 -0.9355 -0.0001
vn -0.3478 -0.9369 -0.0352
vn -1.0000 -0.0000 -0.0004
vn -0.9945 -0.0000 -0.1050
vn -0.3533 0.9355 -0.0001
vn -0.0000 1.0000 -0.0000
vn -0.3478 0.9369 -0.0352
vn -0.0000 -1.0000 -0.0000
vn -0.9946 -0.1040 -0.0004
vn -0.9889 -0.1055 -0.1044
vn -0.6167 0.7872 -0.0002
vn -0.6083 0.7912 -0.0633
vn -0.9771 -0.2129 -0.0004
vn -0.9710 -0.2158 -0.1025
vn -0.7846 0.6200 -0.0003
vn -0.7761 0.6253 -0.0815
vn -0.9434 -0.3318 -0.0003
vn -0.9367 -0.3360 -0.0988
vn -0.9517 -0.2248 -0.2090
vn -0.9153 -0.3490 -0.2009
vn -0.7498 0.6411 -0.1637
vn -0.8531 0.4871 -0.1869
vn -0.8531 -0.4871 -0.1869
vn -0.9153 0.3490 -0.2009
vn -0.7498 -0.6411 -0.1637
vn -0.9517 0.2248 -0.2090
vn -0.5827 -0.8028 -0.1260
vn -0.9708 0.1101 -0.2132
vn -0.3312 -0.9410 -0.0697
vn -0.9767 -0.0000 -0.2146
vn -0.3313 0.9410 -0.0697
vn -0.9708 -0.1101 -0.2132
vn -0.5827 0.8028 -0.1260
vn -0.5387 -0.8213 -0.1877
vn -0.3033 -0.9473 -0.1030
vn -0.9359 0.1182 -0.3319
vn -0.9425 -0.0000 -0.3343
vn -0.3033 0.9473 -0.1030
vn -0.9359 -0.1182 -0.3319
vn -0.5387 0.8213 -0.1877
vn -0.9149 -0.2405 -0.3243
vn -0.7028 0.6670 -0.2472
vn -0.8753 -0.3713 -0.3100
vn -0.8090 0.5136 -0.2859
vn -0.8090 -0.5136 -0.2859
vn -0.8753 0.3713 -0.3100
vn -0.7028 -0.6670 -0.2472
vn -0.9149 0.2405 -0.3243
vn -0.8082 -0.4037 -0.4288
vn -0.7378 -0.5507 -0.3903
vn -0.7378 0.5507 -0.3903
vn -0.8082 0.4037 -0.4288
vn -0.6305 -0.7018 -0.3316
vn -0.8517 0.2640 -0.4527
vn -0.4745 -0.8449 -0.2470
vn -0.8753 0.1303 -0.4656
vn -0.2639 -0.9552 -0.1340
vn -0.8828 -0.0000 -0.4697
vn -0.2639 0.9552 -0.1340
vn -0.8753 -0.1303 -0.4656
vn -0.4745 0.8449 -0.2470
vn -0.8517 -0.2640 -0.4527
vn -0.6305 0.7018 -0.3316
vn -0.2130 0.9636 -0.1617
vn -0.2130 -0.9636 -0.1617
vn -0.7812 -0.0000 -0.6243
vn -0.7729 -0.1469 -0.6173
vn -0.3880 0.8709 -0.3017
vn -0.7469 -0.2953 -0.5958
vn -0.5266 0.7424 -0.4142
vn -0.7005 -0.4458 -0.5573
vn -0.6290 0.5967 -0.4983
vn -0.6290 -0.5967 -0.4982
vn -0.7005 0.4458 -0.5573
vn -0.5266 -0.7424 -0.4142
vn -0.7469 0.2953 -0.5958
vn -0.3879 -0.8709 -0.3017
vn -0.7729 0.1469 -0.6173
vn -0.4704 0.6456 -0.6016
vn -0.5339 0.4931 -0.6869
vn -0.4704 -0.6456 -0.6016
vn -0.3852 -0.7829 -0.4885
vn -0.5774 0.3320 -0.7459
vn -0.2779 -0.8953 -0.3481
vn -0.6027 0.1668 -0.7803
vn -0.1509 -0.9712 -0.1845
vn -0.6110 -0.0000 -0.7916
vn -0.1509 0.9712 -0.1845
vn -0.6027 -0.1668 -0.7803
vn -0.2779 0.8953 -0.3481
vn -0.5774 -0.3320 -0.7459
vn -0.3852 0.7829 -0.4885
vn -0.5339 -0.4931 -0.6869
vn -0.3457 -0.0000 -0.9383
vn -0.3401 -0.1851 -0.9220
vn -0.0788 0.9765 -0.2004
vn -0.1460 0.9131 -0.3806
vn -0.3232 -0.3649 -0.8732
vn -0.2056 0.8142 -0.5430
vn -0.2950 -0.5337 -0.7926
vn -0.2557 0.6856 -0.6816
vn -0.2557 -0.6856 -0.6816
vn -0.2950 0.5337 -0.7926
vn -0.2057 -0.8142 -0.5430
vn -0.3232 0.3649 -0.8732
vn -0.1460 -0.9131 -0.3806
vn -0.3401 0.1851 -0.9220
vn -0.0788 -0.9765 -0.2004
vn 0.0003 -0.7014 -0.7128
vn 0.0002 -0.8261 -0.5635
vn 0.0003 0.5503 -0.8350
vn 0.0003 0.3787 -0.9255
vn 0.0001 -0.9197 -0.3925
vn 0.0004 0.1929 -0.9812
vn 0.0001 -0.9785 -0.2062
vn 0.0004 -0.0000 -1.0000
vn 0.0001 0.9785 -0.2062
vn 0.0004 -0.1929 -0.9812
vn 0.0001 0.9197 -0.3925
vn 0.0003 -0.3787 -0.9255
vn 0.0002 0.8261 -0.5635
vn 0.0003 -0.5503 -0.8350
vn 0.0003 0.7014 -0.7128
vn 0.0789 0.9765 -0.2003
vn 0.1463 0.9131 -0.3805
vn 0.3408 -0.1851 -0.9217
vn 0.3238 -0.3649 -0.8729
vn 0.2060 0.8142 -0.5428
vn 0.2956 -0.5337 -0.7924
vn 0.2562 0.6856 -0.6815
vn 0.2562 -0.6856 -0.6815
vn 0.2956 0.5337 -0.7924
vn 0.2060 -0.8142 -0.5428
vn 0.3238 0.3649 -0.8729
vn 0.1463 -0.9131 -0.3805
vn 0.3408 0.1851 -0.9217
vn 0.0789 -0.9765 -0.2003
vn 0.3464 -0.0000 -0.9381
vn 0.5344 0.4931 -0.6865
vn 0.5780 0.3320 -0.7455
vn 0.3856 -0.7829 -0.4882
vn 0.2782 -0.8953 -0.3479
vn 0.6033 0.1668 -0.7799
vn 0.1510 -0.9712 -0.1844
vn 0.6115 -0.0000 -0.7912
vn 0.1511 0.9712 -0.1844
vn 0.6033 -0.1668 -0.7799
vn 0.2782 0.8953 -0.3479
vn 0.5780 -0.3320 -0.7455
vn 0.3856 0.7829 -0.4882
vn 0.5344 -0.4930 -0.6865
vn 0.4708 0.6456 -0.6012
vn 0.4708 -0.6456 -0.6012
vn 0.7733 -0.1469 -0.6168
vn 0.7473 -0.2953 -0.5952
vn 0.3882 0.8709 -0.3014
vn 0.5269 0.7424 -0.4138
vn 0.7009 -0.4458 -0.5568
vn 0.6294 0.5967 -0.4978
vn 0.6294 -0.5967 -0.4978
vn 0.7009 0.4458 -0.5568
vn 0.5269 -0.7424 -0.4138
vn 0.7473 0.2953 -0.5952
vn 0.3881 -0.8709 -0.3014
vn 0.7733 0.1469 -0.6168
vn 0.2131 -0.9636 -0.1615
vn 0.7817 -0.0000 -0.6237
vn 0.2131 0.9636 -0.1615
vn 0.6307 -0.7018 -0.3312
vn 0.4747 -0.8449 -0.2466
vn 0.8521 0.2640 -0.4520
vn 0.8757 0.1303 -0.4650
vn 0.2640 -0.9552 -0.1338
vn 0.8832 -0.0000 -0.4691
vn 0.2640 0.9552 -0.1338
vn 0.8757 -0.1303 -0.4650
vn 0.4747 0.8449 -0.2466
vn 0.8521 -0.2640 -0.4520
vn 0.6307 0.7018 -0.3312
vn 0.8085 -0.4037 -0.4282
vn 0.7381 0.5507 -0.3897
vn 0.7381 -0.5507 -0.3897
vn 0.8085 0.4037 -0.4282
vn 0.9151 -0.2405 -0.3237
vn 0.8755 -0.3713 -0.3093
vn 0.7030 0.6670 -0.2467
vn 0.8092 0.5136 -0.2853
vn 0.8092 -0.5136 -0.2853
vn 0.8755 0.3713 -0.3093
vn 0.7030 -0.6670 -0.2467
vn 0.9151 0.2405 -0.3236
vn 0.5389 -0.8213 -0.1873
vn 0.9361 0.1182 -0.3312
vn 0.3034 -0.9473 -0.1028
vn 0.9427 -0.0000 -0.3336
vn 0.3034 0.9473 -0.1028
vn 0.9361 -0.1182 -0.3312
vn 0.5389 0.8213 -0.1873
vn 0.5828 -0.8028 -0.1256
vn 0.3313 -0.9410 -0.0695
vn 0.9709 0.1101 -0.2125
vn 0.9769 -0.0000 -0.2138
vn 0.3313 0.9410 -0.0695
vn 0.9709 -0.1101 -0.2125
vn 0.5828 0.8028 -0.1256
vn 0.9519 -0.2248 -0.2083
vn 0.7499 0.6411 -0.1631
vn 0.9155 -0.3490 -0.2002
vn 0.8532 0.4871 -0.1863
vn 0.8532 -0.4871 -0.1863
vn 0.9155 0.3490 -0.2002
vn 0.7499 -0.6411 -0.1631
vn 0.9519 0.2248 -0.2083
vn 0.7762 0.6253 -0.0810
vn 0.8771 0.4715 -0.0918
vn 0.9367 -0.3360 -0.0982
vn 0.8771 -0.4715 -0.0918
vn 0.9367 0.3360 -0.0982
vn 0.7762 -0.6253 -0.0810
vn 0.9711 0.2158 -0.1018
vn 0.6083 -0.7912 -0.0629
vn 0.9890 0.1055 -0.1037
vn 0.3478 -0.9369 -0.0350
vn 0.9945 -0.0000 -0.1043
vn 0.3478 0.9369 -0.0350
vn 0.9890 -0.1055 -0.1037
vn 0.6083 0.7912 -0.0629
vn 0.9711 -0.2158 -0.1018
vn 0.9946 0.1040 0.0004
vn 1.0000 -0.0000 0.0004
vn 0.3533 0.9355 0.0001
vn 0.3533 -0.9355 0.0001
vn 0.9946 -0.1040 0.0004
vn 0.6167 0.7872 0.0002
vn 0.9771 -0.2129 0.0004
vn 0.7846 0.6200 0.0003
vn 0.9434 -0.3318 0.0003
vn 0.8846 0.4663 0.0003
vn 0.8846 -0.4663 0.0003
vn 0.9434 0.3318 0.0003
vn 0.7846 -0.6200 0.0003
vn 0.9771 0.2129 0.0004
vn 0.6167 -0.7872 0.0002
vn 0.9367 -0.3360 0.0988
vn 0.8770 -0.4715 0.0924
vn 0.8770 0.4715 0.0924
vn 0.9367 0.3360 0.0988
vn 0.7761 -0.6253 0.0815
vn 0.9710 0.2158 0.1025
vn 0.6083 -0.7912 0.0634
vn 0.9889 0.1055 0.1044
vn 0.3478 -0.9369 0.0352
vn 0.9945 -0.0000 0.1050
vn 0.3478 0.9369 0.0352
vn 0.9889 -0.1055 0.1044
vn 0.6083 0.7912 0.0634
vn 0.9710 -0.2158 0.1025
vn 0.7761 0.6253 0.0815
vn 0.3312 0.9410 0.0697
vn 0.3312 -0.9410 0.0697
vn 0.9767 -0.0000 0.2146
vn 0.9708 -0.1101 0.2132
vn 0.5827 0.8029 0.1260
vn 0.9517 -0.2248 0.2090
vn 0.7498 0.6411 0.1637
vn 0.9154 -0.3490 0.2009
vn 0.8531 0.4871 0.1869
vn 0.8531 -0.4871 0.1869
vn 0.9154 0.3490 0.2009
vn 0.7498 -0.6411 0.1637
vn 0.9517 0.2248 0.2090
vn 0.5827 -0.8028 0.1260
vn 0.9708 0.1101 0.2132
vn 0.8090 0.5136 0.2859
vn 0.8753 0.3713 0.3100
vn 0.8090 -0.5136 0.2859
vn 0.7028 -0.6670 0.2472
vn 0.9149 0.2405 0.3243
vn 0.5387 -0.8213 0.1876
vn 0.9359 0.1182 0.3319
vn 0.3033 -0.9473 0.1030
vn 0.9425 -0.0000 0.3343
vn 0.3033 0.9473 0.1030
vn 0.9359 -0.1182 0.3319
vn 0.5387 0.8213 0.1876
vn 0.9149 -0.2405 0.3243
vn 0.7028 0.6670 0.2472
vn 0.8753 -0.3713 0.3100
vn 0.8828 -0.0000 0.4697
vn 0.8753 -0.1303 0.4656
vn 0.2639 0.9552 0.1340
vn 0.4745 0.8449 0.2470
vn 0.8517 -0.2640 0.4527
vn 0.6305 0.7018 0.3317
vn 0.8082 -0.4037 0.4288
vn 0.7378 0.5507 0.3903
vn 0.7378 -0.5507 0.3903
vn 0.8082 0.4037 0.4288
vn 0.6305 -0.7018 0.3317
vn 0.8517 0.2640 0.4527
vn 0.4745 -0.8449 0.2470
vn 0.8753 0.1303 0.4656
vn 0.2639 -0.9552 0.1340
vn 0.6290 -0.5967 0.4983
vn 0.5266 -0.7424 0.4142
vn 0.7005 0.4458 0.5573
vn 0.7469 0.2953 0.5958
vn 0.3879 -0.8709 0.3017
vn 0.7729 0.1469 0.6173
vn 0.2130 -0.9636 0.1617
vn 0.7812 -0.0000 0.6243
vn 0.2130 0.9636 0.1617
vn 0.7729 -0.1469 0.6173
vn 0.3879 0.8709 0.3017
vn 0.7469 -0.2953 0.5958
vn 0.5266 0.7424 0.4142
vn 0.7005 -0.4458 0.5573
vn 0.6290 0.5967 0.4983
vn 0.6027 -0.1668 0.7803
vn 0.5774 -0.3320 0.7459
vn 0.2779 0.8953 0.3481
vn 0.3852 0.7829 0.4885
vn 0.5339 -0.4931 0.6869
vn 0.4704 0.6456 0.6015
vn 0.4704 -0.6456 0.6016
vn 0.5339 0.4931 0.6869
vn 0.3852 -0.7829 0.4885
vn 0.5774 0.3320 0.7459
vn 0.2779 -0.8953 0.3481
vn 0.6027 0.1668 0.7803
vn 0.1509 -0.9712 0.1845
vn 0.6110 -0.0000 0.7917
vn 0.1510 0.9712 0.1845
vn 0.2057 -0.8142 0.5430
vn 0.1460 -0.9131 0.3806
vn 0.3232 0.3649 0.8732
vn 0.3401 0.1851 0.9220
vn 0.0788 -0.9766 0.2004
vn 0.3457 -0.0000 0.9383
vn 0.0787 0.9766 0.2004
vn 0.3401 -0.1851 0.9220
vn 0.1460 0.9131 0.3806
vn 0.3232 -0.3649 0.8732
vn 0.2057 0.8142 0.5430
vn 0.2950 -0.5337 0.7926
vn 0.2557 0.6856 0.6816
vn 0.2557 -0.6856 0.6816
vn 0.2950 0.5337 0.7926
vn -0.0001 0.9197 0.3925
vn -0.0002 0.8261 0.5635
vn -0.0003 -0.3786 0.9255
vn -0.0003 -0.5503 0.8350
vn -0.0003 0.7014 0.7128
vn -0.0003 -0.7014 0.7128
vn -0.0003 0.5503 0.8350
vn -0.0002 -0.8261 0.5635
vn -0.0003 0.3786 0.9255
vn -0.0002 -0.9197 0.3925
vn -0.0004 0.1929 0.9812
vn -0.0001 -0.9785 0.2062
vn -0.0004 -0.0000 1.0000
vn -0.0001 0.9785 0.2062
vn -0.0004 -0.1929 0.9812
vn -0.3238 0.3649 0.8729
vn -0.3408 0.1851 0.9217
vn -0.1463 -0.9131 0.3805
vn -0.0789 -0.9766 0.2003
vn -0.3464 -0.0000 0.9381
vn -0.0789 0.9766 0.2003
vn -0.3408 -0.1851 0.9217
vn -0.1463 0.9131 0.3805
vn -0.3238 -0.3649 0.8729
vn -0.2061 0.8142 0.5428
vn -0.2956 -0.5337 0.7923
vn -0.2562 0.6856 0.6814
vn -0.2562 -0.6856 0.6814
vn -0.2956 0.5337 0.7923
vn -0.2061 -0.8142 0.5428
vn -0.5780 -0.3320 0.7455
vn -0.5344 -0.4931 0.6865
vn -0.3856 0.7829 0.4882
vn -0.4708 0.6456 0.6012
vn -0.4709 -0.6456 0.6012
vn -0.5344 0.4931 0.6865
vn -0.3856 -0.7829 0.4882
vn -0.5780 0.3320 0.7455
vn -0.2781 -0.8953 0.3479
vn -0.6033 0.1668 0.7799
vn -0.1510 -0.9712 0.1844
vn -0.6115 -0.0000 0.7912
vn -0.1511 0.9712 0.1844
vn -0.6033 -0.1668 0.7799
vn -0.2781 0.8953 0.3479
vn -0.3881 -0.8709 0.3014
vn -0.2131 -0.9636 0.1615
vn -0.7733 0.1469 0.6168
vn -0.7816 -0.0000 0.6237
vn -0.2131 0.9636 0.1615
vn -0.7733 -0.1469 0.6168
vn -0.3882 0.8709 0.3014
vn -0.7473 -0.2953 0.5952
vn -0.5269 0.7424 0.4138
vn -0.7009 -0.4458 0.5568
vn -0.6294 0.5967 0.4978
vn -0.6294 -0.5967 0.4978
vn -0.7009 0.4458 0.5568
vn -0.5269 -0.7424 0.4138
vn -0.7473 0.2953 0.5952
vn -0.6307 0.7018 0.3312
vn -0.7381 0.5507 0.3898
vn -0.8085 -0.4037 0.4282
vn -0.7381 -0.5507 0.3898
vn -0.8085 0.4037 0.4282
vn -0.6307 -0.7018 0.3312
vn -0.8521 0.2640 0.4520
vn -0.4747 -0.8449 0.2466
vn -0.8757 0.1303 0.4650
vn -0.2640 -0.9552 0.1338
vn -0.8832 -0.0000 0.4691
vn -0.2640 0.9552 0.1338
vn -0.8757 -0.1303 0.4650
vn -0.4747 0.8449 0.2466
vn -0.8521 -0.2640 0.4520
vn -0.9361 0.1182 0.3312
vn -0.9427 -0.0000 0.3336
vn -0.3034 0.9473 0.1028
vn -0.3034 -0.9473 0.1028
vn -0.9361 -0.1182 0.3312
vn -0.5389 0.8213 0.1873
vn -0.9151 -0.2405 0.3237
vn -0.7030 0.6670 0.2467
vn -0.8755 -0.3713 0.3093
vn -0.8092 0.5136 0.2853
vn -0.8092 -0.5136 0.2853
vn -0.8755 0.3713 0.3093
vn -0.7030 -0.6670 0.2467
vn -0.9151 0.2405 0.3237
vn -0.5389 -0.8213 0.1873
vn -0.9155 -0.3490 0.2002
vn -0.8532 -0.4871 0.1863
vn -0.8532 0.4871 0.1863
vn -0.9155 0.3490 0.2002
vn -0.7499 -0.6411 0.1631
vn -0.9519 0.2248 0.2083
vn -0.5828 -0.8028 0.1256
vn -0.9709 0.1101 0.2125
vn -0.3313 -0.9410 0.0695
vn -0.9769 -0.0000 0.2139
vn -0.3313 0.9410 0.0695
vn -0.9709 -0.1101 0.2125
vn -0.5828 0.8028 0.1256
vn -0.9519 -0.2248 0.2083
vn -0.7499 0.6411 0.1631
vn -0.3478 -0.9369 0.0350
vn -0.9945 -0.0000 0.1043
vn -0.9890 -0.1055 0.1037
vn -0.3478 0.9369 0.0350
vn -0.6083 0.7912 0.0629
vn -0.9711 -0.2158 0.1018
vn -0.7762 0.6253 0.0810
vn -0.9367 -0.3360 0.0982
vn -0.8771 0.4715 0.0918
vn -0.8771 -0.4715 0.0918
vn -0.9367 0.3360 0.0982
vn -0.7762 -0.6253 0.0810
vn -0.9711 0.2158 0.1018
vn -0.6083 -0.7912 0.0629
vn -0.9890 0.1055 0.1037
vt 0.750000 0.687500
vt 0.750000 0.750000
vt 0.718750 0.750000
vt 0.718750 0.687500
vt 0.750000 0.187500
vt 0.750000 0.250000
vt 0.718750 0.250000
vt 0.718750 0.187500
vt 0.750000 0.625000
vt 0.718750 0.625000
vt 0.750000 0.125000
vt 0.718750 0.125000
vt 0.750000 0.562500
vt 0.718750 0.562500
vt 0.750000 0.062500
vt 0.718750 0.062500
vt 0.750000 0.500000
vt 0.718750 0.500000
vt 0.750000 0.937500
vt 0.734375 1.000000
vt 0.718750 0.937500
vt 0.734375 0.000000
vt 0.750000 0.437500
vt 0.718750 0.437500
vt 0.750000 0.875000
vt 0.718750 0.875000
vt 0.750000 0.375000
vt 0.718750 0.375000
vt 0.750000 0.812500
vt 0.718750 0.812500
vt 0.750000 0.312500
vt 0.718750 0.312500
vt 0.687500 0.375000
vt 0.687500 0.312500
vt 0.687500 0.812500
vt 0.687500 0.750000
vt 0.687500 0.250000
vt 0.687500 0.687500
vt 0.687500 0.187500
vt 0.687500 0.625000
vt 0.687500 0.125000
vt 0.687500 0.562500
vt 0.687500 0.062500
vt 0.687500 0.500000
vt 0.703125 1.000000
vt 0.687500 0.937500
vt 0.703125 0.000000
vt 0.687500 0.437500
vt 0.687500 0.875000
vt 0.656250 0.125000
vt 0.656250 0.062500
vt 0.656250 0.562500
vt 0.656250 0.500000
vt 0.671875 1.000000
vt 0.656250 0.937500
vt 0.671875 0.000000
vt 0.656250 0.437500
vt 0.656250 0.875000
vt 0.656250 0.375000
vt 0.656250 0.812500
vt 0.656250 0.312500
vt 0.656250 0.750000
vt 0.656250 0.250000
vt 0.656250 0.687500
vt 0.656250 0.187500
vt 0.656250 0.625000
vt 0.625000 0.312500
vt 0.625000 0.250000
vt 0.625000 0.750000
vt 0.625000 0.687500
vt 0.625000 0.187500
vt 0.625000 0.625000
vt 0.625000 0.125000
vt 0.625000 0.562500
vt 0.625000 0.062500
vt 0.625000 0.500000
vt 0.640625 1.000000
vt 0.625000 0.937500
vt 0.640625 0.000000
vt 0.625000 0.437500
vt 0.625000 0.875000
vt 0.625000 0.375000
vt 0.625000 0.812500
vt 0.609375 1.000000
vt 0.593750 0.937500
vt 0.609375 0.000000
vt 0.593750 0.062500
vt 0.593750 0.500000
vt 0.593750 0.437500
vt 0.593750 0.875000
vt 0.593750 0.375000
vt 0.593750 0.812500
vt 0.593750 0.312500
vt 0.593750 0.750000
vt 0.593750 0.250000
vt 0.593750 0.687500
vt 0.593750 0.187500
vt 0.593750 0.625000
vt 0.593750 0.125000
vt 0.593750 0.562500
vt 0.562500 0.750000
vt 0.562500 0.687500
vt 0.562500 0.250000
vt 0.562500 0.187500
vt 0.562500 0.625000
vt 0.562500 0.125000
vt 0.562500 0.562500
vt 0.562500 0.062500
vt 0.562500 0.500000
vt 0.578125 1.000000
vt 0.562500 0.937500
vt 0.578125 0.000000
vt 0.562500 0.437500
vt 0.562500 0.875000
vt 0.562500 0.375000
vt 0.562500 0.812500
vt 0.562500 0.312500
vt 0.531250 0.500000
vt 0.531250 0.437500
vt 0.531250 0.937500
vt 0.531250 0.875000
vt 0.531250 0.375000
vt 0.531250 0.812500
vt 0.531250 0.312500
vt 0.531250 0.750000
vt 0.531250 0.250000
vt 0.531250 0.687500
vt 0.531250 0.187500
vt 0.531250 0.625000
vt 0.531250 0.125000
vt 0.531250 0.562500
vt 0.531250 0.062500
vt 0.546875 1.000000
vt 0.546875 0.000000
vt 0.500000 0.250000
vt 0.500000 0.187500
vt 0.500000 0.687500
vt 0.500000 0.625000
vt 0.500000 0.125000
vt 0.500000 0.562500
vt 0.500000 0.062500
vt 0.500000 0.500000
vt 0.515625 1.000000
vt 0.500000 0.937500
vt 0.515625 0.000000
vt 0.500000 0.437500
vt 0.500000 0.875000
vt 0.500000 0.375000
vt 0.500000 0.812500
vt 0.500000 0.312500
vt 0.500000 0.750000
vt 0.468750 0.937500
vt 0.468750 0.875000
vt 0.468750 0.437500
vt 0.468750 0.375000
vt 0.468750 0.812500
vt 0.468750 0.312500
vt 0.468750 0.750000
vt 0.468750 0.250000
vt 0.468750 0.687500
vt 0.468750 0.187500
vt 0.468750 0.625000
vt 0.468750 0.125000
vt 0.468750 0.562500
vt 0.468750 0.062500
vt 0.468750 0.500000
vt 0.484375 1.000000
vt 0.484375 0.000000
vt 0.437500 0.687500
vt 0.437500 0.625000
vt 0.437500 0.187500
vt 0.437500 0.125000
vt 0.437500 0.562500
vt 0.437500 0.062500
vt 0.437500 0.500000
vt 0.453125 1.000000
vt 0.437500 0.937500
vt 0.453125 0.000000
vt 0.437500 0.437500
vt 0.437500 0.875000
vt 0.437500 0.375000
vt 0.437500 0.812500
vt 0.437500 0.312500
vt 0.437500 0.750000
vt 0.437500 0.250000
vt 0.406250 0.437500
vt 0.406250 0.375000
vt 0.406250 0.875000
vt 0.406250 0.812500
vt 0.406250 0.312500
vt 0.406250 0.750000
vt 0.406250 0.250000
vt 0.406250 0.687500
vt 0.406250 0.187500
vt 0.406250 0.625000
vt 0.406250 0.125000
vt 0.406250 0.562500
vt 0.406250 0.062500
vt 0.406250 0.500000
vt 0.421875 1.000000
vt 0.406250 0.937500
vt 0.421875 0.000000
vt 0.375000 0.187500
vt 0.375000 0.125000
vt 0.375000 0.625000
vt 0.375000 0.562500
vt 0.375000 0.062500
vt 0.375000 0.500000
vt 0.390625 1.000000
vt 0.375000 0.937500
vt 0.390625 0.000000
vt 0.375000 0.437500
vt 0.375000 0.875000
vt 0.375000 0.375000
vt 0.375000 0.812500
vt 0.375000 0.312500
vt 0.375000 0.750000
vt 0.375000 0.250000
vt 0.375000 0.687500
vt 0.343750 0.375000
vt 0.343750 0.312500
vt 0.343750 0.812500
vt 0.343750 0.750000
vt 0.343750 0.250000
vt 0.343750 0.687500
vt 0.343750 0.187500
vt 0.343750 0.625000
vt 0.343750 0.125000
vt 0.343750 0.562500
vt 0.343750 0.062500
vt 0.343750 0.500000
vt 0.359375 1.000000
vt 0.343750 0.937500
vt 0.359375 0.000000
vt 0.343750 0.437500
vt 0.343750 0.875000
vt 0.312500 0.125000
vt 0.312500 0.062500
vt 0.312500 0.562500
vt 0.312500 0.500000
vt 0.328125 1.000000
vt 0.312500 0.937500
vt 0.328125 0.000000
vt 0.312500 0.437500
vt 0.312500 0.875000
vt 0.312500 0.375000
vt 0.312500 0.812500
vt 0.312500 0.312500
vt 0.312500 0.750000
vt 0.312500 0.250000
vt 0.312500 0.687500
vt 0.312500 0.187500
vt 0.312500 0.625000
vt 0.281250 0.812500
vt 0.281250 0.750000
vt 0.281250 0.312500
vt 0.281250 0.250000
vt 0.281250 0.687500
vt 0.281250 0.187500
vt 0.281250 0.625000
vt 0.281250 0.125000
vt 0.281250 0.562500
vt 0.281250 0.062500
vt 0.281250 0.500000
vt 0.296875 1.000000
vt 0.281250 0.937500
vt 0.296875 0.000000
vt 0.281250 0.437500
vt 0.281250 0.875000
vt 0.281250 0.375000
vt 0.250000 0.562500
vt 0.250000 0.500000
vt 0.265625 1.000000
vt 0.250000 0.937500
vt 0.265625 0.000000
vt 0.250000 0.062500
vt 0.250000 0.437500
vt 0.250000 0.875000
vt 0.250000 0.375000
vt 0.250000 0.812500
vt 0.250000 0.312500
vt 0.250000 0.750000
vt 0.250000 0.250000
vt 0.250000 0.687500
vt 0.250000 0.187500
vt 0.250000 0.625000
vt 0.250000 0.125000
vt 0.218750 0.312500
vt 0.218750 0.250000
vt 0.218750 0.750000
vt 0.218750 0.687500
vt 0.218750 0.187500
vt 0.218750 0.625000
vt 0.218750 0.125000
vt 0.218750 0.562500
vt 0.218750 0.062500
vt 0.218750 0.500000
vt 0.234375 1.000000
vt 0.218750 0.937500
vt 0.234375 0.000000
vt 0.218750 0.437500
vt 0.218750 0.875000
vt 0.218750 0.375000
vt 0.218750 0.812500
vt 0.203125 1.000000
vt 0.187500 0.937500
vt 0.203125 0.000000
vt 0.187500 0.062500
vt 0.187500 0.500000
vt 0.187500 0.437500
vt 0.187500 0.875000
vt 0.187500 0.375000
vt 0.187500 0.812500
vt 0.187500 0.312500
vt 0.187500 0.750000
vt 0.187500 0.250000
vt 0.187500 0.687500
vt 0.187500 0.187500
vt 0.187500 0.625000
vt 0.187500 0.125000
vt 0.187500 0.562500
vt 0.156250 0.750000
vt 0.156250 0.687500
vt 0.156250 0.250000
vt 0.156250 0.187500
vt 0.156250 0.625000
vt 0.156250 0.125000
vt 0.156250 0.562500
vt 0.156250 0.062500
vt 0.156250 0.500000
vt 0.171875 1.000000
vt 0.156250 0.937500
vt 0.171875 0.000000
vt 0.156250 0.437500
vt 0.156250 0.875000
vt 0.156250 0.375000
vt 0.156250 0.812500
vt 0.156250 0.312500
vt 0.125000 0.500000
vt 0.125000 0.437500
vt 0.125000 0.937500
vt 0.125000 0.875000
vt 0.125000 0.375000
vt 0.125000 0.812500
vt 0.125000 0.312500
vt 0.125000 0.750000
vt 0.125000 0.250000
vt 0.125000 0.687500
vt 0.125000 0.187500
vt 0.125000 0.625000
vt 0.125000 0.125000
vt 0.125000 0.562500
vt 0.125000 0.062500
vt 0.140625 1.000000
vt 0.140625 0.000000
vt 0.093750 0.250000
vt 0.093750 0.187500
vt 0.093750 0.687500
vt 0.093750 0.625000
vt 0.093750 0.125000
vt 0.093750 0.562500
vt 0.093750 0.062500
vt 0.093750 0.500000
vt 0.109375 1.000000
vt 0.093750 0.937500
vt 0.109375 0.000000
vt 0.093750 0.437500
vt 0.093750 0.875000
vt 0.093750 0.375000
vt 0.093750 0.812500
vt 0.093750 0.312500
vt 0.093750 0.750000
vt 0.062500 0.437500
vt 0.062500 0.375000
vt 0.062500 0.875000
vt 0.062500 0.812500
vt 0.062500 0.312500
vt 0.062500 0.750000
vt 0.062500 0.250000
vt 0.062500 0.687500
vt 0.062500 0.187500
vt 0.062500 0.625000
vt 0.062500 0.125000
vt 0.062500 0.562500
vt 0.062500 0.062500
vt 0.062500 0.500000
vt 0.078125 1.000000
vt 0.062500 0.937500
vt 0.078125 0.000000
vt 0.031250 0.187500
vt 0.031250 0.125000
vt 0.031250 0.625000
vt 0.031250 0.562500
vt 0.031250 0.062500
vt 0.031250 0.500000
vt 0.046875 1.000000
vt 0.031250 0.937500
vt 0.046875 0.000000
vt 0.031250 0.437500
vt 0.031250 0.875000
vt 0.031250 0.375000
vt 0.031250 0.812500
vt 0.031250 0.312500
vt 0.031250 0.750000
vt 0.031250 0.250000
vt 0.031250 0.687500
vt 0.000000 0.875000
vt 0.000000 0.812500
vt 0.000000 0.375000
vt 0.000000 0.312500
vt 0.000000 0.750000
vt 0.000000 0.250000
vt 0.000000 0.687500
vt 0.000000 0.187500
vt 0.000000 0.625000
vt 0.000000 0.125000
vt 0.000000 0.562500
vt 0.000000 0.062500
vt 0.000000 0.500000
vt 0.015625 1.000000
vt 0.000000 0.937500
vt 0.015625 0.000000
vt 0.000000 0.437500
vt 1.000000 0.562500
vt 1.000000 0.625000
vt 0.968750 0.625000
vt 0.968750 0.562500
vt 1.000000 0.062500
vt 1.000000 0.125000
vt 0.968750 0.125000
vt 0.968750 0.062500
vt 1.000000 0.500000
vt 0.968750 0.500000
vt 1.000000 0.937500
vt 0.984375 1.000000
vt 0.968750 0.937500
vt 0.984375 0.000000
vt 1.000000 0.437500
vt 0.968750 0.437500
vt 1.000000 0.875000
vt 0.968750 0.875000
vt 1.000000 0.375000
vt 0.968750 0.375000
vt 1.000000 0.812500
vt 0.968750 0.812500
vt 1.000000 0.312500
vt 0.968750 0.312500
vt 1.000000 0.750000
vt 0.968750 0.750000
vt 1.000000 0.250000
vt 0.968750 0.250000
vt 1.000000 0.687500
vt 0.968750 0.687500
vt 1.000000 0.187500
vt 0.968750 0.187500
vt 0.937500 0.375000
vt 0.937500 0.312500
vt 0.937500 0.812500
vt 0.937500 0.750000
vt 0.937500 0.250000
vt 0.937500 0.687500
vt 0.937500 0.187500
vt 0.937500 0.625000
vt 0.937500 0.125000
vt 0.937500 0.562500
vt 0.937500 0.062500
vt 0.937500 0.500000
vt 0.953125 1.000000
vt 0.937500 0.937500
vt 0.953125 0.000000
vt 0.937500 0.437500
vt 0.937500 0.875000
vt 0.906250 0.125000
vt 0.906250 0.062500
vt 0.906250 0.562500
vt 0.906250 0.500000
vt 0.921875 1.000000
vt 0.906250 0.937500
vt 0.921875 0.000000
vt 0.906250 0.437500
vt 0.906250 0.875000
vt 0.906250 0.375000
vt 0.906250 0.812500
vt 0.906250 0.312500
vt 0.906250 0.750000
vt 0.906250 0.250000
vt 0.906250 0.687500
vt 0.906250 0.187500
vt 0.906250 0.625000
vt 0.875000 0.812500
vt 0.875000 0.750000
vt 0.875000 0.312500
vt 0.875000 0.250000
vt 0.875000 0.687500
vt 0.875000 0.187500
vt 0.875000 0.625000
vt 0.875000 0.125000
vt 0.875000 0.562500
vt 0.875000 0.062500
vt 0.875000 0.500000
vt 0.890625 1.000000
vt 0.875000 0.937500
vt 0.890625 0.000000
vt 0.875000 0.437500
vt 0.875000 0.875000
vt 0.875000 0.375000
vt 0.843750 0.562500
vt 0.843750 0.500000
vt 0.859375 1.000000
vt 0.843750 0.937500
vt 0.859375 0.000000
vt 0.843750 0.062500
vt 0.843750 0.437500
vt 0.843750 0.875000
vt 0.843750 0.375000
vt 0.843750 0.812500
vt 0.843750 0.312500
vt 0.843750 0.750000
vt 0.843750 0.250000
vt 0.843750 0.687500
vt 0.843750 0.187500
vt 0.843750 0.625000
vt 0.843750 0.125000
vt 0.812500 0.312500
vt 0.812500 0.250000
vt 0.812500 0.750000
vt 0.812500 0.687500
vt 0.812500 0.187500
vt 0.812500 0.625000
vt 0.812500 0.125000
vt 0.812500 0.562500
vt 0.812500 0.062500
vt 0.812500 0.500000
vt 0.828125 1.000000
vt 0.812500 0.937500
vt 0.828125 0.000000
vt 0.812500 0.437500
vt 0.812500 0.875000
vt 0.812500 0.375000
vt 0.812500 0.812500
vt 0.796875 0.000000
vt 0.781250 0.062500
vt 0.781250 0.500000
vt 0.781250 0.437500
vt 0.781250 0.937500
vt 0.781250 0.875000
vt 0.781250 0.375000
vt 0.781250 0.812500
vt 0.781250 0.312500
vt 0.781250 0.750000
vt 0.781250 0.250000
vt 0.781250 0.687500
vt 0.781250 0.187500
vt 0.781250 0.625000
vt 0.781250 0.125000
vt 0.781250 0.562500
vt 0.796875 1.000000
vt 0.765625 1.000000
vt 0.765625 0.000000
s 1
usemtl None
f 1603/2586/1133 1602/2587/1134 1612/2588/1135 1613/2589/1136
f 1608/2590/1137 1607/2591/1138 1620/2592/1139 1621/2593/1140
f 1604/2594/1141 1603/2586/1133 1613/2589/1136 1614/2595/1142
f 2078/2596/1143 1608/2590/1137 1621/2593/1140 1622/2597/1144
f 1605/2598/1145 1604/2594/1141 1614/2595/1142 1615/2599/1146
f 2079/2600/1147 2078/2596/1143 1622/2597/1144 1623/2601/1148
f 2075/2602/1149 1605/2598/1145 1615/2599/1146 1616/2603/1150
f 1599/2604/1151 1924/2605/1152 1609/2606/1153
f 2080/2607/1154 2079/2600/1147 1623/2601/1148
f 2076/2608/1155 2075/2602/1149 1616/2603/1150 1617/2609/1156
f 1600/2610/1157 1599/2604/1151 1609/2606/1153 1610/2611/1158
f 2077/2612/1159 2076/2608/1155 1617/2609/1156 1618/2613/1160
f 1601/2614/1161 1600/2610/1157 1610/2611/1158 1611/2615/1162
f 1606/2616/1163 2077/2612/1159 1618/2613/1160 1619/2617/1164
f 1602/2587/1134 1601/2614/1161 1611/2615/1162 1612/2588/1135
f 1607/2591/1138 1606/2616/1163 1619/2617/1164 1620/2592/1139
f 1619/2617/1164 1618/2613/1160 1633/2618/1165 1634/2619/1166
f 1612/2588/1135 1611/2615/1162 1626/2620/1167 1627/2621/1168
f 1620/2592/1139 1619/2617/1164 1634/2619/1166 1635/2622/1169
f 1613/2589/1136 1612/2588/1135 1627/2621/1168 1628/2623/1170
f 1621/2593/1140 1620/2592/1139 1635/2622/1169 1636/2624/1171
f 1614/2595/1142 1613/2589/1136 1628/2623/1170 1629/2625/1172
f 1622/2597/1144 1621/2593/1140 1636/2624/1171 1637/2626/1173
f 1615/2599/1146 1614/2595/1142 1629/2625/1172 1630/2627/1174
f 1623/2601/1148 1622/2597/1144 1637/2626/1173 1638/2628/1175
f 1616/2603/1150 1615/2599/1146 1630/2627/1174 1631/2629/1176
f 1609/2606/1153 1924/2630/1152 1624/2631/1177
f 2080/2632/1154 1623/2601/1148 1638/2628/1175
f 1617/2609/1156 1616/2603/1150 1631/2629/1176 1632/2633/1178
f 1610/2611/1158 1609/2606/1153 1624/2631/1177 1625/2634/1179
f 1618/2613/1160 1617/2609/1156 1632/2633/1178 1633/2618/1165
f 1611/2615/1162 1610/2611/1158 1625/2634/1179 1626/2620/1167
f 1638/2628/1175 1637/2626/1173 1652/2635/1180 1653/2636/1181
f 1631/2629/1176 1630/2627/1174 1645/2637/1182 1646/2638/1183
f 1624/2631/1177 1924/2639/1152 1639/2640/1184
f 2080/2641/1154 1638/2628/1175 1653/2636/1181
f 1632/2633/1178 1631/2629/1176 1646/2638/1183 1647/2642/1185
f 1625/2634/1179 1624/2631/1177 1639/2640/1184 1640/2643/1186
f 1633/2618/1165 1632/2633/1178 1647/2642/1185 1648/2644/1187
f 1626/2620/1167 1625/2634/1179 1640/2643/1186 1641/2645/1188
f 1634/2619/1166 1633/2618/1165 1648/2644/1187 1649/2646/1189
f 1627/2621/1168 1626/2620/1167 1641/2645/1188 1642/2647/1190
f 1635/2622/1169 1634/2619/1166 1649/2646/1189 1650/2648/1191
f 1628/2623/1170 1627/2621/1168 1642/2647/1190 1643/2649/1192
f 1636/2624/1171 1635/2622/1169 1650/2648/1191 1651/2650/1193
f 1629/2625/1172 1628/2623/1170 1643/2649/1192 1644/2651/1194
f 1637/2626/1173 1636/2624/1171 1651/2650/1193 1652/2635/1180
f 1630/2627/1174 1629/2625/1172 1644/2651/1194 1645/2637/1182
f 1650/2648/1191 1649/2646/1189 1664/2652/1195 1665/2653/1196
f 1643/2649/1192 1642/2647/1190 1657/2654/1197 1658/2655/1198
f 1651/2650/1193 1650/2648/1191 1665/2653/1196 1666/2656/1199
f 1644/2651/1194 1643/2649/1192 1658/2655/1198 1659/2657/1200
f 1652/2635/1180 1651/2650/1193 1666/2656/1199 1667/2658/1201
f 1645/2637/1182 1644/2651/1194 1659/2657/1200 1660/2659/1202
f 1653/2636/1181 1652/2635/1180 1667/2658/1201 1668/2660/1203
f 1646/2638/1183 1645/2637/1182 1660/2659/1202 1661/2661/1204
f 1639/2640/1184 1924/2662/1152 1654/2663/1205
f 2080/2664/1154 1653/2636/1181 1668/2660/1203
f 1647/2642/1185 1646/2638/1183 1661/2661/1204 1662/2665/1206
f 1640/2643/1186 1639/2640/1184 1654/2663/1205 1655/2666/1207
f 1648/2644/1187 1647/2642/1185 1662/2665/1206 1663/2667/1208
f 1641/2645/1188 1640/2643/1186 1655/2666/1207 1656/2668/1209
f 1649/2646/1189 1648/2644/1187 1663/2667/1208 1664/2652/1195
f 1642/2647/1190 1641/2645/1188 1656/2668/1209 1657/2654/1197
f 1654/2663/1205 1924/2669/1152 1669/2670/1210
f 2080/2671/1154 1668/2660/1203 1683/2672/1211
f 1662/2665/1206 1661/2661/1204 1676/2673/1212 1677/2674/1213
f 1655/2666/1207 1654/2663/1205 1669/2670/1210 1670/2675/1214
f 1663/2667/1208 1662/2665/1206 1677/2674/1213 1678/2676/1215
f 1656/2668/1209 1655/2666/1207 1670/2675/1214 1671/2677/1216
f 1664/2652/1195 1663/2667/1208 1678/2676/1215 1679/2678/1217
f 1657/2654/1197 1656/2668/1209 1671/2677/1216 1672/2679/1218
f 1665/2653/1196 1664/2652/1195 1679/2678/1217 1680/2680/1219
f 1658/2655/1198 1657/2654/1197 1672/2679/1218 1673/2681/1220
f 1666/2656/1199 1665/2653/1196 1680/2680/1219 1681/2682/1221
f 1659/2657/1200 1658/2655/1198 1673/2681/1220 1674/2683/1222
f 1667/2658/1201 1666/2656/1199 1681/2682/1221 1682/2684/1223
f 1660/2659/1202 1659/2657/1200 1674/2683/1222 1675/2685/1224
f 1668/2660/1203 1667/2658/1201 1682/2684/1223 1683/2672/1211
f 1661/2661/1204 1660/2659/1202 1675/2685/1224 1676/2673/1212
f 1673/2681/1220 1672/2679/1218 1687/2686/1225 1688/2687/1226
f 1681/2682/1221 1680/2680/1219 1695/2688/1227 1696/2689/1228
f 1674/2683/1222 1673/2681/1220 1688/2687/1226 1689/2690/1229
f 1682/2684/1223 1681/2682/1221 1696/2689/1228 1697/2691/1230
f 1675/2685/1224 1674/2683/1222 1689/2690/1229 1690/2692/1231
f 1683/2672/1211 1682/2684/1223 1697/2691/1230 1698/2693/1232
f 1676/2673/1212 1675/2685/1224 1690/2692/1231 1691/2694/1233
f 1669/2670/1210 1924/2695/1152 1684/2696/1234
f 2080/2697/1154 1683/2672/1211 1698/2693/1232
f 1677/2674/1213 1676/2673/1212 1691/2694/1233 1692/2698/1235
f 1670/2675/1214 1669/2670/1210 1684/2696/1234 1685/2699/1236
f 1678/2676/1215 1677/2674/1213 1692/2698/1235 1693/2700/1237
f 1671/2677/1216 1670/2675/1214 1685/2699/1236 1686/2701/1238
f 1679/2678/1217 1678/2676/1215 1693/2700/1237 1694/2702/1239
f 1672/2679/1218 1671/2677/1216 1686/2701/1238 1687/2686/1225
f 1680/2680/1219 1679/2678/1217 1694/2702/1239 1695/2688/1227
f 1692/2698/1235 1691/2694/1233 1706/2703/1240 1707/2704/1241
f 1685/2699/1236 1684/2696/1234 1699/2705/1242 1700/2706/1243
f 1693/2700/1237 1692/2698/1235 1707/2704/1241 1708/2707/1244
f 1686/2701/1238 1685/2699/1236 1700/2706/1243 1701/2708/1245
f 1694/2702/1239 1693/2700/1237 1708/2707/1244 1709/2709/1246
f 1687/2686/1225 1686/2701/1238 1701/2708/1245 1702/2710/1247
f 1695/2688/1227 1694/2702/1239 1709/2709/1246 1710/2711/1248
f 1688/2687/1226 1687/2686/1225 1702/2710/1247 1703/2712/1249
f 1696/2689/1228 1695/2688/1227 1710/2711/1248 1711/2713/1250
f 1689/2690/1229 1688/2687/1226 1703/2712/1249 1704/2714/1251
f 1697/2691/1230 1696/2689/1228 1711/2713/1250 1712/2715/1252
f 1690/2692/1231 1689/2690/1229 1704/2714/1251 1705/2716/1253
f 1698/2693/1232 1697/2691/1230 1712/2715/1252 1713/2717/1254
f 1691/2694/1233 1690/2692/1231 1705/2716/1253 1706/2703/1240
f 1684/2696/1234 1924/2718/1152 1699/2705/1242
f 2080/2719/1154 1698/2693/1232 1713/2717/1254
f 1711/2713/1250 1710/2711/1248 1725/2720/1255 1726/2721/1256
f 1704/2714/1251 1703/2712/1249 1718/2722/1257 1719/2723/1258
f 1712/2715/1252 1711/2713/1250 1726/2721/1256 1727/2724/1259
f 1705/2716/1253 1704/2714/1251 1719/2723/1258 1720/2725/1260
f 1713/2717/1254 1712/2715/1252 1727/2724/1259 1728/2726/1261
f 1706/2703/1240 1705/2716/1253 1720/2725/1260 1721/2727/1262
f 1699/2705/1242 1924/2728/1152 1714/2729/1263
f 2080/2730/1154 1713/2717/1254 1728/2726/1261
f 1707/2704/1241 1706/2703/1240 1721/2727/1262 1722/2731/1264
f 1700/2706/1243 1699/2705/1242 1714/2729/1263 1715/2732/1265
f 1708/2707/1244 1707/2704/1241 1722/2731/1264 1723/2733/1266
f 1701/2708/1245 1700/2706/1243 1715/2732/1265 1716/2734/1267
f 1709/2709/1246 1708/2707/1244 1723/2733/1266 1724/2735/1268
f 1702/2710/1247 1701/2708/1245 1716/2734/1267 1717/2736/1269
f 1710/2711/1248 1709/2709/1246 1724/2735/1268 1725/2720/1255
f 1703/2712/1249 1702/2710/1247 1717/2736/1269 1718/2722/1257
f 1715/2732/1265 1714/2729/1263 1729/2737/1270 1730/2738/1271
f 1723/2733/1266 1722/2731/1264 1737/2739/1272 1738/2740/1273
f 1716/2734/1267 1715/2732/1265 1730/2738/1271 1731/2741/1274
f 1724/2735/1268 1723/2733/1266 1738/2740/1273 1739/2742/1275
f 1717/2736/1269 1716/2734/1267 1731/2741/1274 1732/2743/1276
f 1725/2720/1255 1724/2735/1268 1739/2742/1275 1740/2744/1277
f 1718/2722/1257 1717/2736/1269 1732/2743/1276 1733/2745/1278
f 1726/2721/1256 1725/2720/1255 1740/2744/1277 1741/2746/1279
f 1719/2723/1258 1718/2722/1257 1733/2745/1278 1734/2747/1280
f 1727/2724/1259 1726/2721/1256 1741/2746/1279 1742/2748/1281
f 1720/2725/1260 1719/2723/1258 1734/2747/1280 1735/2749/1282
f 1728/2726/1261 1727/2724/1259 1742/2748/1281 1743/2750/1283
f 1721/2727/1262 1720/2725/1260 1735/2749/1282 1736/2751/1284
f 1714/2729/1263 1924/2752/1152 1729/2737/1270
f 2080/2753/1154 1728/2726/1261 1743/2750/1283
f 1722/2731/1264 1721/2727/1262 1736/2751/1284 1737/2739/1272
f 1734/2747/1280 1733/2745/1278 1748/2754/1285 1749/2755/1286
f 1742/2748/1281 1741/2746/1279 1756/2756/1287 1757/2757/1288
f 1735/2749/1282 1734/2747/1280 1749/2755/1286 1750/2758/1289
f 1743/2750/1283 1742/2748/1281 1757/2757/1288 1758/2759/1290
f 1736/2751/1284 1735/2749/1282 1750/2758/1289 1751/2760/1291
f 1729/2737/1270 1924/2761/1152 1744/2762/1292
f 2080/2763/1154 1743/2750/1283 1758/2759/1290
f 1737/2739/1272 1736/2751/1284 1751/2760/1291 1752/2764/1293
f 1730/2738/1271 1729/2737/1270 1744/2762/1292 1745/2765/1294
f 1738/2740/1273 1737/2739/1272 1752/2764/1293 1753/2766/1295
f 1731/2741/1274 1730/2738/1271 1745/2765/1294 1746/2767/1296
f 1739/2742/1275 1738/2740/1273 1753/2766/1295 1754/2768/1297
f 1732/2743/1276 1731/2741/1274 1746/2767/1296 1747/2769/1298
f 1740/2744/1277 1739/2742/1275 1754/2768/1297 1755/2770/1299
f 1733/2745/1278 1732/2743/1276 1747/2769/1298 1748/2754/1285
f 1741/2746/1279 1740/2744/1277 1755/2770/1299 1756/2756/1287
f 1753/2766/1295 1752/2764/1293 1767/2771/1300 1768/2772/1301
f 1746/2767/1296 1745/2765/1294 1760/2773/1302 1761/2774/1303
f 1754/2768/1297 1753/2766/1295 1768/2772/1301 1769/2775/1304
f 1747/2769/1298 1746/2767/1296 1761/2774/1303 1762/2776/1305
f 1755/2770/1299 1754/2768/1297 1769/2775/1304 1770/2777/1306
f 1748/2754/1285 1747/2769/1298 1762/2776/1305 1763/2778/1307
f 1756/2756/1287 1755/2770/1299 1770/2777/1306 1771/2779/1308
f 1749/2755/1286 1748/2754/1285 1763/2778/1307 1764/2780/1309
f 1757/2757/1288 1756/2756/1287 1771/2779/1308 1772/2781/1310
f 1750/2758/1289 1749/2755/1286 1764/2780/1309 1765/2782/1311
f 1758/2759/1290 1757/2757/1288 1772/2781/1310 1773/2783/1312
f 1751/2760/1291 1750/2758/1289 1765/2782/1311 1766/2784/1313
f 1744/2762/1292 1924/2785/1152 1759/2786/1314
f 2080/2787/1154 1758/2759/1290 1773/2783/1312
f 1752/2764/1293 1751/2760/1291 1766/2784/1313 1767/2771/1300
f 1745/2765/1294 1744/2762/1292 1759/2786/1314 1760/2773/1302
f 1772/2781/1310 1771/2779/1308 1786/2788/1315 1787/2789/1316
f 1765/2782/1311 1764/2780/1309 1779/2790/1317 1780/2791/1318
f 1773/2783/1312 1772/2781/1310 1787/2789/1316 1788/2792/1319
f 1766/2784/1313 1765/2782/1311 1780/2791/1318 1781/2793/1320
f 1759/2786/1314 1924/2794/1152 1774/2795/1321
f 2080/2796/1154 1773/2783/1312 1788/2792/1319
f 1767/2771/1300 1766/2784/1313 1781/2793/1320 1782/2797/1322
f 1760/2773/1302 1759/2786/1314 1774/2795/1321 1775/2798/1323
f 1768/2772/1301 1767/2771/1300 1782/2797/1322 1783/2799/1324
f 1761/2774/1303 1760/2773/1302 1775/2798/1323 1776/2800/1325
f 1769/2775/1304 1768/2772/1301 1783/2799/1324 1784/2801/1326
f 1762/2776/1305 1761/2774/1303 1776/2800/1325 1777/2802/1327
f 1770/2777/1306 1769/2775/1304 1784/2801/1326 1785/2803/1328
f 1763/2778/1307 1762/2776/1305 1777/2802/1327 1778/2804/1329
f 1771/2779/1308 1770/2777/1306 1785/2803/1328 1786/2788/1315
f 1764/2780/1309 1763/2778/1307 1778/2804/1329 1779/2790/1317
f 1784/2801/1326 1783/2799/1324 1798/2805/1330 1799/2806/1331
f 1777/2802/1327 1776/2800/1325 1791/2807/1332 1792/2808/1333
f 1785/2803/1328 1784/2801/1326 1799/2806/1331 1800/2809/1334
f 1778/2804/1329 1777/2802/1327 1792/2808/1333 1793/2810/1335
f 1786/2788/1315 1785/2803/1328 1800/2809/1334 1801/2811/1336
f 1779/2790/1317 1778/2804/1329 1793/2810/1335 1794/2812/1337
f 1787/2789/1316 1786/2788/1315 1801/2811/1336 1802/2813/1338
f 1780/2791/1318 1779/2790/1317 1794/2812/1337 1795/2814/1339
f 1788/2792/1319 1787/2789/1316 1802/2813/1338 1803/2815/1340
f 1781/2793/1320 1780/2791/1318 1795/2814/1339 1796/2816/1341
f 1774/2795/1321 1924/2817/1152 1789/2818/1342
f 2080/2819/1154 1788/2792/1319 1803/2815/1340
f 1782/2797/1322 1781/2793/1320 1796/2816/1341 1797/2820/1343
f 1775/2798/1323 1774/2795/1321 1789/2818/1342 1790/2821/1344
f 1783/2799/1324 1782/2797/1322 1797/2820/1343 1798/2805/1330
f 1776/2800/1325 1775/2798/1323 1790/2821/1344 1791/2807/1332
f 1803/2815/1340 1802/2813/1338 1817/2822/1345 1818/2823/1346
f 1796/2816/1341 1795/2814/1339 1810/2824/1347 1811/2825/1348
f 1789/2818/1342 1924/2826/1152 1804/2827/1349
f 2080/2828/1154 1803/2815/1340 1818/2823/1346
f 1797/2820/1343 1796/2816/1341 1811/2825/1348 1812/2829/1350
f 1790/2821/1344 1789/2818/1342 1804/2827/1349 1805/2830/1351
f 1798/2805/1330 1797/2820/1343 1812/2829/1350 1813/2831/1352
f 1791/2807/1332 1790/2821/1344 1805/2830/1351 1806/2832/1353
f 1799/2806/1331 1798/2805/1330 1813/2831/1352 1814/2833/1354
f 1792/2808/1333 1791/2807/1332 1806/2832/1353 1807/2834/1355
f 1800/2809/1334 1799/2806/1331 1814/2833/1354 1815/2835/1356
f 1793/2810/1335 1792/2808/1333 1807/2834/1355 1808/2836/1357
f 1801/2811/1336 1800/2809/1334 1815/2835/1356 1816/2837/1358
f 1794/2812/1337 1793/2810/1335 1808/2836/1357 1809/2838/1359
f 1802/2813/1338 1801/2811/1336 1816/2837/1358 1817/2822/1345
f 1795/2814/1339 1794/2812/1337 1809/2838/1359 1810/2824/1347
f 1807/2834/1355 1806/2832/1353 1821/2839/1360 1822/2840/1361
f 1815/2835/1356 1814/2833/1354 1829/2841/1362 1830/2842/1363
f 1808/2836/1357 1807/2834/1355 1822/2840/1361 1823/2843/1364
f 1816/2837/1358 1815/2835/1356 1830/2842/1363 1831/2844/1365
f 1809/2838/1359 1808/2836/1357 1823/2843/1364 1824/2845/1366
f 1817/2822/1345 1816/2837/1358 1831/2844/1365 1832/2846/1367
f 1810/2824/1347 1809/2838/1359 1824/2845/1366 1825/2847/1368
f 1818/2823/1346 1817/2822/1345 1832/2846/1367 1833/2848/1369
f 1811/2825/1348 1810/2824/1347 1825/2847/1368 1826/2849/1370
f 1804/2827/1349 1924/2850/1152 1819/2851/1371
f 2080/2852/1154 1818/2823/1346 1833/2848/1369
f 1812/2829/1350 1811/2825/1348 1826/2849/1370 1827/2853/1372
f 1805/2830/1351 1804/2827/1349 1819/2851/1371 1820/2854/1373
f 1813/2831/1352 1812/2829/1350 1827/2853/1372 1828/2855/1374
f 1806/2832/1353 1805/2830/1351 1820/2854/1373 1821/2839/1360
f 1814/2833/1354 1813/2831/1352 1828/2855/1374 1829/2841/1362
f 1826/2849/1370 1825/2847/1368 1840/2856/1375 1841/2857/1376
f 1819/2851/1371 1924/2858/1152 1834/2859/1377
f 2080/2860/1154 1833/2848/1369 1848/2861/1378
f 1827/2853/1372 1826/2849/1370 1841/2857/1376 1842/2862/1379
f 1820/2854/1373 1819/2851/1371 1834/2859/1377 1835/2863/1380
f 1828/2855/1374 1827/2853/1372 1842/2862/1379 1843/2864/1381
f 1821/2839/1360 1820/2854/1373 1835/2863/1380 1836/2865/1382
f 1829/2841/1362 1828/2855/1374 1843/2864/1381 1844/2866/1383
f 1822/2840/1361 1821/2839/1360 1836/2865/1382 1837/2867/1384
f 1830/2842/1363 1829/2841/1362 1844/2866/1383 1845/2868/1385
f 1823/2843/1364 1822/2840/1361 1837/2867/1384 1838/2869/1386
f 1831/2844/1365 1830/2842/1363 1845/2868/1385 1846/2870/1387
f 1824/2845/1366 1823/2843/1364 1838/2869/1386 1839/2871/1388
f 1832/2846/1367 1831/2844/1365 1846/2870/1387 1847/2872/1389
f 1825/2847/1368 1824/2845/1366 1839/2871/1388 1840/2856/1375
f 1833/2848/1369 1832/2846/1367 1847/2872/1389 1848/2861/1378
f 1845/2868/1385 1844/2866/1383 1859/2873/1390 1860/2874/1391
f 1838/2869/1386 1837/2867/1384 1852/2875/1392 1853/2876/1393
f 1846/2870/1387 1845/2868/1385 1860/2874/1391 1861/2877/1394
f 1839/2871/1388 1838/2869/1386 1853/2876/1393 1854/2878/1395
f 1847/2872/1389 1846/2870/1387 1861/2877/1394 1862/2879/1396
f 1840/2856/1375 1839/2871/1388 1854/2878/1395 1855/2880/1397
f 1848/2861/1378 1847/2872/1389 1862/2879/1396 1863/2881/1398
f 1841/2857/1376 1840/2856/1375 1855/2880/1397 1856/2882/1399
f 1834/2859/1377 1924/2883/1152 1849/2884/1400
f 2080/2885/1154 1848/2861/1378 1863/2881/1398
f 1842/2862/1379 1841/2857/1376 1856/2882/1399 1857/2886/1401
f 1835/2863/1380 1834/2859/1377 1849/2884/1400 1850/2887/1402
f 1843/2864/1381 1842/2862/1379 1857/2886/1401 1858/2888/1403
f 1836/2865/1382 1835/2863/1380 1850/2887/1402 1851/2889/1404
f 1844/2866/1383 1843/2864/1381 1858/2888/1403 1859/2873/1390
f 1837/2867/1384 1836/2865/1382 1851/2889/1404 1852/2875/1392
f 1849/2884/1400 1924/2890/1152 1864/2891/1405
f 2080/2892/1154 1863/2881/1398 1878/2893/1406
f 1857/2886/1401 1856/2882/1399 1871/2894/1407 1872/2895/1408
f 1850/2887/1402 1849/2884/1400 1864/2891/1405 1865/2896/1409
f 1858/2888/1403 1857/2886/1401 1872/2895/1408 1873/2897/1410
f 1851/2889/1404 1850/2887/1402 1865/2896/1409 1866/2898/1411
f 1859/2873/1390 1858/2888/1403 1873/2897/1410 1874/2899/1412
f 1852/2875/1392 1851/2889/1404 1866/2898/1411 1867/2900/1413
f 1860/2874/1391 1859/2873/1390 1874/2899/1412 1875/2901/1414
f 1853/2876/1393 1852/2875/1392 1867/2900/1413 1868/2902/1415
f 1861/2877/1394 1860/2874/1391 1875/2901/1414 1876/2903/1416
f 1854/2878/1395 1853/2876/1393 1868/2902/1415 1869/2904/1417
f 1862/2879/1396 1861/2877/1394 1876/2903/1416 1877/2905/1418
f 1855/2880/1397 1854/2878/1395 1869/2904/1417 1870/2906/1419
f 1863/2881/1398 1862/2879/1396 1877/2905/1418 1878/2893/1406
f 1856/2882/1399 1855/2880/1397 1870/2906/1419 1871/2894/1407
f 1868/2902/1415 1867/2900/1413 1882/2907/1420 1883/2908/1421
f 1876/2903/1416 1875/2901/1414 1890/2909/1422 1891/2910/1423
f 1869/2904/1417 1868/2902/1415 1883/2908/1421 1884/2911/1424
f 1877/2905/1418 1876/2903/1416 1891/2910/1423 1892/2912/1425
f 1870/2906/1419 1869/2904/1417 1884/2911/1424 1885/2913/1426
f 1878/2893/1406 1877/2905/1418 1892/2912/1425 1893/2914/1427
f 1871/2894/1407 1870/2906/1419 1885/2913/1426 1886/2915/1428
f 1864/2891/1405 1924/2916/1152 1879/2917/1429
f 2080/2918/1154 1878/2893/1406 1893/2914/1427
f 1872/2895/1408 1871/2894/1407 1886/2915/1428 1887/2919/1430
f 1865/2896/1409 1864/2891/1405 1879/2917/1429 1880/2920/1431
f 1873/2897/1410 1872/2895/1408 1887/2919/1430 1888/2921/1432
f 1866/2898/1411 1865/2896/1409 1880/2920/1431 1881/2922/1433
f 1874/2899/1412 1873/2897/1410 1888/2921/1432 1889/2923/1434
f 1867/2900/1413 1866/2898/1411 1881/2922/1433 1882/2907/1420
f 1875/2901/1414 1874/2899/1412 1889/2923/1434 1890/2909/1422
f 1887/2919/1430 1886/2915/1428 1901/2924/1435 1902/2925/1436
f 1880/2920/1431 1879/2917/1429 1894/2926/1437 1895/2927/1438
f 1888/2921/1432 1887/2919/1430 1902/2925/1436 1903/2928/1439
f 1881/2922/1433 1880/2920/1431 1895/2927/1438 1896/2929/1440
f 1889/2923/1434 1888/2921/1432 1903/2928/1439 1904/2930/1441
f 1882/2907/1420 1881/2922/1433 1896/2929/1440 1897/2931/1442
f 1890/2909/1422 1889/2923/1434 1904/2930/1441 1905/2932/1443
f 1883/2908/1421 1882/2907/1420 1897/2931/1442 1898/2933/1444
f 1891/2910/1423 1890/2909/1422 1905/2932/1443 1906/2934/1445
f 1884/2911/1424 1883/2908/1421 1898/2933/1444 1899/2935/1446
f 1892/2912/1425 1891/2910/1423 1906/2934/1445 1907/2936/1447
f 1885/2913/1426 1884/2911/1424 1899/2935/1446 1900/2937/1448
f 1893/2914/1427 1892/2912/1425 1907/2936/1447 1908/2938/1449
f 1886/2915/1428 1885/2913/1426 1900/2937/1448 1901/2924/1435
f 1879/2917/1429 1924/2939/1152 1894/2926/1437
f 2080/2940/1154 1893/2914/1427 1908/2938/1449
f 1906/2934/1445 1905/2932/1443 1920/2941/1450 1921/2942/1451
f 1899/2935/1446 1898/2933/1444 1913/2943/1452 1914/2944/1453
f 1907/2936/1447 1906/2934/1445 1921/2942/1451 1922/2945/1454
f 1900/2937/1448 1899/2935/1446 1914/2944/1453 1915/2946/1455
f 1908/2938/1449 1907/2936/1447 1922/2945/1454 1923/2947/1456
f 1901/2924/1435 1900/2937/1448 1915/2946/1455 1916/2948/1457
f 1894/2926/1437 1924/2949/1152 1909/2950/1458
f 2080/2951/1154 1908/2938/1449 1923/2947/1456
f 1902/2925/1436 1901/2924/1435 1916/2948/1457 1917/2952/1459
f 1895/2927/1438 1894/2926/1437 1909/2950/1458 1910/2953/1460
f 1903/2928/1439 1902/2925/1436 1917/2952/1459 1918/2954/1461
f 1896/2929/1440 1895/2927/1438 1910/2953/1460 1911/2955/1462
f 1904/2930/1441 1903/2928/1439 1918/2954/1461 1919/2956/1463
f 1897/2931/1442 1896/2929/1440 1911/2955/1462 1912/2957/1464
f 1905/2932/1443 1904/2930/1441 1919/2956/1463 1920/2941/1450
f 1898/2933/1444 1897/2931/1442 1912/2957/1464 1913/2943/1452
f 1918/2954/1461 1917/2952/1459 1933/2958/1465 1934/2959/1466
f 1911/2955/1462 1910/2953/1460 1926/2960/1467 1927/2961/1468
f 1919/2956/1463 1918/2954/1461 1934/2959/1466 1935/2962/1469
f 1912/2957/1464 1911/2955/1462 1927/2961/1468 1928/2963/1470
f 1920/2941/1450 1919/2956/1463 1935/2962/1469 1936/2964/1471
f 1913/2943/1452 1912/2957/1464 1928/2963/1470 1929/2965/1472
f 1921/2942/1451 1920/2941/1450 1936/2964/1471 1937/2966/1473
f 1914/2944/1453 1913/2943/1452 1929/2965/1472 1930/2967/1474
f 1922/2945/1454 1921/2942/1451 1937/2966/1473 1938/2968/1475
f 1915/2946/1455 1914/2944/1453 1930/2967/1474 1931/2969/1476
f 1923/2947/1456 1922/2945/1454 1938/2968/1475 1939/2970/1477
f 1916/2948/1457 1915/2946/1455 1931/2969/1476 1932/2971/1478
f 1909/2950/1458 1924/2972/1152 1925/2973/1479
f 2080/2974/1154 1923/2947/1456 1939/2970/1477
f 1917/2952/1459 1916/2948/1457 1932/2971/1478 1933/2958/1465
f 1910/2953/1460 1909/2950/1458 1925/2973/1479 1926/2960/1467
f 1938/2968/1475 1937/2966/1473 1952/2975/1480 1953/2976/1481
f 1931/2969/1476 1930/2967/1474 1945/2977/1482 1946/2978/1483
f 1939/2970/1477 1938/2968/1475 1953/2976/1481 1954/2979/1484
f 1932/2971/1478 1931/2969/1476 1946/2978/1483 1947/2980/1485
f 1925/2973/1479 1924/2981/1152 1940/2982/1486
f 2080/2983/1154 1939/2970/1477 1954/2979/1484
f 1933/2958/1465 1932/2971/1478 1947/2980/1485 1948/2984/1487
f 1926/2960/1467 1925/2973/1479 1940/2982/1486 1941/2985/1488
f 1934/2959/1466 1933/2958/1465 1948/2984/1487 1949/2986/1489
f 1927/2961/1468 1926/2960/1467 1941/2985/1488 1942/2987/1490
f 1935/2962/1469 1934/2959/1466 1949/2986/1489 1950/2988/1491
f 1928/2963/1470 1927/2961/1468 1942/2987/1490 1943/2989/1492
f 1936/2964/1471 1935/2962/1469 1950/2988/1491 1951/2990/1493
f 1929/2965/1472 1928/2963/1470 1943/2989/1492 1944/2991/1494
f 1937/2966/1473 1936/2964/1471 1951/2990/1493 1952/2975/1480
f 1930/2967/1474 1929/2965/1472 1944/2991/1494 1945/2977/1482
f 1942/2987/1490 1941/2985/1488 1956/2992/1495 1957/2993/1496
f 1950/2988/1491 1949/2986/1489 1964/2994/1497 1965/2995/1498
f 1943/2989/1492 1942/2987/1490 1957/2993/1496 1958/2996/1499
f 1951/2990/1493 1950/2988/1491 1965/2995/1498 1966/2997/1500
f 1944/2991/1494 1943/2989/1492 1958/2996/1499 1959/2998/1501
f 1952/2975/1480 1951/2990/1493 1966/2997/1500 1967/2999/1502
f 1945/2977/1482 1944/2991/1494 1959/2998/1501 1960/3000/1503
f 1953/2976/1481 1952/2975/1480 1967/2999/1502 1968/3001/1504
f 1946/2978/1483 1945/2977/1482 1960/3000/1503 1961/3002/1505
f 1954/2979/1484 1953/2976/1481 1968/3001/1504 1969/3003/1506
f 1947/2980/1485 1946/2978/1483 1961/3002/1505 1962/3004/1507
f 1940/2982/1486 1924/3005/1152 1955/3006/1508
f 2080/3007/1154 1954/2979/1484 1969/3003/1506
f 1948/2984/1487 1947/2980/1485 1962/3004/1507 1963/3008/1509
f 1941/2985/1488 1940/2982/1486 1955/3006/1508 1956/2992/1495
f 1949/2986/1489 1948/2984/1487 1963/3008/1509 1964/2994/1497
f 1961/3009/1505 1960/3010/1503 1975/3011/1510 1976/3012/1511
f 1969/3013/1506 1968/3014/1504 1983/3015/1512 1984/3016/1513
f 1962/3017/1507 1961/3009/1505 1976/3012/1511 1977/3018/1514
f 1955/3019/1508 1924/3020/1152 1970/3021/1515
f 2080/3022/1154 1969/3013/1506 1984/3016/1513
f 1963/3023/1509 1962/3017/1507 1977/3018/1514 1978/3024/1516
f 1956/3025/1495 1955/3019/1508 1970/3021/1515 1971/3026/1517
f 1964/3027/1497 1963/3023/1509 1978/3024/1516 1979/3028/1518
f 1957/3029/1496 1956/3025/1495 1971/3026/1517 1972/3030/1519
f 1965/3031/1498 1964/3027/1497 1979/3028/1518 1980/3032/1520
f 1958/3033/1499 1957/3029/1496 1972/3030/1519 1973/3034/1521
f 1966/3035/1500 1965/3031/1498 1980/3032/1520 1981/3036/1522
f 1959/3037/1501 1958/3033/1499 1973/3034/1521 1974/3038/1523
f 1967/3039/1502 1966/3035/1500 1981/3036/1522 1982/3040/1524
f 1960/3010/1503 1959/3037/1501 1974/3038/1523 1975/3011/1510
f 1968/3014/1504 1967/3039/1502 1982/3040/1524 1983/3015/1512
f 1980/3032/1520 1979/3028/1518 1994/3041/1525 1995/3042/1526
f 1973/3034/1521 1972/3030/1519 1987/3043/1527 1988/3044/1528
f 1981/3036/1522 1980/3032/1520 1995/3042/1526 1996/3045/1529
f 1974/3038/1523 1973/3034/1521 1988/3044/1528 1989/3046/1530
f 1982/3040/1524 1981/3036/1522 1996/3045/1529 1997/3047/1531
f 1975/3011/1510 1974/3038/1523 1989/3046/1530 1990/3048/1532
f 1983/3015/1512 1982/3040/1524 1997/3047/1531 1998/3049/1533
f 1976/3012/1511 1975/3011/1510 1990/3048/1532 1991/3050/1534
f 1984/3016/1513 1983/3015/1512 1998/3049/1533 1999/3051/1535
f 1977/3018/1514 1976/3012/1511 1991/3050/1534 1992/3052/1536
f 1970/3021/1515 1924/3053/1152 1985/3054/1537
f 2080/3055/1154 1984/3016/1513 1999/3051/1535
f 1978/3024/1516 1977/3018/1514 1992/3052/1536 1993/3056/1538
f 1971/3026/1517 1970/3021/1515 1985/3054/1537 1986/3057/1539
f 1979/3028/1518 1978/3024/1516 1993/3056/1538 1994/3041/1525
f 1972/3030/1519 1971/3026/1517 1986/3057/1539 1987/3043/1527
f 1999/3051/1535 1998/3049/1533 2013/3058/1540 2014/3059/1541
f 1992/3052/1536 1991/3050/1534 2006/3060/1542 2007/3061/1543
f 1985/3054/1537 1924/3062/1152 2000/3063/1544
f 2080/3064/1154 1999/3051/1535 2014/3059/1541
f 1993/3056/1538 1992/3052/1536 2007/3061/1543 2008/3065/1545
f 1986/3057/1539 1985/3054/1537 2000/3063/1544 2001/3066/1546
f 1994/3041/1525 1993/3056/1538 2008/3065/1545 2009/3067/1547
f 1987/3043/1527 1986/3057/1539 2001/3066/1546 2002/3068/1548
f 1995/3042/1526 1994/3041/1525 2009/3067/1547 2010/3069/1549
f 1988/3044/1528 1987/3043/1527 2002/3068/1548 2003/3070/1550
f 1996/3045/1529 1995/3042/1526 2010/3069/1549 2011/3071/1551
f 1989/3046/1530 1988/3044/1528 2003/3070/1550 2004/3072/1552
f 1997/3047/1531 1996/3045/1529 2011/3071/1551 2012/3073/1553
f 1990/3048/1532 1989/3046/1530 2004/3072/1552 2005/3074/1554
f 1998/3049/1533 1997/3047/1531 2012/3073/1553 2013/3058/1540
f 1991/3050/1534 1990/3048/1532 2005/3074/1554 2006/3060/1542
f 2003/3070/1550 2002/3068/1548 2017/3075/1555 2018/3076/1556
f 2011/3071/1551 2010/3069/1549 2025/3077/1557 2026/3078/1558
f 2004/3072/1552 2003/3070/1550 2018/3076/1556 2019/3079/1559
f 2012/3073/1553 2011/3071/1551 2026/3078/1558 2027/3080/1560
f 2005/3074/1554 2004/3072/1552 2019/3079/1559 2020/3081/1561
f 2013/3058/1540 2012/3073/1553 2027/3080/1560 2028/3082/1562
f 2006/3060/1542 2005/3074/1554 2020/3081/1561 2021/3083/1563
f 2014/3059/1541 2013/3058/1540 2028/3082/1562 2029/3084/1564
f 2007/3061/1543 2006/3060/1542 2021/3083/1563 2022/3085/1565
f 2000/3063/1544 1924/3086/1152 2015/3087/1566
f 2080/3088/1154 2014/3059/1541 2029/3084/1564
f 2008/3065/1545 2007/3061/1543 2022/3085/1565 2023/3089/1567
f 2001/3066/1546 2000/3063/1544 2015/3087/1566 2016/3090/1568
f 2009/3067/1547 2008/3065/1545 2023/3089/1567 2024/3091/1569
f 2002/3068/1548 2001/3066/1546 2016/3090/1568 2017/3075/1555
f 2010/3069/1549 2009/3067/1547 2024/3091/1569 2025/3077/1557
f 2022/3085/1565 2021/3083/1563 2036/3092/1570 2037/3093/1571
f 2015/3087/1566 1924/3094/1152 2030/3095/1572
f 2080/3096/1154 2029/3084/1564 2044/3097/1573
f 2023/3089/1567 2022/3085/1565 2037/3093/1571 2038/3098/1574
f 2016/3090/1568 2015/3087/1566 2030/3095/1572 2031/3099/1575
f 2024/3091/1569 2023/3089/1567 2038/3098/1574 2039/3100/1576
f 2017/3075/1555 2016/3090/1568 2031/3099/1575 2032/3101/1577
f 2025/3077/1557 2024/3091/1569 2039/3100/1576 2040/3102/1578
f 2018/3076/1556 2017/3075/1555 2032/3101/1577 2033/3103/1579
f 2026/3078/1558 2025/3077/1557 2040/3102/1578 2041/3104/1580
f 2019/3079/1559 2018/3076/1556 2033/3103/1579 2034/3105/1581
f 2027/3080/1560 2026/3078/1558 2041/3104/1580 2042/3106/1582
f 2020/3081/1561 2019/3079/1559 2034/3105/1581 2035/3107/1583
f 2028/3082/1562 2027/3080/1560 2042/3106/1582 2043/3108/1584
f 2021/3083/1563 2020/3081/1561 2035/3107/1583 2036/3092/1570
f 2029/3084/1564 2028/3082/1562 2043/3108/1584 2044/3097/1573
f 2041/3104/1580 2040/3102/1578 2055/3109/1585 2056/3110/1586
f 2034/3105/1581 2033/3103/1579 2048/3111/1587 2049/3112/1588
f 2042/3106/1582 2041/3104/1580 2056/3110/1586 2057/3113/1589
f 2035/3107/1583 2034/3105/1581 2049/3112/1588 2050/3114/1590
f 2043/3108/1584 2042/3106/1582 2057/3113/1589 2058/3115/1591
f 2036/3092/1570 2035/3107/1583 2050/3114/1590 2051/3116/1592
f 2044/3097/1573 2043/3108/1584 2058/3115/1591 2059/3117/1593
f 2037/3093/1571 2036/3092/1570 2051/3116/1592 2052/3118/1594
f 2030/3095/1572 1924/3119/1152 2045/3120/1595
f 2080/3121/1154 2044/3097/1573 2059/3117/1593
f 2038/3098/1574 2037/3093/1571 2052/3118/1594 2053/3122/1596
f 2031/3099/1575 2030/3095/1572 2045/3120/1595 2046/3123/1597
f 2039/3100/1576 2038/3098/1574 2053/3122/1596 2054/3124/1598
f 2032/3101/1577 2031/3099/1575 2046/3123/1597 2047/3125/1599
f 2040/3102/1578 2039/3100/1576 2054/3124/1598 2055/3109/1585
f 2033/3103/1579 2032/3101/1577 2047/3125/1599 2048/3111/1587
f 2080/3126/1154 2059/3117/1593 2074/3127/1600
f 2053/3122/1596 2052/3118/1594 2067/3128/1601 2068/3129/1602
f 2046/3123/1597 2045/3120/1595 2060/3130/1603 2061/3131/1604
f 2054/3124/1598 2053/3122/1596 2068/3129/1602 2069/3132/1605
f 2047/3125/1599 2046/3123/1597 2061/3131/1604 2062/3133/1606
f 2055/3109/1585 2054/3124/1598 2069/3132/1605 2070/3134/1607
f 2048/3111/1587 2047/3125/1599 2062/3133/1606 2063/3135/1608
f 2056/3110/1586 2055/3109/1585 2070/3134/1607 2071/3136/1609
f 2049/3112/1588 2048/3111/1587 2063/3135/1608 2064/3137/1610
f 2057/3113/1589 2056/3110/1586 2071/3136/1609 2072/3138/1611
f 2050/3114/1590 2049/3112/1588 2064/3137/1610 2065/3139/1612
f 2058/3115/1591 2057/3113/1589 2072/3138/1611 2073/3140/1613
f 2051/3116/1592 2050/3114/1590 2065/3139/1612 2066/3141/1614
f 2059/3117/1593 2058/3115/1591 2073/3140/1613 2074/3127/1600
f 2052/3118/1594 2051/3116/1592 2066/3141/1614 2067/3128/1601
f 2045/3120/1595 1924/3142/1152 2060/3130/1603
f 2072/3138/1611 2071/3136/1609 1607/2591/1138 1608/2590/1137
f 2065/3139/1612 2064/3137/1610 1603/2586/1133 1604/2594/1141
f 2073/3140/1613 2072/3138/1611 1608/2590/1137 2078/2596/1143
f 2066/3141/1614 2065/3139/1612 1604/2594/1141 1605/2598/1145
f 2074/3127/1600 2073/3140/1613 2078/2596/1143 2079/2600/1147
f 2067/3128/1601 2066/3141/1614 1605/2598/1145 2075/2602/1149
f 2060/3130/1603 1924/3143/1152 1599/2604/1151
f 2080/3144/1154 2074/3127/1600 2079/2600/1147
f 2068/3129/1602 2067/3128/1601 2075/2602/1149 2076/2608/1155
f 2061/3131/1604 2060/3130/1603 1599/2604/1151 1600/2610/1157
f 2069/3132/1605 2068/3129/1602 2076/2608/1155 2077/2612/1159
f 2062/3133/1606 2061/3131/1604 1600/2610/1157 1601/2614/1161
f 2070/3134/1607 2069/3132/1605 2077/2612/1159 1606/2616/1163
f 2063/3135/1608 2062/3133/1606 1601/2614/1161 1602/2587/1134
f 2071/3136/1609 2070/3134/1607 1606/2616/1163 1607/2591/1138
f 2064/3137/1610 2063/3135/1608 1602/2587/1134 1603/2586/1133
o Sphere.003_Sphere.004
v -0.844803 4.253237 1.703681
v -0.858318 4.245397 1.703676
v -0.870773 4.232664 1.703671
v -0.881691 4.215528 1.703667
v -0.890650 4.194649 1.703664
v -0.897308 4.170828 1.703662
v -0.901407 4.144980 1.703660
v -0.890650 4.041551 1.703664
v -0.881691 4.020672 1.703667
v -0.870773 4.003537 1.703671
v -0.844531 4.253237 1.698437
v -0.857784 4.245397 1.693390
v -0.869999 4.232664 1.688738
v -0.880705 4.215528 1.684661
v -0.889491 4.194649 1.681314
v -0.896020 4.170828 1.678828
v -0.900039 4.144980 1.677297
v -0.901397 4.118100 1.676780
v -0.900039 4.091220 1.677297
v -0.896020 4.065372 1.678828
v -0.889491 4.041551 1.681314
v -0.880705 4.020672 1.684661
v -0.869999 4.003537 1.688738
v -0.857784 3.990804 1.693390
v -0.844531 3.982963 1.698437
v -0.843730 4.253237 1.693395
v -0.856213 4.245397 1.683499
v -0.867716 4.232664 1.674378
v -0.877800 4.215528 1.666385
v -0.886074 4.194649 1.659825
v -0.892223 4.170828 1.654950
v -0.896010 4.144980 1.651948
v -0.897289 4.118100 1.650935
v -0.896010 4.091220 1.651948
v -0.892223 4.065372 1.654950
v -0.886074 4.041551 1.659825
v -0.877800 4.020672 1.666385
v -0.867716 4.003537 1.674378
v -0.856213 3.990804 1.683499
v -0.843730 3.982963 1.693395
v -0.842430 4.253237 1.688748
v -0.853661 4.245397 1.674384
v -0.864013 4.232664 1.661146
v -0.873085 4.215528 1.649542
v -0.880532 4.194649 1.640020
v -0.886064 4.170828 1.632944
v -0.889472 4.144980 1.628587
v -0.890622 4.118100 1.627115
v -0.889472 4.091220 1.628587
v -0.886064 4.065372 1.632944
v -0.880532 4.041551 1.640020
v -0.873085 4.020672 1.649542
v -0.864013 4.003537 1.661146
v -0.853661 3.990804 1.674384
v -0.842430 3.982963 1.688748
v -0.840680 4.253237 1.684675
v -0.850230 4.245397 1.666395
v -0.859030 4.232664 1.649548
v -0.866745 4.215528 1.634781
v -0.873076 4.194649 1.622663
v -0.877780 4.170828 1.613657
v -0.880677 4.144980 1.608112
v -0.881656 4.118100 1.606239
v -0.880677 4.091220 1.608112
v -0.877780 4.065372 1.613657
v -0.873076 4.041551 1.622663
v -0.866745 4.020672 1.634781
v -0.859030 4.003537 1.649548
v -0.850230 3.990804 1.666395
v -0.840680 3.982963 1.684675
v -0.838549 4.253237 1.681333
v -0.846049 4.245397 1.659839
v -0.852962 4.232664 1.640030
v -0.859021 4.215528 1.622668
v -0.863994 4.194649 1.608418
v -0.867689 4.170828 1.597830
v -0.869963 4.144980 1.591310
v -0.870731 4.118100 1.589108
v -0.869963 4.091220 1.591310
v -0.867689 4.065372 1.597830
v -0.863994 4.041551 1.608418
v -0.859021 4.020672 1.622668
v -0.852962 4.003537 1.640030
v -0.846049 3.990804 1.659839
v -0.838549 3.982963 1.681333
v -0.836118 4.253237 1.678850
v -0.841281 4.245397 1.654968
v -0.846039 4.232664 1.632958
v -0.850210 4.215528 1.613667
v -0.853634 4.194649 1.597835
v -0.856177 4.170828 1.586071
v -0.857743 4.144980 1.578826
v -0.858272 4.118100 1.576380
v -0.857743 4.091220 1.578826
v -0.856177 4.065372 1.586071
v -0.853634 4.041551 1.597835
v -0.850210 4.020672 1.613667
v -0.846039 4.003537 1.632958
v -0.841281 3.990804 1.654968
v -0.836118 3.982963 1.678850
v -0.833480 4.253237 1.677321
v -0.836108 4.245397 1.651970
v -0.838530 4.232664 1.628605
v -0.840652 4.215528 1.608126
v -0.842394 4.194649 1.591320
v -0.843689 4.170828 1.578831
v -0.844485 4.144980 1.571141
v -0.844754 4.118100 1.568544
v -0.844485 4.091220 1.571141
v -0.843689 4.065372 1.578831
v -0.842394 4.041551 1.591320
v -0.840652 4.020672 1.608126
v -0.838530 4.003537 1.628605
v -0.836108 3.990804 1.651970
v -0.833480 3.982963 1.677321
v -0.830739 4.253237 1.676806
v -0.830730 4.245397 1.650959
v -0.830721 4.232664 1.627137
v -0.830714 4.215528 1.606258
v -0.830708 4.194649 1.589123
v -0.830703 4.170828 1.576390
v -0.830700 4.144980 1.568549
v -0.830699 4.118100 1.565902
v -0.830700 4.091220 1.568549
v -0.830703 4.065372 1.576390
v -0.830708 4.041551 1.589123
v -0.830714 4.020672 1.606258
v -0.830721 4.003537 1.627137
v -0.830730 3.990804 1.650959
v -0.830739 3.982963 1.676806
v -0.827997 4.253237 1.677323
v -0.825351 4.245397 1.651974
v -0.822913 4.232664 1.628611
v -0.820775 4.215528 1.608133
v -0.819021 4.194649 1.591328
v -0.817719 4.170828 1.578840
v -0.816916 4.144980 1.571151
v -0.816645 4.118100 1.568554
v -0.816916 4.091220 1.571151
v -0.817719 4.065372 1.578840
v -0.819021 4.041551 1.591328
v -0.820775 4.020672 1.608133
v -0.822913 4.003537 1.628611
v -0.825351 3.990804 1.651974
v -0.827997 3.982963 1.677323
v -0.825361 4.253237 1.678854
v -0.820180 4.245397 1.654976
v -0.815406 4.232664 1.632969
v -0.811221 4.215528 1.613681
v -0.807787 4.194649 1.597851
v -0.805236 4.170828 1.586089
v -0.803664 4.144980 1.578846
v -0.803133 4.118100 1.576400
v -0.803664 4.091220 1.578846
v -0.805236 4.065372 1.586089
v -0.807787 4.041551 1.597851
v -0.811221 4.020672 1.613681
v -0.815406 4.003537 1.632969
v -0.820180 3.990804 1.654976
v -0.825361 3.982963 1.678854
v -0.822932 4.253237 1.681339
v -0.815416 4.245397 1.659850
v -0.808489 4.232664 1.640046
v -0.802418 4.215528 1.622688
v -0.797435 4.194649 1.608442
v -0.793732 4.170828 1.597856
v -0.791452 4.144980 1.591338
v -0.790683 4.118100 1.589137
v -0.791452 4.091220 1.591338
v -0.793732 4.065372 1.597856
v -0.797435 4.041551 1.608442
v -0.802418 4.020672 1.622688
v -0.808489 4.003537 1.640046
v -0.815416 3.990804 1.659850
v -0.822932 3.982963 1.681339
v -0.820803 4.253237 1.684682
v -0.811241 4.245397 1.666409
v -0.802427 4.232664 1.649568
v -0.794702 4.215528 1.634807
v -0.788363 4.194649 1.622693
v -0.783651 4.170828 1.613691
v -0.780751 4.144980 1.608148
v -0.779772 4.118100 1.606276
v -0.780751 4.091220 1.608148
v -0.783651 4.065372 1.613691
v -0.788363 4.041551 1.622693
v -0.794702 4.020672 1.634807
v -0.802427 4.003537 1.649568
v -0.811241 3.990804 1.666409
v -0.820803 3.982963 1.684682
v -0.819057 4.253237 1.688756
v -0.807814 4.245397 1.674400
v -0.797454 4.232664 1.661170
v -0.788372 4.215528 1.649573
v -0.780919 4.194649 1.640056
v -0.775381 4.170828 1.632984
v -0.771971 4.144980 1.628629
v -0.770819 4.118100 1.627158
v -0.771971 4.091220 1.628629
v -0.775381 4.065372 1.632984
v -0.780919 4.041551 1.640056
v -0.788372 4.020672 1.649573
v -0.797454 4.003537 1.661170
v -0.807814 3.990804 1.674400
v -0.819057 3.982963 1.688756
v -0.817760 4.253237 1.693405
v -0.805271 4.245397 1.683517
v -0.793759 4.232664 1.674405
v -0.783671 4.215528 1.666419
v -0.775391 4.194649 1.659865
v -0.769238 4.170828 1.654994
v -0.765450 4.144980 1.651995
v -0.764171 4.118100 1.650983
v -0.765450 4.091220 1.651995
v -0.769238 4.065372 1.654994
v -0.775391 4.041551 1.659865
v -0.783671 4.020672 1.666419
v -0.793759 4.003537 1.674405
v -0.805271 3.990804 1.683517
v -0.817760 3.982963 1.693405
v -0.816962 4.253237 1.698447
v -0.803705 4.245397 1.693410
v -0.791488 4.232664 1.688766
v -0.780778 4.215528 1.684697
v -0.771990 4.194649 1.681357
v -0.765460 4.170828 1.678875
v -0.761438 4.144980 1.677348
v -0.760080 4.118100 1.676831
v -0.761438 4.091220 1.677348
v -0.765460 4.065372 1.678875
v -0.771990 4.041551 1.681357
v -0.780778 4.020672 1.684697
v -0.791488 4.003537 1.688766
v -0.803705 3.990804 1.693410
v -0.816962 3.982963 1.698447
v -0.816694 4.253237 1.703691
v -0.803179 4.245397 1.703696
v -0.790724 4.232664 1.703700
v -0.779807 4.215528 1.703704
v -0.770847 4.194649 1.703707
v -0.764190 4.170828 1.703710
v -0.760090 4.144980 1.703711
v -0.758706 4.118100 1.703712
v -0.760090 4.091220 1.703711
v -0.764190 4.065372 1.703710
v -0.770847 4.041551 1.703707
v -0.779807 4.020672 1.703704
v -0.790724 4.003537 1.703700
v -0.803179 3.990804 1.703696
v -0.816694 3.982963 1.703691
v -0.816966 4.253237 1.708936
v -0.803713 4.245397 1.713983
v -0.791498 4.232664 1.718634
v -0.780792 4.215528 1.722712
v -0.772006 4.194649 1.726058
v -0.765478 4.170828 1.728544
v -0.761458 4.144980 1.730075
v -0.760100 4.118100 1.730592
v -0.761458 4.091220 1.730075
v -0.765478 4.065372 1.728544
v -0.772006 4.041551 1.726058
v -0.780792 4.020672 1.722712
v -0.791498 4.003537 1.718634
v -0.803713 3.990804 1.713983
v -0.816966 3.982963 1.708936
v -0.817768 4.253237 1.713977
v -0.805285 4.245397 1.723873
v -0.793781 4.232664 1.732993
v -0.783697 4.215528 1.740988
v -0.775423 4.194649 1.747548
v -0.769274 4.170828 1.752423
v -0.765488 4.144980 1.755424
v -0.764209 4.118100 1.756438
v -0.765488 4.091220 1.755424
v -0.769274 4.065372 1.752423
v -0.775423 4.041551 1.747548
v -0.783697 4.020672 1.740988
v -0.793781 4.003537 1.732993
v -0.805285 3.990804 1.723873
v -0.817768 3.982963 1.713977
v -0.819067 4.253237 1.718624
v -0.807836 4.245397 1.732988
v -0.797484 4.232664 1.746227
v -0.788412 4.215528 1.757830
v -0.780965 4.194649 1.767352
v -0.775433 4.170828 1.774428
v -0.772025 4.144980 1.778786
v -0.770875 4.118100 1.780256
v -0.772025 4.091220 1.778786
v -0.775433 4.065372 1.774428
v -0.780965 4.041551 1.767352
v -0.788412 4.020672 1.757830
v -0.797484 4.003537 1.746227
v -0.807836 3.990804 1.732988
v -0.819067 3.982963 1.718624
v -0.820817 4.253237 1.722697
v -0.811267 4.245397 1.740978
v -0.802467 4.232664 1.757825
v -0.794752 4.215528 1.772592
v -0.788421 4.194649 1.784710
v -0.783717 4.170828 1.793715
v -0.780820 4.144980 1.799261
v -0.779842 4.118100 1.801133
v -0.780820 4.091220 1.799261
v -0.783717 4.065372 1.793715
v -0.788421 4.041551 1.784710
v -0.794752 4.020672 1.772592
v -0.802467 4.003537 1.757825
v -0.811267 3.990804 1.740978
v -0.820817 3.982963 1.722697
v -0.822948 4.253237 1.726040
v -0.815448 4.245397 1.747533
v -0.808535 4.232664 1.767342
v -0.802476 4.215528 1.784705
v -0.797503 4.194649 1.798954
v -0.793808 4.170828 1.809542
v -0.791534 4.144980 1.816063
v -0.790765 4.118100 1.818264
v -0.791534 4.091220 1.816063
v -0.793808 4.065372 1.809542
v -0.797503 4.041551 1.798955
v -0.802476 4.020672 1.784705
v -0.808535 4.003537 1.767342
v -0.815448 3.990804 1.747533
v -0.822948 3.982963 1.726040
v -0.830749 4.255885 1.703686
v -0.825379 4.253237 1.728523
v -0.820216 4.245397 1.752405
v -0.815457 4.232664 1.774413
v -0.811287 4.215528 1.793705
v -0.807863 4.194649 1.809537
v -0.805321 4.170828 1.821302
v -0.803754 4.144980 1.828547
v -0.803225 4.118100 1.830993
v -0.803754 4.091220 1.828547
v -0.805321 4.065372 1.821302
v -0.807863 4.041551 1.809537
v -0.811287 4.020672 1.793705
v -0.815457 4.003537 1.774413
v -0.820216 3.990804 1.752405
v -0.825379 3.982963 1.728523
v -0.828017 4.253237 1.730051
v -0.825389 4.245397 1.755403
v -0.822967 4.232664 1.778768
v -0.820845 4.215528 1.799246
v -0.819103 4.194649 1.816053
v -0.817809 4.170828 1.828542
v -0.817012 4.144980 1.836232
v -0.816743 4.118100 1.838828
v -0.817012 4.091220 1.836232
v -0.817809 4.065372 1.828542
v -0.819103 4.041551 1.816053
v -0.820844 4.020672 1.799246
v -0.822967 4.003537 1.778768
v -0.825389 3.990804 1.755403
v -0.828017 3.982963 1.730051
v -0.830759 4.253237 1.730567
v -0.830768 4.245397 1.756414
v -0.830777 4.232664 1.780235
v -0.830784 4.215528 1.801115
v -0.830790 4.194649 1.818250
v -0.830795 4.170828 1.830983
v -0.830798 4.144980 1.838823
v -0.830799 4.118100 1.841471
v -0.830798 4.091220 1.838823
v -0.830795 4.065372 1.830983
v -0.830790 4.041551 1.818250
v -0.830784 4.020672 1.801115
v -0.830777 4.003537 1.780235
v -0.830768 3.990804 1.756414
v -0.830759 3.982963 1.730567
v -0.833500 4.253237 1.730049
v -0.836146 4.245397 1.755399
v -0.838584 4.232664 1.778761
v -0.840722 4.215528 1.799239
v -0.842476 4.194649 1.816045
v -0.843779 4.170828 1.828532
v -0.844581 4.144980 1.836222
v -0.844852 4.118100 1.838818
v -0.844581 4.091220 1.836222
v -0.843779 4.065372 1.828532
v -0.842476 4.041551 1.816045
v -0.840721 4.020672 1.799239
v -0.838584 4.003537 1.778761
v -0.836146 3.990804 1.755399
v -0.833500 3.982963 1.730049
v -0.836136 4.253237 1.728519
v -0.841317 4.245397 1.752397
v -0.846091 4.232664 1.774402
v -0.850276 4.215528 1.793691
v -0.853710 4.194649 1.809520
v -0.856262 4.170828 1.821284
v -0.857833 4.144980 1.828527
v -0.858364 4.118100 1.830973
v -0.857833 4.091220 1.828527
v -0.856262 4.065372 1.821284
v -0.853710 4.041551 1.809520
v -0.850276 4.020672 1.793691
v -0.846091 4.003537 1.774402
v -0.841317 3.990804 1.752397
v -0.836136 3.982963 1.728519
v -0.838565 4.253237 1.726034
v -0.846081 4.245397 1.747522
v -0.853008 4.232664 1.767326
v -0.859079 4.215528 1.784685
v -0.864062 4.194649 1.798930
v -0.867765 4.170828 1.809515
v -0.870045 4.144980 1.816035
v -0.870814 4.118100 1.818235
v -0.870045 4.091220 1.816035
v -0.867765 4.065372 1.809515
v -0.864062 4.041551 1.798930
v -0.859079 4.020672 1.784685
v -0.853008 4.003537 1.767326
v -0.846081 3.990804 1.747522
v -0.838565 3.982963 1.726034
v -0.840694 4.253237 1.722690
v -0.850256 4.245397 1.740964
v -0.859070 4.232664 1.757805
v -0.866795 4.215528 1.772566
v -0.873134 4.194649 1.784680
v -0.877846 4.170828 1.793681
v -0.880746 4.144980 1.799225
v -0.881726 4.118100 1.801096
v -0.880746 4.091220 1.799225
v -0.877846 4.065372 1.793681
v -0.873134 4.041551 1.784680
v -0.866795 4.020672 1.772566
v -0.859070 4.003537 1.757805
v -0.850256 3.990804 1.740964
v -0.840694 3.982963 1.722690
v -0.842440 4.253237 1.718616
v -0.853683 4.245397 1.732972
v -0.864043 4.232664 1.746203
v -0.873125 4.215528 1.757800
v -0.880578 4.194649 1.767316
v -0.886116 4.170828 1.774388
v -0.889526 4.144980 1.778743
v -0.890678 4.118100 1.780213
v -0.889526 4.091220 1.778743
v -0.886116 4.065372 1.774388
v -0.880578 4.041551 1.767316
v -0.873125 4.020672 1.757800
v -0.864043 4.003537 1.746203
v -0.853683 3.990804 1.732972
v -0.842440 3.982963 1.718616
v -0.843738 4.253237 1.713968
v -0.856227 4.245397 1.723855
v -0.867738 4.232664 1.732966
v -0.877826 4.215528 1.740954
v -0.886106 4.194649 1.747508
v -0.892259 4.170828 1.752379
v -0.896048 4.144980 1.755377
v -0.897326 4.118100 1.756390
v -0.896048 4.091220 1.755377
v -0.892259 4.065372 1.752379
v -0.886106 4.041551 1.747508
v -0.877826 4.020672 1.740954
v -0.867738 4.003537 1.732966
v -0.856227 3.990804 1.723855
v -0.843738 3.982963 1.713968
v -0.844535 4.253237 1.708926
v -0.857792 4.245397 1.713963
v -0.870009 4.232664 1.718606
v -0.880719 4.215528 1.722676
v -0.889507 4.194649 1.726016
v -0.896038 4.170828 1.728497
v -0.900059 4.144980 1.730025
v -0.901417 4.118100 1.730541
v -0.900059 4.091220 1.730025
v -0.896038 4.065372 1.728497
v -0.889507 4.041551 1.726016
v -0.880719 4.020672 1.722676
v -0.870009 4.003537 1.718606
v -0.857792 3.990804 1.713963
v -0.844535 3.982963 1.708926
v -0.902791 4.118100 1.703660
v -0.901407 4.091220 1.703660
v -0.897307 4.065372 1.703662
v -0.858318 3.990804 1.703676
v -0.844803 3.982963 1.703681
v -0.830749 3.980316 1.703686
vn -0.9433 0.3318 -0.0003
vn -0.8846 0.4663 -0.0003
vn -0.8770 0.4714 -0.0925
vn -0.9366 0.3360 -0.0989
vn -0.7846 -0.6200 -0.0003
vn -0.8846 -0.4663 -0.0003
vn -0.8770 -0.4715 -0.0924
vn -0.7761 -0.6253 -0.0815
vn -0.9771 0.2129 -0.0004
vn -0.9710 0.2158 -0.1025
vn -0.6167 -0.7872 -0.0002
vn -0.6083 -0.7912 -0.0633
vn -0.9946 0.1040 -0.0004
vn -0.9889 0.1055 -0.1044
vn -0.3533 -0.9355 -0.0001
vn -0.3478 -0.9369 -0.0352
vn -1.0000 -0.0000 -0.0004
vn -0.9945 -0.0000 -0.1050
vn -0.3533 0.9355 -0.0001
vn -0.0000 1.0000 -0.0000
vn -0.3478 0.9369 -0.0352
vn -0.0000 -1.0000 -0.0000
vn -0.9946 -0.1040 -0.0004
vn -0.9889 -0.1055 -0.1044
vn -0.6167 0.7872 -0.0002
vn -0.6083 0.7912 -0.0633
vn -0.9771 -0.2129 -0.0004
vn -0.9710 -0.2158 -0.1025
vn -0.7846 0.6200 -0.0003
vn -0.7761 0.6253 -0.0815
vn -0.9434 -0.3318 -0.0003
vn -0.9367 -0.3360 -0.0988
vn -0.9517 -0.2248 -0.2090
vn -0.9153 -0.3490 -0.2009
vn -0.7498 0.6411 -0.1637
vn -0.8531 0.4871 -0.1870
vn -0.8531 -0.4871 -0.1870
vn -0.9153 0.3490 -0.2009
vn -0.7498 -0.6411 -0.1637
vn -0.9517 0.2248 -0.2090
vn -0.5827 -0.8028 -0.1260
vn -0.9708 0.1101 -0.2132
vn -0.3313 -0.9410 -0.0697
vn -0.9767 -0.0000 -0.2146
vn -0.3312 0.9410 -0.0697
vn -0.9708 -0.1101 -0.2132
vn -0.5827 0.8029 -0.1260
vn -0.5387 -0.8213 -0.1877
vn -0.3033 -0.9473 -0.1030
vn -0.9359 0.1182 -0.3319
vn -0.9425 -0.0000 -0.3343
vn -0.3032 0.9473 -0.1030
vn -0.9359 -0.1182 -0.3319
vn -0.5387 0.8213 -0.1877
vn -0.9149 -0.2406 -0.3243
vn -0.7028 0.6670 -0.2472
vn -0.8753 -0.3713 -0.3100
vn -0.8090 0.5136 -0.2859
vn -0.8090 -0.5136 -0.2859
vn -0.8753 0.3713 -0.3100
vn -0.7028 -0.6670 -0.2472
vn -0.9149 0.2406 -0.3243
vn -0.8082 -0.4037 -0.4288
vn -0.7378 -0.5507 -0.3903
vn -0.7378 0.5507 -0.3903
vn -0.8082 0.4037 -0.4288
vn -0.6305 -0.7018 -0.3316
vn -0.8517 0.2640 -0.4527
vn -0.4745 -0.8449 -0.2470
vn -0.8753 0.1303 -0.4656
vn -0.2639 -0.9552 -0.1340
vn -0.8828 -0.0000 -0.4697
vn -0.2639 0.9552 -0.1340
vn -0.8753 -0.1303 -0.4656
vn -0.4744 0.8449 -0.2470
vn -0.8517 -0.2640 -0.4527
vn -0.6305 0.7018 -0.3317
vn -0.2129 0.9636 -0.1617
vn -0.2130 -0.9636 -0.1617
vn -0.7812 -0.0000 -0.6243
vn -0.7729 -0.1469 -0.6173
vn -0.3879 0.8709 -0.3017
vn -0.7469 -0.2953 -0.5958
vn -0.5266 0.7424 -0.4142
vn -0.7005 -0.4458 -0.5573
vn -0.6291 0.5967 -0.4983
vn -0.6290 -0.5967 -0.4982
vn -0.7005 0.4458 -0.5573
vn -0.5266 -0.7424 -0.4142
vn -0.7469 0.2953 -0.5958
vn -0.3879 -0.8709 -0.3017
vn -0.7729 0.1469 -0.6173
vn -0.4704 0.6456 -0.6016
vn -0.5339 0.4931 -0.6869
vn -0.4704 -0.6456 -0.6016
vn -0.3852 -0.7829 -0.4885
vn -0.5774 0.3320 -0.7459
vn -0.2779 -0.8953 -0.3481
vn -0.6027 0.1668 -0.7803
vn -0.1509 -0.9712 -0.1845
vn -0.6110 -0.0000 -0.7916
vn -0.1509 0.9712 -0.1845
vn -0.6027 -0.1668 -0.7803
vn -0.2779 0.8953 -0.3481
vn -0.5774 -0.3320 -0.7459
vn -0.3852 0.7829 -0.4885
vn -0.5339 -0.4931 -0.6869
vn -0.3457 -0.0000 -0.9383
vn -0.3401 -0.1851 -0.9220
vn -0.0788 0.9765 -0.2004
vn -0.1460 0.9132 -0.3806
vn -0.3232 -0.3649 -0.8732
vn -0.2057 0.8142 -0.5430
vn -0.2950 -0.5337 -0.7926
vn -0.2557 0.6856 -0.6817
vn -0.2557 -0.6856 -0.6816
vn -0.2950 0.5337 -0.7926
vn -0.2056 -0.8142 -0.5430
vn -0.3232 0.3649 -0.8732
vn -0.1460 -0.9131 -0.3806
vn -0.3401 0.1851 -0.9220
vn -0.0788 -0.9765 -0.2004
vn 0.0003 -0.7014 -0.7128
vn 0.0002 -0.8261 -0.5635
vn 0.0003 0.5503 -0.8350
vn 0.0003 0.3787 -0.9255
vn 0.0001 -0.9197 -0.3925
vn 0.0004 0.1929 -0.9812
vn 0.0001 -0.9785 -0.2062
vn 0.0004 -0.0000 -1.0000
vn 0.0001 0.9785 -0.2062
vn 0.0004 -0.1929 -0.9812
vn 0.0001 0.9198 -0.3925
vn 0.0003 -0.3787 -0.9255
vn 0.0002 0.8261 -0.5635
vn 0.0003 -0.5503 -0.8350
vn 0.0003 0.7014 -0.7128
vn 0.0789 0.9765 -0.2003
vn 0.1463 0.9131 -0.3805
vn 0.3408 -0.1851 -0.9217
vn 0.3238 -0.3649 -0.8729
vn 0.2061 0.8142 -0.5428
vn 0.2956 -0.5337 -0.7923
vn 0.2562 0.6856 -0.6815
vn 0.2562 -0.6856 -0.6815
vn 0.2956 0.5337 -0.7923
vn 0.2060 -0.8142 -0.5428
vn 0.3238 0.3649 -0.8729
vn 0.1463 -0.9131 -0.3805
vn 0.3408 0.1851 -0.9217
vn 0.0789 -0.9765 -0.2003
vn 0.3464 -0.0000 -0.9381
vn 0.5344 0.4931 -0.6865
vn 0.5780 0.3320 -0.7455
vn 0.3856 -0.7829 -0.4882
vn 0.2782 -0.8953 -0.3479
vn 0.6033 0.1668 -0.7799
vn 0.1510 -0.9712 -0.1844
vn 0.6115 -0.0000 -0.7912
vn 0.1510 0.9712 -0.1844
vn 0.6033 -0.1668 -0.7799
vn 0.2782 0.8953 -0.3479
vn 0.5779 -0.3320 -0.7455
vn 0.3856 0.7829 -0.4882
vn 0.5344 -0.4931 -0.6865
vn 0.4708 0.6456 -0.6012
vn 0.4708 -0.6456 -0.6012
vn 0.7733 -0.1469 -0.6168
vn 0.7473 -0.2953 -0.5952
vn 0.3881 0.8709 -0.3014
vn 0.5269 0.7424 -0.4138
vn 0.7009 -0.4458 -0.5568
vn 0.6294 0.5967 -0.4978
vn 0.6294 -0.5967 -0.4978
vn 0.7009 0.4458 -0.5568
vn 0.5269 -0.7424 -0.4138
vn 0.7473 0.2953 -0.5952
vn 0.3881 -0.8709 -0.3014
vn 0.7733 0.1469 -0.6168
vn 0.2131 -0.9636 -0.1615
vn 0.7817 -0.0000 -0.6237
vn 0.2131 0.9636 -0.1615
vn 0.6307 -0.7018 -0.3312
vn 0.4746 -0.8449 -0.2466
vn 0.8521 0.2640 -0.4520
vn 0.8757 0.1303 -0.4650
vn 0.2640 -0.9552 -0.1338
vn 0.8832 -0.0000 -0.4691
vn 0.2640 0.9552 -0.1338
vn 0.8757 -0.1303 -0.4650
vn 0.4746 0.8449 -0.2466
vn 0.8521 -0.2640 -0.4520
vn 0.6307 0.7018 -0.3312
vn 0.8085 -0.4037 -0.4282
vn 0.7381 0.5507 -0.3898
vn 0.7381 -0.5507 -0.3897
vn 0.8085 0.4037 -0.4282
vn 0.9151 -0.2405 -0.3236
vn 0.8755 -0.3713 -0.3093
vn 0.7030 0.6670 -0.2467
vn 0.8092 0.5136 -0.2853
vn 0.8092 -0.5136 -0.2853
vn 0.8755 0.3713 -0.3093
vn 0.7030 -0.6670 -0.2467
vn 0.9151 0.2405 -0.3236
vn 0.5389 -0.8213 -0.1873
vn 0.9361 0.1181 -0.3312
vn 0.3034 -0.9473 -0.1028
vn 0.9427 -0.0000 -0.3336
vn 0.3034 0.9473 -0.1028
vn 0.9361 -0.1181 -0.3312
vn 0.5388 0.8213 -0.1873
vn 0.5828 -0.8029 -0.1256
vn 0.3313 -0.9410 -0.0695
vn 0.9709 0.1101 -0.2125
vn 0.9769 -0.0000 -0.2138
vn 0.3313 0.9410 -0.0695
vn 0.9709 -0.1101 -0.2125
vn 0.5828 0.8029 -0.1256
vn 0.9519 -0.2248 -0.2083
vn 0.7499 0.6411 -0.1631
vn 0.9155 -0.3490 -0.2002
vn 0.8532 0.4871 -0.1863
vn 0.8532 -0.4871 -0.1863
vn 0.9155 0.3490 -0.2002
vn 0.7499 -0.6411 -0.1631
vn 0.9519 0.2248 -0.2083
vn 0.7762 0.6253 -0.0810
vn 0.8771 0.4714 -0.0918
vn 0.9367 -0.3360 -0.0982
vn 0.8771 -0.4715 -0.0918
vn 0.9367 0.3360 -0.0982
vn 0.7762 -0.6253 -0.0810
vn 0.9711 0.2158 -0.1018
vn 0.6083 -0.7912 -0.0629
vn 0.9890 0.1055 -0.1037
vn 0.3478 -0.9369 -0.0350
vn 0.9945 -0.0000 -0.1043
vn 0.3478 0.9369 -0.0350
vn 0.9890 -0.1055 -0.1037
vn 0.6083 0.7912 -0.0629
vn 0.9711 -0.2158 -0.1018
vn 0.9946 0.1040 0.0004
vn 1.0000 -0.0000 0.0004
vn 0.3533 0.9355 0.0001
vn 0.3533 -0.9355 0.0001
vn 0.9946 -0.1040 0.0004
vn 0.6167 0.7872 0.0002
vn 0.9771 -0.2129 0.0004
vn 0.7846 0.6200 0.0003
vn 0.9434 -0.3318 0.0003
vn 0.8846 0.4663 0.0003
vn 0.8846 -0.4663 0.0003
vn 0.9434 0.3318 0.0003
vn 0.7846 -0.6200 0.0003
vn 0.9771 0.2129 0.0004
vn 0.6167 -0.7872 0.0002
vn 0.9367 -0.3360 0.0988
vn 0.8770 -0.4715 0.0924
vn 0.8770 0.4714 0.0924
vn 0.9367 0.3360 0.0988
vn 0.7761 -0.6253 0.0815
vn 0.9710 0.2158 0.1025
vn 0.6083 -0.7912 0.0634
vn 0.9889 0.1055 0.1044
vn 0.3478 -0.9369 0.0352
vn 0.9945 -0.0000 0.1050
vn 0.3478 0.9369 0.0352
vn 0.9889 -0.1055 0.1044
vn 0.6083 0.7912 0.0634
vn 0.9710 -0.2158 0.1025
vn 0.7761 0.6253 0.0815
vn 0.3312 0.9410 0.0697
vn 0.3312 -0.9410 0.0697
vn 0.9767 -0.0000 0.2146
vn 0.9708 -0.1101 0.2132
vn 0.5827 0.8029 0.1260
vn 0.9517 -0.2248 0.2090
vn 0.7498 0.6411 0.1637
vn 0.9153 -0.3490 0.2009
vn 0.8531 0.4871 0.1869
vn 0.8531 -0.4871 0.1870
vn 0.9153 0.3490 0.2009
vn 0.7498 -0.6411 0.1637
vn 0.9517 0.2248 0.2090
vn 0.5827 -0.8029 0.1260
vn 0.9708 0.1101 0.2132
vn 0.8090 0.5136 0.2859
vn 0.8753 0.3713 0.3100
vn 0.8090 -0.5136 0.2859
vn 0.7028 -0.6670 0.2472
vn 0.9149 0.2405 0.3243
vn 0.5388 -0.8213 0.1876
vn 0.9359 0.1182 0.3319
vn 0.3033 -0.9473 0.1030
vn 0.9425 -0.0000 0.3343
vn 0.3033 0.9473 0.1030
vn 0.9359 -0.1182 0.3319
vn 0.5387 0.8213 0.1876
vn 0.9149 -0.2406 0.3243
vn 0.7028 0.6670 0.2472
vn 0.8753 -0.3713 0.3100
vn 0.8828 -0.0000 0.4697
vn 0.8753 -0.1303 0.4656
vn 0.2639 0.9552 0.1340
vn 0.4745 0.8449 0.2470
vn 0.8517 -0.2640 0.4527
vn 0.6305 0.7018 0.3317
vn 0.8082 -0.4037 0.4288
vn 0.7378 0.5507 0.3903
vn 0.7378 -0.5507 0.3903
vn 0.8082 0.4037 0.4288
vn 0.6305 -0.7018 0.3317
vn 0.8517 0.2640 0.4527
vn 0.4745 -0.8449 0.2470
vn 0.8754 0.1303 0.4656
vn 0.2639 -0.9552 0.1340
vn 0.6290 -0.5967 0.4983
vn 0.5266 -0.7424 0.4142
vn 0.7005 0.4458 0.5573
vn 0.7469 0.2953 0.5958
vn 0.3879 -0.8709 0.3017
vn 0.7729 0.1469 0.6173
vn 0.2129 -0.9636 0.1617
vn 0.7812 -0.0000 0.6243
vn 0.2130 0.9636 0.1617
vn 0.7729 -0.1469 0.6173
vn 0.3879 0.8709 0.3017
vn 0.7469 -0.2953 0.5958
vn 0.5266 0.7424 0.4142
vn 0.7005 -0.4458 0.5573
vn 0.6290 0.5967 0.4983
vn 0.6027 -0.1668 0.7803
vn 0.5774 -0.3320 0.7459
vn 0.2779 0.8953 0.3481
vn 0.3852 0.7829 0.4885
vn 0.5339 -0.4931 0.6869
vn 0.4704 0.6456 0.6016
vn 0.4704 -0.6456 0.6016
vn 0.5339 0.4931 0.6869
vn 0.3852 -0.7829 0.4885
vn 0.5774 0.3320 0.7459
vn 0.2779 -0.8953 0.3481
vn 0.6027 0.1668 0.7803
vn 0.1509 -0.9712 0.1845
vn 0.6110 -0.0000 0.7917
vn 0.1509 0.9712 0.1845
vn 0.2056 -0.8142 0.5430
vn 0.1460 -0.9131 0.3806
vn 0.3232 0.3649 0.8732
vn 0.3401 0.1851 0.9220
vn 0.0787 -0.9766 0.2004
vn 0.3457 -0.0000 0.9383
vn 0.0787 0.9766 0.2004
vn 0.3401 -0.1851 0.9220
vn 0.1460 0.9131 0.3806
vn 0.3232 -0.3649 0.8732
vn 0.2057 0.8142 0.5430
vn 0.2950 -0.5337 0.7926
vn 0.2557 0.6856 0.6816
vn 0.2557 -0.6856 0.6816
vn 0.2950 0.5337 0.7926
vn -0.0002 0.9198 0.3925
vn -0.0002 0.8261 0.5635
vn -0.0003 -0.3787 0.9255
vn -0.0003 -0.5503 0.8350
vn -0.0003 0.7014 0.7128
vn -0.0003 -0.7014 0.7128
vn -0.0003 0.5503 0.8350
vn -0.0002 -0.8261 0.5635
vn -0.0003 0.3786 0.9255
vn -0.0001 -0.9197 0.3925
vn -0.0004 0.1929 0.9812
vn -0.0001 -0.9785 0.2062
vn -0.0004 -0.0000 1.0000
vn -0.0001 0.9785 0.2062
vn -0.0004 -0.1929 0.9812
vn -0.3238 0.3649 0.8729
vn -0.3408 0.1851 0.9217
vn -0.1463 -0.9131 0.3805
vn -0.0789 -0.9766 0.2003
vn -0.3464 -0.0000 0.9381
vn -0.0789 0.9766 0.2003
vn -0.3408 -0.1851 0.9217
vn -0.1463 0.9131 0.3805
vn -0.3238 -0.3649 0.8729
vn -0.2061 0.8142 0.5428
vn -0.2956 -0.5337 0.7923
vn -0.2562 0.6856 0.6815
vn -0.2562 -0.6856 0.6814
vn -0.2956 0.5337 0.7923
vn -0.2060 -0.8142 0.5428
vn -0.5780 -0.3320 0.7455
vn -0.5344 -0.4931 0.6865
vn -0.3856 0.7829 0.4882
vn -0.4709 0.6456 0.6012
vn -0.4708 -0.6456 0.6012
vn -0.5344 0.4931 0.6865
vn -0.3856 -0.7829 0.4882
vn -0.5780 0.3320 0.7455
vn -0.2781 -0.8953 0.3479
vn -0.6033 0.1668 0.7799
vn -0.1510 -0.9712 0.1844
vn -0.6115 -0.0000 0.7912
vn -0.1511 0.9712 0.1844
vn -0.6033 -0.1668 0.7799
vn -0.2782 0.8953 0.3479
vn -0.3881 -0.8709 0.3014
vn -0.2131 -0.9636 0.1615
vn -0.7733 0.1469 0.6168
vn -0.7816 -0.0000 0.6237
vn -0.2131 0.9636 0.1615
vn -0.7733 -0.1469 0.6168
vn -0.3881 0.8709 0.3014
vn -0.7473 -0.2953 0.5952
vn -0.5269 0.7424 0.4138
vn -0.7009 -0.4458 0.5568
vn -0.6294 0.5967 0.4978
vn -0.6294 -0.5967 0.4978
vn -0.7009 0.4458 0.5568
vn -0.5269 -0.7424 0.4138
vn -0.7473 0.2953 0.5952
vn -0.6307 0.7018 0.3312
vn -0.7381 0.5507 0.3898
vn -0.8085 -0.4037 0.4282
vn -0.7381 -0.5507 0.3897
vn -0.8085 0.4037 0.4282
vn -0.6307 -0.7018 0.3312
vn -0.8521 0.2640 0.4520
vn -0.4747 -0.8449 0.2466
vn -0.8757 0.1303 0.4650
vn -0.2640 -0.9552 0.1338
vn -0.8832 -0.0000 0.4691
vn -0.2640 0.9552 0.1338
vn -0.8757 -0.1303 0.4650
vn -0.4746 0.8449 0.2466
vn -0.8520 -0.2640 0.4520
vn -0.9361 0.1182 0.3312
vn -0.9427 -0.0000 0.3336
vn -0.3034 0.9473 0.1028
vn -0.3034 -0.9473 0.1028
vn -0.9361 -0.1182 0.3312
vn -0.5388 0.8213 0.1873
vn -0.9151 -0.2406 0.3237
vn -0.7030 0.6670 0.2467
vn -0.8755 -0.3713 0.3093
vn -0.8092 0.5136 0.2853
vn -0.8092 -0.5136 0.2853
vn -0.8755 0.3713 0.3093
vn -0.7030 -0.6670 0.2467
vn -0.9151 0.2406 0.3237
vn -0.5389 -0.8213 0.1873
vn -0.9155 -0.3490 0.2002
vn -0.8532 -0.4871 0.1863
vn -0.8532 0.4871 0.1863
vn -0.9155 0.3490 0.2002
vn -0.7499 -0.6411 0.1631
vn -0.9519 0.2248 0.2083
vn -0.5828 -0.8028 0.1256
vn -0.9709 0.1101 0.2125
vn -0.3313 -0.9410 0.0695
vn -0.9769 -0.0000 0.2139
vn -0.3313 0.9410 0.0695
vn -0.9709 -0.1101 0.2125
vn -0.5828 0.8029 0.1256
vn -0.9519 -0.2248 0.2083
vn -0.7499 0.6411 0.1631
vn -0.3479 -0.9369 0.0350
vn -0.9945 -0.0000 0.1043
vn -0.9890 -0.1055 0.1037
vn -0.3478 0.9369 0.0350
vn -0.6083 0.7912 0.0629
vn -0.9711 -0.2158 0.1018
vn -0.7762 0.6253 0.0810
vn -0.9367 -0.3360 0.0982
vn -0.8771 0.4714 0.0918
vn -0.8771 -0.4715 0.0918
vn -0.9367 0.3360 0.0982
vn -0.7762 -0.6253 0.0810
vn -0.9711 0.2158 0.1018
vn -0.6083 -0.7912 0.0629
vn -0.9890 0.1055 0.1037
vt 0.750000 0.687500
vt 0.750000 0.750000
vt 0.718750 0.750000
vt 0.718750 0.687500
vt 0.750000 0.187500
vt 0.750000 0.250000
vt 0.718750 0.250000
vt 0.718750 0.187500
vt 0.750000 0.625000
vt 0.718750 0.625000
vt 0.750000 0.125000
vt 0.718750 0.125000
vt 0.750000 0.562500
vt 0.718750 0.562500
vt 0.750000 0.062500
vt 0.718750 0.062500
vt 0.750000 0.500000
vt 0.718750 0.500000
vt 0.750000 0.937500
vt 0.734375 1.000000
vt 0.718750 0.937500
vt 0.734375 0.000000
vt 0.750000 0.437500
vt 0.718750 0.437500
vt 0.750000 0.875000
vt 0.718750 0.875000
vt 0.750000 0.375000
vt 0.718750 0.375000
vt 0.750000 0.812500
vt 0.718750 0.812500
vt 0.750000 0.312500
vt 0.718750 0.312500
vt 0.687500 0.375000
vt 0.687500 0.312500
vt 0.687500 0.812500
vt 0.687500 0.750000
vt 0.687500 0.250000
vt 0.687500 0.687500
vt 0.687500 0.187500
vt 0.687500 0.625000
vt 0.687500 0.125000
vt 0.687500 0.562500
vt 0.687500 0.062500
vt 0.687500 0.500000
vt 0.703125 1.000000
vt 0.687500 0.937500
vt 0.703125 0.000000
vt 0.687500 0.437500
vt 0.687500 0.875000
vt 0.656250 0.125000
vt 0.656250 0.062500
vt 0.656250 0.562500
vt 0.656250 0.500000
vt 0.671875 1.000000
vt 0.656250 0.937500
vt 0.671875 0.000000
vt 0.656250 0.437500
vt 0.656250 0.875000
vt 0.656250 0.375000
vt 0.656250 0.812500
vt 0.656250 0.312500
vt 0.656250 0.750000
vt 0.656250 0.250000
vt 0.656250 0.687500
vt 0.656250 0.187500
vt 0.656250 0.625000
vt 0.625000 0.312500
vt 0.625000 0.250000
vt 0.625000 0.750000
vt 0.625000 0.687500
vt 0.625000 0.187500
vt 0.625000 0.625000
vt 0.625000 0.125000
vt 0.625000 0.562500
vt 0.625000 0.062500
vt 0.625000 0.500000
vt 0.640625 1.000000
vt 0.625000 0.937500
vt 0.640625 0.000000
vt 0.625000 0.437500
vt 0.625000 0.875000
vt 0.625000 0.375000
vt 0.625000 0.812500
vt 0.609375 1.000000
vt 0.593750 0.937500
vt 0.609375 0.000000
vt 0.593750 0.062500
vt 0.593750 0.500000
vt 0.593750 0.437500
vt 0.593750 0.875000
vt 0.593750 0.375000
vt 0.593750 0.812500
vt 0.593750 0.312500
vt 0.593750 0.750000
vt 0.593750 0.250000
vt 0.593750 0.687500
vt 0.593750 0.187500
vt 0.593750 0.625000
vt 0.593750 0.125000
vt 0.593750 0.562500
vt 0.562500 0.750000
vt 0.562500 0.687500
vt 0.562500 0.250000
vt 0.562500 0.187500
vt 0.562500 0.625000
vt 0.562500 0.125000
vt 0.562500 0.562500
vt 0.562500 0.062500
vt 0.562500 0.500000
vt 0.578125 1.000000
vt 0.562500 0.937500
vt 0.578125 0.000000
vt 0.562500 0.437500
vt 0.562500 0.875000
vt 0.562500 0.375000
vt 0.562500 0.812500
vt 0.562500 0.312500
vt 0.531250 0.500000
vt 0.531250 0.437500
vt 0.531250 0.937500
vt 0.531250 0.875000
vt 0.531250 0.375000
vt 0.531250 0.812500
vt 0.531250 0.312500
vt 0.531250 0.750000
vt 0.531250 0.250000
vt 0.531250 0.687500
vt 0.531250 0.187500
vt 0.531250 0.625000
vt 0.531250 0.125000
vt 0.531250 0.562500
vt 0.531250 0.062500
vt 0.546875 1.000000
vt 0.546875 0.000000
vt 0.500000 0.250000
vt 0.500000 0.187500
vt 0.500000 0.687500
vt 0.500000 0.625000
vt 0.500000 0.125000
vt 0.500000 0.562500
vt 0.500000 0.062500
vt 0.500000 0.500000
vt 0.515625 1.000000
vt 0.500000 0.937500
vt 0.515625 0.000000
vt 0.500000 0.437500
vt 0.500000 0.875000
vt 0.500000 0.375000
vt 0.500000 0.812500
vt 0.500000 0.312500
vt 0.500000 0.750000
vt 0.468750 0.937500
vt 0.468750 0.875000
vt 0.468750 0.437500
vt 0.468750 0.375000
vt 0.468750 0.812500
vt 0.468750 0.312500
vt 0.468750 0.750000
vt 0.468750 0.250000
vt 0.468750 0.687500
vt 0.468750 0.187500
vt 0.468750 0.625000
vt 0.468750 0.125000
vt 0.468750 0.562500
vt 0.468750 0.062500
vt 0.468750 0.500000
vt 0.484375 1.000000
vt 0.484375 0.000000
vt 0.437500 0.687500
vt 0.437500 0.625000
vt 0.437500 0.187500
vt 0.437500 0.125000
vt 0.437500 0.562500
vt 0.437500 0.062500
vt 0.437500 0.500000
vt 0.453125 1.000000
vt 0.437500 0.937500
vt 0.453125 0.000000
vt 0.437500 0.437500
vt 0.437500 0.875000
vt 0.437500 0.375000
vt 0.437500 0.812500
vt 0.437500 0.312500
vt 0.437500 0.750000
vt 0.437500 0.250000
vt 0.406250 0.437500
vt 0.406250 0.375000
vt 0.406250 0.875000
vt 0.406250 0.812500
vt 0.406250 0.312500
vt 0.406250 0.750000
vt 0.406250 0.250000
vt 0.406250 0.687500
vt 0.406250 0.187500
vt 0.406250 0.625000
vt 0.406250 0.125000
vt 0.406250 0.562500
vt 0.406250 0.062500
vt 0.406250 0.500000
vt 0.421875 1.000000
vt 0.406250 0.937500
vt 0.421875 0.000000
vt 0.375000 0.187500
vt 0.375000 0.125000
vt 0.375000 0.625000
vt 0.375000 0.562500
vt 0.375000 0.062500
vt 0.375000 0.500000
vt 0.390625 1.000000
vt 0.375000 0.937500
vt 0.390625 0.000000
vt 0.375000 0.437500
vt 0.375000 0.875000
vt 0.375000 0.375000
vt 0.375000 0.812500
vt 0.375000 0.312500
vt 0.375000 0.750000
vt 0.375000 0.250000
vt 0.375000 0.687500
vt 0.343750 0.375000
vt 0.343750 0.312500
vt 0.343750 0.812500
vt 0.343750 0.750000
vt 0.343750 0.250000
vt 0.343750 0.687500
vt 0.343750 0.187500
vt 0.343750 0.625000
vt 0.343750 0.125000
vt 0.343750 0.562500
vt 0.343750 0.062500
vt 0.343750 0.500000
vt 0.359375 1.000000
vt 0.343750 0.937500
vt 0.359375 0.000000
vt 0.343750 0.437500
vt 0.343750 0.875000
vt 0.312500 0.125000
vt 0.312500 0.062500
vt 0.312500 0.562500
vt 0.312500 0.500000
vt 0.328125 1.000000
vt 0.312500 0.937500
vt 0.328125 0.000000
vt 0.312500 0.437500
vt 0.312500 0.875000
vt 0.312500 0.375000
vt 0.312500 0.812500
vt 0.312500 0.312500
vt 0.312500 0.750000
vt 0.312500 0.250000
vt 0.312500 0.687500
vt 0.312500 0.187500
vt 0.312500 0.625000
vt 0.281250 0.812500
vt 0.281250 0.750000
vt 0.281250 0.312500
vt 0.281250 0.250000
vt 0.281250 0.687500
vt 0.281250 0.187500
vt 0.281250 0.625000
vt 0.281250 0.125000
vt 0.281250 0.562500
vt 0.281250 0.062500
vt 0.281250 0.500000
vt 0.296875 1.000000
vt 0.281250 0.937500
vt 0.296875 0.000000
vt 0.281250 0.437500
vt 0.281250 0.875000
vt 0.281250 0.375000
vt 0.250000 0.562500
vt 0.250000 0.500000
vt 0.265625 1.000000
vt 0.250000 0.937500
vt 0.265625 0.000000
vt 0.250000 0.062500
vt 0.250000 0.437500
vt 0.250000 0.875000
vt 0.250000 0.375000
vt 0.250000 0.812500
vt 0.250000 0.312500
vt 0.250000 0.750000
vt 0.250000 0.250000
vt 0.250000 0.687500
vt 0.250000 0.187500
vt 0.250000 0.625000
vt 0.250000 0.125000
vt 0.218750 0.312500
vt 0.218750 0.250000
vt 0.218750 0.750000
vt 0.218750 0.687500
vt 0.218750 0.187500
vt 0.218750 0.625000
vt 0.218750 0.125000
vt 0.218750 0.562500
vt 0.218750 0.062500
vt 0.218750 0.500000
vt 0.234375 1.000000
vt 0.218750 0.937500
vt 0.234375 0.000000
vt 0.218750 0.437500
vt 0.218750 0.875000
vt 0.218750 0.375000
vt 0.218750 0.812500
vt 0.203125 1.000000
vt 0.187500 0.937500
vt 0.203125 0.000000
vt 0.187500 0.062500
vt 0.187500 0.500000
vt 0.187500 0.437500
vt 0.187500 0.875000
vt 0.187500 0.375000
vt 0.187500 0.812500
vt 0.187500 0.312500
vt 0.187500 0.750000
vt 0.187500 0.250000
vt 0.187500 0.687500
vt 0.187500 0.187500
vt 0.187500 0.625000
vt 0.187500 0.125000
vt 0.187500 0.562500
vt 0.156250 0.750000
vt 0.156250 0.687500
vt 0.156250 0.250000
vt 0.156250 0.187500
vt 0.156250 0.625000
vt 0.156250 0.125000
vt 0.156250 0.562500
vt 0.156250 0.062500
vt 0.156250 0.500000
vt 0.171875 1.000000
vt 0.156250 0.937500
vt 0.171875 0.000000
vt 0.156250 0.437500
vt 0.156250 0.875000
vt 0.156250 0.375000
vt 0.156250 0.812500
vt 0.156250 0.312500
vt 0.125000 0.500000
vt 0.125000 0.437500
vt 0.125000 0.937500
vt 0.125000 0.875000
vt 0.125000 0.375000
vt 0.125000 0.812500
vt 0.125000 0.312500
vt 0.125000 0.750000
vt 0.125000 0.250000
vt 0.125000 0.687500
vt 0.125000 0.187500
vt 0.125000 0.625000
vt 0.125000 0.125000
vt 0.125000 0.562500
vt 0.125000 0.062500
vt 0.140625 1.000000
vt 0.140625 0.000000
vt 0.093750 0.250000
vt 0.093750 0.187500
vt 0.093750 0.687500
vt 0.093750 0.625000
vt 0.093750 0.125000
vt 0.093750 0.562500
vt 0.093750 0.062500
vt 0.093750 0.500000
vt 0.109375 1.000000
vt 0.093750 0.937500
vt 0.109375 0.000000
vt 0.093750 0.437500
vt 0.093750 0.875000
vt 0.093750 0.375000
vt 0.093750 0.812500
vt 0.093750 0.312500
vt 0.093750 0.750000
vt 0.062500 0.437500
vt 0.062500 0.375000
vt 0.062500 0.875000
vt 0.062500 0.812500
vt 0.062500 0.312500
vt 0.062500 0.750000
vt 0.062500 0.250000
vt 0.062500 0.687500
vt 0.062500 0.187500
vt 0.062500 0.625000
vt 0.062500 0.125000
vt 0.062500 0.562500
vt 0.062500 0.062500
vt 0.062500 0.500000
vt 0.078125 1.000000
vt 0.062500 0.937500
vt 0.078125 0.000000
vt 0.031250 0.187500
vt 0.031250 0.125000
vt 0.031250 0.625000
vt 0.031250 0.562500
vt 0.031250 0.062500
vt 0.031250 0.500000
vt 0.046875 1.000000
vt 0.031250 0.937500
vt 0.046875 0.000000
vt 0.031250 0.437500
vt 0.031250 0.875000
vt 0.031250 0.375000
vt 0.031250 0.812500
vt 0.031250 0.312500
vt 0.031250 0.750000
vt 0.031250 0.250000
vt 0.031250 0.687500
vt 0.000000 0.875000
vt 0.000000 0.812500
vt 0.000000 0.375000
vt 0.000000 0.312500
vt 0.000000 0.750000
vt 0.000000 0.250000
vt 0.000000 0.687500
vt 0.000000 0.187500
vt 0.000000 0.625000
vt 0.000000 0.125000
vt 0.000000 0.562500
vt 0.000000 0.062500
vt 0.000000 0.500000
vt 0.015625 1.000000
vt 0.000000 0.937500
vt 0.015625 0.000000
vt 0.000000 0.437500
vt 1.000000 0.562500
vt 1.000000 0.625000
vt 0.968750 0.625000
vt 0.968750 0.562500
vt 1.000000 0.062500
vt 1.000000 0.125000
vt 0.968750 0.125000
vt 0.968750 0.062500
vt 1.000000 0.500000
vt 0.968750 0.500000
vt 1.000000 0.937500
vt 0.984375 1.000000
vt 0.968750 0.937500
vt 0.984375 0.000000
vt 1.000000 0.437500
vt 0.968750 0.437500
vt 1.000000 0.875000
vt 0.968750 0.875000
vt 1.000000 0.375000
vt 0.968750 0.375000
vt 1.000000 0.812500
vt 0.968750 0.812500
vt 1.000000 0.312500
vt 0.968750 0.312500
vt 1.000000 0.750000
vt 0.968750 0.750000
vt 1.000000 0.250000
vt 0.968750 0.250000
vt 1.000000 0.687500
vt 0.968750 0.687500
vt 1.000000 0.187500
vt 0.968750 0.187500
vt 0.937500 0.375000
vt 0.937500 0.312500
vt 0.937500 0.812500
vt 0.937500 0.750000
vt 0.937500 0.250000
vt 0.937500 0.687500
vt 0.937500 0.187500
vt 0.937500 0.625000
vt 0.937500 0.125000
vt 0.937500 0.562500
vt 0.937500 0.062500
vt 0.937500 0.500000
vt 0.953125 1.000000
vt 0.937500 0.937500
vt 0.953125 0.000000
vt 0.937500 0.437500
vt 0.937500 0.875000
vt 0.906250 0.125000
vt 0.906250 0.062500
vt 0.906250 0.562500
vt 0.906250 0.500000
vt 0.921875 1.000000
vt 0.906250 0.937500
vt 0.921875 0.000000
vt 0.906250 0.437500
vt 0.906250 0.875000
vt 0.906250 0.375000
vt 0.906250 0.812500
vt 0.906250 0.312500
vt 0.906250 0.750000
vt 0.906250 0.250000
vt 0.906250 0.687500
vt 0.906250 0.187500
vt 0.906250 0.625000
vt 0.875000 0.812500
vt 0.875000 0.750000
vt 0.875000 0.312500
vt 0.875000 0.250000
vt 0.875000 0.687500
vt 0.875000 0.187500
vt 0.875000 0.625000
vt 0.875000 0.125000
vt 0.875000 0.562500
vt 0.875000 0.062500
vt 0.875000 0.500000
vt 0.890625 1.000000
vt 0.875000 0.937500
vt 0.890625 0.000000
vt 0.875000 0.437500
vt 0.875000 0.875000
vt 0.875000 0.375000
vt 0.843750 0.562500
vt 0.843750 0.500000
vt 0.859375 1.000000
vt 0.843750 0.937500
vt 0.859375 0.000000
vt 0.843750 0.062500
vt 0.843750 0.437500
vt 0.843750 0.875000
vt 0.843750 0.375000
vt 0.843750 0.812500
vt 0.843750 0.312500
vt 0.843750 0.750000
vt 0.843750 0.250000
vt 0.843750 0.687500
vt 0.843750 0.187500
vt 0.843750 0.625000
vt 0.843750 0.125000
vt 0.812500 0.312500
vt 0.812500 0.250000
vt 0.812500 0.750000
vt 0.812500 0.687500
vt 0.812500 0.187500
vt 0.812500 0.625000
vt 0.812500 0.125000
vt 0.812500 0.562500
vt 0.812500 0.062500
vt 0.812500 0.500000
vt 0.828125 1.000000
vt 0.812500 0.937500
vt 0.828125 0.000000
vt 0.812500 0.437500
vt 0.812500 0.875000
vt 0.812500 0.375000
vt 0.812500 0.812500
vt 0.796875 0.000000
vt 0.781250 0.062500
vt 0.781250 0.500000
vt 0.781250 0.437500
vt 0.781250 0.937500
vt 0.781250 0.875000
vt 0.781250 0.375000
vt 0.781250 0.812500
vt 0.781250 0.312500
vt 0.781250 0.750000
vt 0.781250 0.250000
vt 0.781250 0.687500
vt 0.781250 0.187500
vt 0.781250 0.625000
vt 0.781250 0.125000
vt 0.781250 0.562500
vt 0.796875 1.000000
vt 0.765625 1.000000
vt 0.765625 0.000000
s 1
usemtl None
f 2085/3145/1615 2084/3146/1616 2094/3147/1617 2095/3148/1618
f 2090/3149/1619 2089/3150/1620 2102/3151/1621 2103/3152/1622
f 2086/3153/1623 2085/3145/1615 2095/3148/1618 2096/3154/1624
f 2560/3155/1625 2090/3149/1619 2103/3152/1622 2104/3156/1626
f 2087/3157/1627 2086/3153/1623 2096/3154/1624 2097/3158/1628
f 2561/3159/1629 2560/3155/1625 2104/3156/1626 2105/3160/1630
f 2557/3161/1631 2087/3157/1627 2097/3158/1628 2098/3162/1632
f 2081/3163/1633 2406/3164/1634 2091/3165/1635
f 2562/3166/1636 2561/3159/1629 2105/3160/1630
f 2558/3167/1637 2557/3161/1631 2098/3162/1632 2099/3168/1638
f 2082/3169/1639 2081/3163/1633 2091/3165/1635 2092/3170/1640
f 2559/3171/1641 2558/3167/1637 2099/3168/1638 2100/3172/1642
f 2083/3173/1643 2082/3169/1639 2092/3170/1640 2093/3174/1644
f 2088/3175/1645 2559/3171/1641 2100/3172/1642 2101/3176/1646
f 2084/3146/1616 2083/3173/1643 2093/3174/1644 2094/3147/1617
f 2089/3150/1620 2088/3175/1645 2101/3176/1646 2102/3151/1621
f 2101/3176/1646 2100/3172/1642 2115/3177/1647 2116/3178/1648
f 2094/3147/1617 2093/3174/1644 2108/3179/1649 2109/3180/1650
f 2102/3151/1621 2101/3176/1646 2116/3178/1648 2117/3181/1651
f 2095/3148/1618 2094/3147/1617 2109/3180/1650 2110/3182/1652
f 2103/3152/1622 2102/3151/1621 2117/3181/1651 2118/3183/1653
f 2096/3154/1624 2095/3148/1618 2110/3182/1652 2111/3184/1654
f 2104/3156/1626 2103/3152/1622 2118/3183/1653 2119/3185/1655
f 2097/3158/1628 2096/3154/1624 2111/3184/1654 2112/3186/1656
f 2105/3160/1630 2104/3156/1626 2119/3185/1655 2120/3187/1657
f 2098/3162/1632 2097/3158/1628 2112/3186/1656 2113/3188/1658
f 2091/3165/1635 2406/3189/1634 2106/3190/1659
f 2562/3191/1636 2105/3160/1630 2120/3187/1657
f 2099/3168/1638 2098/3162/1632 2113/3188/1658 2114/3192/1660
f 2092/3170/1640 2091/3165/1635 2106/3190/1659 2107/3193/1661
f 2100/3172/1642 2099/3168/1638 2114/3192/1660 2115/3177/1647
f 2093/3174/1644 2092/3170/1640 2107/3193/1661 2108/3179/1649
f 2120/3187/1657 2119/3185/1655 2134/3194/1662 2135/3195/1663
f 2113/3188/1658 2112/3186/1656 2127/3196/1664 2128/3197/1665
f 2106/3190/1659 2406/3198/1634 2121/3199/1666
f 2562/3200/1636 2120/3187/1657 2135/3195/1663
f 2114/3192/1660 2113/3188/1658 2128/3197/1665 2129/3201/1667
f 2107/3193/1661 2106/3190/1659 2121/3199/1666 2122/3202/1668
f 2115/3177/1647 2114/3192/1660 2129/3201/1667 2130/3203/1669
f 2108/3179/1649 2107/3193/1661 2122/3202/1668 2123/3204/1670
f 2116/3178/1648 2115/3177/1647 2130/3203/1669 2131/3205/1671
f 2109/3180/1650 2108/3179/1649 2123/3204/1670 2124/3206/1672
f 2117/3181/1651 2116/3178/1648 2131/3205/1671 2132/3207/1673
f 2110/3182/1652 2109/3180/1650 2124/3206/1672 2125/3208/1674
f 2118/3183/1653 2117/3181/1651 2132/3207/1673 2133/3209/1675
f 2111/3184/1654 2110/3182/1652 2125/3208/1674 2126/3210/1676
f 2119/3185/1655 2118/3183/1653 2133/3209/1675 2134/3194/1662
f 2112/3186/1656 2111/3184/1654 2126/3210/1676 2127/3196/1664
f 2132/3207/1673 2131/3205/1671 2146/3211/1677 2147/3212/1678
f 2125/3208/1674 2124/3206/1672 2139/3213/1679 2140/3214/1680
f 2133/3209/1675 2132/3207/1673 2147/3212/1678 2148/3215/1681
f 2126/3210/1676 2125/3208/1674 2140/3214/1680 2141/3216/1682
f 2134/3194/1662 2133/3209/1675 2148/3215/1681 2149/3217/1683
f 2127/3196/1664 2126/3210/1676 2141/3216/1682 2142/3218/1684
f 2135/3195/1663 2134/3194/1662 2149/3217/1683 2150/3219/1685
f 2128/3197/1665 2127/3196/1664 2142/3218/1684 2143/3220/1686
f 2121/3199/1666 2406/3221/1634 2136/3222/1687
f 2562/3223/1636 2135/3195/1663 2150/3219/1685
f 2129/3201/1667 2128/3197/1665 2143/3220/1686 2144/3224/1688
f 2122/3202/1668 2121/3199/1666 2136/3222/1687 2137/3225/1689
f 2130/3203/1669 2129/3201/1667 2144/3224/1688 2145/3226/1690
f 2123/3204/1670 2122/3202/1668 2137/3225/1689 2138/3227/1691
f 2131/3205/1671 2130/3203/1669 2145/3226/1690 2146/3211/1677
f 2124/3206/1672 2123/3204/1670 2138/3227/1691 2139/3213/1679
f 2136/3222/1687 2406/3228/1634 2151/3229/1692
f 2562/3230/1636 2150/3219/1685 2165/3231/1693
f 2144/3224/1688 2143/3220/1686 2158/3232/1694 2159/3233/1695
f 2137/3225/1689 2136/3222/1687 2151/3229/1692 2152/3234/1696
f 2145/3226/1690 2144/3224/1688 2159/3233/1695 2160/3235/1697
f 2138/3227/1691 2137/3225/1689 2152/3234/1696 2153/3236/1698
f 2146/3211/1677 2145/3226/1690 2160/3235/1697 2161/3237/1699
f 2139/3213/1679 2138/3227/1691 2153/3236/1698 2154/3238/1700
f 2147/3212/1678 2146/3211/1677 2161/3237/1699 2162/3239/1701
f 2140/3214/1680 2139/3213/1679 2154/3238/1700 2155/3240/1702
f 2148/3215/1681 2147/3212/1678 2162/3239/1701 2163/3241/1703
f 2141/3216/1682 2140/3214/1680 2155/3240/1702 2156/3242/1704
f 2149/3217/1683 2148/3215/1681 2163/3241/1703 2164/3243/1705
f 2142/3218/1684 2141/3216/1682 2156/3242/1704 2157/3244/1706
f 2150/3219/1685 2149/3217/1683 2164/3243/1705 2165/3231/1693
f 2143/3220/1686 2142/3218/1684 2157/3244/1706 2158/3232/1694
f 2155/3240/1702 2154/3238/1700 2169/3245/1707 2170/3246/1708
f 2163/3241/1703 2162/3239/1701 2177/3247/1709 2178/3248/1710
f 2156/3242/1704 2155/3240/1702 2170/3246/1708 2171/3249/1711
f 2164/3243/1705 2163/3241/1703 2178/3248/1710 2179/3250/1712
f 2157/3244/1706 2156/3242/1704 2171/3249/1711 2172/3251/1713
f 2165/3231/1693 2164/3243/1705 2179/3250/1712 2180/3252/1714
f 2158/3232/1694 2157/3244/1706 2172/3251/1713 2173/3253/1715
f 2151/3229/1692 2406/3254/1634 2166/3255/1716
f 2562/3256/1636 2165/3231/1693 2180/3252/1714
f 2159/3233/1695 2158/3232/1694 2173/3253/1715 2174/3257/1717
f 2152/3234/1696 2151/3229/1692 2166/3255/1716 2167/3258/1718
f 2160/3235/1697 2159/3233/1695 2174/3257/1717 2175/3259/1719
f 2153/3236/1698 2152/3234/1696 2167/3258/1718 2168/3260/1720
f 2161/3237/1699 2160/3235/1697 2175/3259/1719 2176/3261/1721
f 2154/3238/1700 2153/3236/1698 2168/3260/1720 2169/3245/1707
f 2162/3239/1701 2161/3237/1699 2176/3261/1721 2177/3247/1709
f 2174/3257/1717 2173/3253/1715 2188/3262/1722 2189/3263/1723
f 2167/3258/1718 2166/3255/1716 2181/3264/1724 2182/3265/1725
f 2175/3259/1719 2174/3257/1717 2189/3263/1723 2190/3266/1726
f 2168/3260/1720 2167/3258/1718 2182/3265/1725 2183/3267/1727
f 2176/3261/1721 2175/3259/1719 2190/3266/1726 2191/3268/1728
f 2169/3245/1707 2168/3260/1720 2183/3267/1727 2184/3269/1729
f 2177/3247/1709 2176/3261/1721 2191/3268/1728 2192/3270/1730
f 2170/3246/1708 2169/3245/1707 2184/3269/1729 2185/3271/1731
f 2178/3248/1710 2177/3247/1709 2192/3270/1730 2193/3272/1732
f 2171/3249/1711 2170/3246/1708 2185/3271/1731 2186/3273/1733
f 2179/3250/1712 2178/3248/1710 2193/3272/1732 2194/3274/1734
f 2172/3251/1713 2171/3249/1711 2186/3273/1733 2187/3275/1735
f 2180/3252/1714 2179/3250/1712 2194/3274/1734 2195/3276/1736
f 2173/3253/1715 2172/3251/1713 2187/3275/1735 2188/3262/1722
f 2166/3255/1716 2406/3277/1634 2181/3264/1724
f 2562/3278/1636 2180/3252/1714 2195/3276/1736
f 2193/3272/1732 2192/3270/1730 2207/3279/1737 2208/3280/1738
f 2186/3273/1733 2185/3271/1731 2200/3281/1739 2201/3282/1740
f 2194/3274/1734 2193/3272/1732 2208/3280/1738 2209/3283/1741
f 2187/3275/1735 2186/3273/1733 2201/3282/1740 2202/3284/1742
f 2195/3276/1736 2194/3274/1734 2209/3283/1741 2210/3285/1743
f 2188/3262/1722 2187/3275/1735 2202/3284/1742 2203/3286/1744
f 2181/3264/1724 2406/3287/1634 2196/3288/1745
f 2562/3289/1636 2195/3276/1736 2210/3285/1743
f 2189/3263/1723 2188/3262/1722 2203/3286/1744 2204/3290/1746
f 2182/3265/1725 2181/3264/1724 2196/3288/1745 2197/3291/1747
f 2190/3266/1726 2189/3263/1723 2204/3290/1746 2205/3292/1748
f 2183/3267/1727 2182/3265/1725 2197/3291/1747 2198/3293/1749
f 2191/3268/1728 2190/3266/1726 2205/3292/1748 2206/3294/1750
f 2184/3269/1729 2183/3267/1727 2198/3293/1749 2199/3295/1751
f 2192/3270/1730 2191/3268/1728 2206/3294/1750 2207/3279/1737
f 2185/3271/1731 2184/3269/1729 2199/3295/1751 2200/3281/1739
f 2197/3291/1747 2196/3288/1745 2211/3296/1752 2212/3297/1753
f 2205/3292/1748 2204/3290/1746 2219/3298/1754 2220/3299/1755
f 2198/3293/1749 2197/3291/1747 2212/3297/1753 2213/3300/1756
f 2206/3294/1750 2205/3292/1748 2220/3299/1755 2221/3301/1757
f 2199/3295/1751 2198/3293/1749 2213/3300/1756 2214/3302/1758
f 2207/3279/1737 2206/3294/1750 2221/3301/1757 2222/3303/1759
f 2200/3281/1739 2199/3295/1751 2214/3302/1758 2215/3304/1760
f 2208/3280/1738 2207/3279/1737 2222/3303/1759 2223/3305/1761
f 2201/3282/1740 2200/3281/1739 2215/3304/1760 2216/3306/1762
f 2209/3283/1741 2208/3280/1738 2223/3305/1761 2224/3307/1763
f 2202/3284/1742 2201/3282/1740 2216/3306/1762 2217/3308/1764
f 2210/3285/1743 2209/3283/1741 2224/3307/1763 2225/3309/1765
f 2203/3286/1744 2202/3284/1742 2217/3308/1764 2218/3310/1766
f 2196/3288/1745 2406/3311/1634 2211/3296/1752
f 2562/3312/1636 2210/3285/1743 2225/3309/1765
f 2204/3290/1746 2203/3286/1744 2218/3310/1766 2219/3298/1754
f 2216/3306/1762 2215/3304/1760 2230/3313/1767 2231/3314/1768
f 2224/3307/1763 2223/3305/1761 2238/3315/1769 2239/3316/1770
f 2217/3308/1764 2216/3306/1762 2231/3314/1768 2232/3317/1771
f 2225/3309/1765 2224/3307/1763 2239/3316/1770 2240/3318/1772
f 2218/3310/1766 2217/3308/1764 2232/3317/1771 2233/3319/1773
f 2211/3296/1752 2406/3320/1634 2226/3321/1774
f 2562/3322/1636 2225/3309/1765 2240/3318/1772
f 2219/3298/1754 2218/3310/1766 2233/3319/1773 2234/3323/1775
f 2212/3297/1753 2211/3296/1752 2226/3321/1774 2227/3324/1776
f 2220/3299/1755 2219/3298/1754 2234/3323/1775 2235/3325/1777
f 2213/3300/1756 2212/3297/1753 2227/3324/1776 2228/3326/1778
f 2221/3301/1757 2220/3299/1755 2235/3325/1777 2236/3327/1779
f 2214/3302/1758 2213/3300/1756 2228/3326/1778 2229/3328/1780
f 2222/3303/1759 2221/3301/1757 2236/3327/1779 2237/3329/1781
f 2215/3304/1760 2214/3302/1758 2229/3328/1780 2230/3313/1767
f 2223/3305/1761 2222/3303/1759 2237/3329/1781 2238/3315/1769
f 2235/3325/1777 2234/3323/1775 2249/3330/1782 2250/3331/1783
f 2228/3326/1778 2227/3324/1776 2242/3332/1784 2243/3333/1785
f 2236/3327/1779 2235/3325/1777 2250/3331/1783 2251/3334/1786
f 2229/3328/1780 2228/3326/1778 2243/3333/1785 2244/3335/1787
f 2237/3329/1781 2236/3327/1779 2251/3334/1786 2252/3336/1788
f 2230/3313/1767 2229/3328/1780 2244/3335/1787 2245/3337/1789
f 2238/3315/1769 2237/3329/1781 2252/3336/1788 2253/3338/1790
f 2231/3314/1768 2230/3313/1767 2245/3337/1789 2246/3339/1791
f 2239/3316/1770 2238/3315/1769 2253/3338/1790 2254/3340/1792
f 2232/3317/1771 2231/3314/1768 2246/3339/1791 2247/3341/1793
f 2240/3318/1772 2239/3316/1770 2254/3340/1792 2255/3342/1794
f 2233/3319/1773 2232/3317/1771 2247/3341/1793 2248/3343/1795
f 2226/3321/1774 2406/3344/1634 2241/3345/1796
f 2562/3346/1636 2240/3318/1772 2255/3342/1794
f 2234/3323/1775 2233/3319/1773 2248/3343/1795 2249/3330/1782
f 2227/3324/1776 2226/3321/1774 2241/3345/1796 2242/3332/1784
f 2254/3340/1792 2253/3338/1790 2268/3347/1797 2269/3348/1798
f 2247/3341/1793 2246/3339/1791 2261/3349/1799 2262/3350/1800
f 2255/3342/1794 2254/3340/1792 2269/3348/1798 2270/3351/1801
f 2248/3343/1795 2247/3341/1793 2262/3350/1800 2263/3352/1802
f 2241/3345/1796 2406/3353/1634 2256/3354/1803
f 2562/3355/1636 2255/3342/1794 2270/3351/1801
f 2249/3330/1782 2248/3343/1795 2263/3352/1802 2264/3356/1804
f 2242/3332/1784 2241/3345/1796 2256/3354/1803 2257/3357/1805
f 2250/3331/1783 2249/3330/1782 2264/3356/1804 2265/3358/1806
f 2243/3333/1785 2242/3332/1784 2257/3357/1805 2258/3359/1807
f 2251/3334/1786 2250/3331/1783 2265/3358/1806 2266/3360/1808
f 2244/3335/1787 2243/3333/1785 2258/3359/1807 2259/3361/1809
f 2252/3336/1788 2251/3334/1786 2266/3360/1808 2267/3362/1810
f 2245/3337/1789 2244/3335/1787 2259/3361/1809 2260/3363/1811
f 2253/3338/1790 2252/3336/1788 2267/3362/1810 2268/3347/1797
f 2246/3339/1791 2245/3337/1789 2260/3363/1811 2261/3349/1799
f 2266/3360/1808 2265/3358/1806 2280/3364/1812 2281/3365/1813
f 2259/3361/1809 2258/3359/1807 2273/3366/1814 2274/3367/1815
f 2267/3362/1810 2266/3360/1808 2281/3365/1813 2282/3368/1816
f 2260/3363/1811 2259/3361/1809 2274/3367/1815 2275/3369/1817
f 2268/3347/1797 2267/3362/1810 2282/3368/1816 2283/3370/1818
f 2261/3349/1799 2260/3363/1811 2275/3369/1817 2276/3371/1819
f 2269/3348/1798 2268/3347/1797 2283/3370/1818 2284/3372/1820
f 2262/3350/1800 2261/3349/1799 2276/3371/1819 2277/3373/1821
f 2270/3351/1801 2269/3348/1798 2284/3372/1820 2285/3374/1822
f 2263/3352/1802 2262/3350/1800 2277/3373/1821 2278/3375/1823
f 2256/3354/1803 2406/3376/1634 2271/3377/1824
f 2562/3378/1636 2270/3351/1801 2285/3374/1822
f 2264/3356/1804 2263/3352/1802 2278/3375/1823 2279/3379/1825
f 2257/3357/1805 2256/3354/1803 2271/3377/1824 2272/3380/1826
f 2265/3358/1806 2264/3356/1804 2279/3379/1825 2280/3364/1812
f 2258/3359/1807 2257/3357/1805 2272/3380/1826 2273/3366/1814
f 2285/3374/1822 2284/3372/1820 2299/3381/1827 2300/3382/1828
f 2278/3375/1823 2277/3373/1821 2292/3383/1829 2293/3384/1830
f 2271/3377/1824 2406/3385/1634 2286/3386/1831
f 2562/3387/1636 2285/3374/1822 2300/3382/1828
f 2279/3379/1825 2278/3375/1823 2293/3384/1830 2294/3388/1832
f 2272/3380/1826 2271/3377/1824 2286/3386/1831 2287/3389/1833
f 2280/3364/1812 2279/3379/1825 2294/3388/1832 2295/3390/1834
f 2273/3366/1814 2272/3380/1826 2287/3389/1833 2288/3391/1835
f 2281/3365/1813 2280/3364/1812 2295/3390/1834 2296/3392/1836
f 2274/3367/1815 2273/3366/1814 2288/3391/1835 2289/3393/1837
f 2282/3368/1816 2281/3365/1813 2296/3392/1836 2297/3394/1838
f 2275/3369/1817 2274/3367/1815 2289/3393/1837 2290/3395/1839
f 2283/3370/1818 2282/3368/1816 2297/3394/1838 2298/3396/1840
f 2276/3371/1819 2275/3369/1817 2290/3395/1839 2291/3397/1841
f 2284/3372/1820 2283/3370/1818 2298/3396/1840 2299/3381/1827
f 2277/3373/1821 2276/3371/1819 2291/3397/1841 2292/3383/1829
f 2289/3393/1837 2288/3391/1835 2303/3398/1842 2304/3399/1843
f 2297/3394/1838 2296/3392/1836 2311/3400/1844 2312/3401/1845
f 2290/3395/1839 2289/3393/1837 2304/3399/1843 2305/3402/1846
f 2298/3396/1840 2297/3394/1838 2312/3401/1845 2313/3403/1847
f 2291/3397/1841 2290/3395/1839 2305/3402/1846 2306/3404/1848
f 2299/3381/1827 2298/3396/1840 2313/3403/1847 2314/3405/1849
f 2292/3383/1829 2291/3397/1841 2306/3404/1848 2307/3406/1850
f 2300/3382/1828 2299/3381/1827 2314/3405/1849 2315/3407/1851
f 2293/3384/1830 2292/3383/1829 2307/3406/1850 2308/3408/1852
f 2286/3386/1831 2406/3409/1634 2301/3410/1853
f 2562/3411/1636 2300/3382/1828 2315/3407/1851
f 2294/3388/1832 2293/3384/1830 2308/3408/1852 2309/3412/1854
f 2287/3389/1833 2286/3386/1831 2301/3410/1853 2302/3413/1855
f 2295/3390/1834 2294/3388/1832 2309/3412/1854 2310/3414/1856
f 2288/3391/1835 2287/3389/1833 2302/3413/1855 2303/3398/1842
f 2296/3392/1836 2295/3390/1834 2310/3414/1856 2311/3400/1844
f 2308/3408/1852 2307/3406/1850 2322/3415/1857 2323/3416/1858
f 2301/3410/1853 2406/3417/1634 2316/3418/1859
f 2562/3419/1636 2315/3407/1851 2330/3420/1860
f 2309/3412/1854 2308/3408/1852 2323/3416/1858 2324/3421/1861
f 2302/3413/1855 2301/3410/1853 2316/3418/1859 2317/3422/1862
f 2310/3414/1856 2309/3412/1854 2324/3421/1861 2325/3423/1863
f 2303/3398/1842 2302/3413/1855 2317/3422/1862 2318/3424/1864
f 2311/3400/1844 2310/3414/1856 2325/3423/1863 2326/3425/1865
f 2304/3399/1843 2303/3398/1842 2318/3424/1864 2319/3426/1866
f 2312/3401/1845 2311/3400/1844 2326/3425/1865 2327/3427/1867
f 2305/3402/1846 2304/3399/1843 2319/3426/1866 2320/3428/1868
f 2313/3403/1847 2312/3401/1845 2327/3427/1867 2328/3429/1869
f 2306/3404/1848 2305/3402/1846 2320/3428/1868 2321/3430/1870
f 2314/3405/1849 2313/3403/1847 2328/3429/1869 2329/3431/1871
f 2307/3406/1850 2306/3404/1848 2321/3430/1870 2322/3415/1857
f 2315/3407/1851 2314/3405/1849 2329/3431/1871 2330/3420/1860
f 2327/3427/1867 2326/3425/1865 2341/3432/1872 2342/3433/1873
f 2320/3428/1868 2319/3426/1866 2334/3434/1874 2335/3435/1875
f 2328/3429/1869 2327/3427/1867 2342/3433/1873 2343/3436/1876
f 2321/3430/1870 2320/3428/1868 2335/3435/1875 2336/3437/1877
f 2329/3431/1871 2328/3429/1869 2343/3436/1876 2344/3438/1878
f 2322/3415/1857 2321/3430/1870 2336/3437/1877 2337/3439/1879
f 2330/3420/1860 2329/3431/1871 2344/3438/1878 2345/3440/1880
f 2323/3416/1858 2322/3415/1857 2337/3439/1879 2338/3441/1881
f 2316/3418/1859 2406/3442/1634 2331/3443/1882
f 2562/3444/1636 2330/3420/1860 2345/3440/1880
f 2324/3421/1861 2323/3416/1858 2338/3441/1881 2339/3445/1883
f 2317/3422/1862 2316/3418/1859 2331/3443/1882 2332/3446/1884
f 2325/3423/1863 2324/3421/1861 2339/3445/1883 2340/3447/1885
f 2318/3424/1864 2317/3422/1862 2332/3446/1884 2333/3448/1886
f 2326/3425/1865 2325/3423/1863 2340/3447/1885 2341/3432/1872
f 2319/3426/1866 2318/3424/1864 2333/3448/1886 2334/3434/1874
f 2331/3443/1882 2406/3449/1634 2346/3450/1887
f 2562/3451/1636 2345/3440/1880 2360/3452/1888
f 2339/3445/1883 2338/3441/1881 2353/3453/1889 2354/3454/1890
f 2332/3446/1884 2331/3443/1882 2346/3450/1887 2347/3455/1891
f 2340/3447/1885 2339/3445/1883 2354/3454/1890 2355/3456/1892
f 2333/3448/1886 2332/3446/1884 2347/3455/1891 2348/3457/1893
f 2341/3432/1872 2340/3447/1885 2355/3456/1892 2356/3458/1894
f 2334/3434/1874 2333/3448/1886 2348/3457/1893 2349/3459/1895
f 2342/3433/1873 2341/3432/1872 2356/3458/1894 2357/3460/1896
f 2335/3435/1875 2334/3434/1874 2349/3459/1895 2350/3461/1897
f 2343/3436/1876 2342/3433/1873 2357/3460/1896 2358/3462/1898
f 2336/3437/1877 2335/3435/1875 2350/3461/1897 2351/3463/1899
f 2344/3438/1878 2343/3436/1876 2358/3462/1898 2359/3464/1900
f 2337/3439/1879 2336/3437/1877 2351/3463/1899 2352/3465/1901
f 2345/3440/1880 2344/3438/1878 2359/3464/1900 2360/3452/1888
f 2338/3441/1881 2337/3439/1879 2352/3465/1901 2353/3453/1889
f 2350/3461/1897 2349/3459/1895 2364/3466/1902 2365/3467/1903
f 2358/3462/1898 2357/3460/1896 2372/3468/1904 2373/3469/1905
f 2351/3463/1899 2350/3461/1897 2365/3467/1903 2366/3470/1906
f 2359/3464/1900 2358/3462/1898 2373/3469/1905 2374/3471/1907
f 2352/3465/1901 2351/3463/1899 2366/3470/1906 2367/3472/1908
f 2360/3452/1888 2359/3464/1900 2374/3471/1907 2375/3473/1909
f 2353/3453/1889 2352/3465/1901 2367/3472/1908 2368/3474/1910
f 2346/3450/1887 2406/3475/1634 2361/3476/1911
f 2562/3477/1636 2360/3452/1888 2375/3473/1909
f 2354/3454/1890 2353/3453/1889 2368/3474/1910 2369/3478/1912
f 2347/3455/1891 2346/3450/1887 2361/3476/1911 2362/3479/1913
f 2355/3456/1892 2354/3454/1890 2369/3478/1912 2370/3480/1914
f 2348/3457/1893 2347/3455/1891 2362/3479/1913 2363/3481/1915
f 2356/3458/1894 2355/3456/1892 2370/3480/1914 2371/3482/1916
f 2349/3459/1895 2348/3457/1893 2363/3481/1915 2364/3466/1902
f 2357/3460/1896 2356/3458/1894 2371/3482/1916 2372/3468/1904
f 2369/3478/1912 2368/3474/1910 2383/3483/1917 2384/3484/1918
f 2362/3479/1913 2361/3476/1911 2376/3485/1919 2377/3486/1920
f 2370/3480/1914 2369/3478/1912 2384/3484/1918 2385/3487/1921
f 2363/3481/1915 2362/3479/1913 2377/3486/1920 2378/3488/1922
f 2371/3482/1916 2370/3480/1914 2385/3487/1921 2386/3489/1923
f 2364/3466/1902 2363/3481/1915 2378/3488/1922 2379/3490/1924
f 2372/3468/1904 2371/3482/1916 2386/3489/1923 2387/3491/1925
f 2365/3467/1903 2364/3466/1902 2379/3490/1924 2380/3492/1926
f 2373/3469/1905 2372/3468/1904 2387/3491/1925 2388/3493/1927
f 2366/3470/1906 2365/3467/1903 2380/3492/1926 2381/3494/1928
f 2374/3471/1907 2373/3469/1905 2388/3493/1927 2389/3495/1929
f 2367/3472/1908 2366/3470/1906 2381/3494/1928 2382/3496/1930
f 2375/3473/1909 2374/3471/1907 2389/3495/1929 2390/3497/1931
f 2368/3474/1910 2367/3472/1908 2382/3496/1930 2383/3483/1917
f 2361/3476/1911 2406/3498/1634 2376/3485/1919
f 2562/3499/1636 2375/3473/1909 2390/3497/1931
f 2388/3493/1927 2387/3491/1925 2402/3500/1932 2403/3501/1933
f 2381/3494/1928 2380/3492/1926 2395/3502/1934 2396/3503/1935
f 2389/3495/1929 2388/3493/1927 2403/3501/1933 2404/3504/1936
f 2382/3496/1930 2381/3494/1928 2396/3503/1935 2397/3505/1937
f 2390/3497/1931 2389/3495/1929 2404/3504/1936 2405/3506/1938
f 2383/3483/1917 2382/3496/1930 2397/3505/1937 2398/3507/1939
f 2376/3485/1919 2406/3508/1634 2391/3509/1940
f 2562/3510/1636 2390/3497/1931 2405/3506/1938
f 2384/3484/1918 2383/3483/1917 2398/3507/1939 2399/3511/1941
f 2377/3486/1920 2376/3485/1919 2391/3509/1940 2392/3512/1942
f 2385/3487/1921 2384/3484/1918 2399/3511/1941 2400/3513/1943
f 2378/3488/1922 2377/3486/1920 2392/3512/1942 2393/3514/1944
f 2386/3489/1923 2385/3487/1921 2400/3513/1943 2401/3515/1945
f 2379/3490/1924 2378/3488/1922 2393/3514/1944 2394/3516/1946
f 2387/3491/1925 2386/3489/1923 2401/3515/1945 2402/3500/1932
f 2380/3492/1926 2379/3490/1924 2394/3516/1946 2395/3502/1934
f 2400/3513/1943 2399/3511/1941 2415/3517/1947 2416/3518/1948
f 2393/3514/1944 2392/3512/1942 2408/3519/1949 2409/3520/1950
f 2401/3515/1945 2400/3513/1943 2416/3518/1948 2417/3521/1951
f 2394/3516/1946 2393/3514/1944 2409/3520/1950 2410/3522/1952
f 2402/3500/1932 2401/3515/1945 2417/3521/1951 2418/3523/1953
f 2395/3502/1934 2394/3516/1946 2410/3522/1952 2411/3524/1954
f 2403/3501/1933 2402/3500/1932 2418/3523/1953 2419/3525/1955
f 2396/3503/1935 2395/3502/1934 2411/3524/1954 2412/3526/1956
f 2404/3504/1936 2403/3501/1933 2419/3525/1955 2420/3527/1957
f 2397/3505/1937 2396/3503/1935 2412/3526/1956 2413/3528/1958
f 2405/3506/1938 2404/3504/1936 2420/3527/1957 2421/3529/1959
f 2398/3507/1939 2397/3505/1937 2413/3528/1958 2414/3530/1960
f 2391/3509/1940 2406/3531/1634 2407/3532/1961
f 2562/3533/1636 2405/3506/1938 2421/3529/1959
f 2399/3511/1941 2398/3507/1939 2414/3530/1960 2415/3517/1947
f 2392/3512/1942 2391/3509/1940 2407/3532/1961 2408/3519/1949
f 2420/3527/1957 2419/3525/1955 2434/3534/1962 2435/3535/1963
f 2413/3528/1958 2412/3526/1956 2427/3536/1964 2428/3537/1965
f 2421/3529/1959 2420/3527/1957 2435/3535/1963 2436/3538/1966
f 2414/3530/1960 2413/3528/1958 2428/3537/1965 2429/3539/1967
f 2407/3532/1961 2406/3540/1634 2422/3541/1968
f 2562/3542/1636 2421/3529/1959 2436/3538/1966
f 2415/3517/1947 2414/3530/1960 2429/3539/1967 2430/3543/1969
f 2408/3519/1949 2407/3532/1961 2422/3541/1968 2423/3544/1970
f 2416/3518/1948 2415/3517/1947 2430/3543/1969 2431/3545/1971
f 2409/3520/1950 2408/3519/1949 2423/3544/1970 2424/3546/1972
f 2417/3521/1951 2416/3518/1948 2431/3545/1971 2432/3547/1973
f 2410/3522/1952 2409/3520/1950 2424/3546/1972 2425/3548/1974
f 2418/3523/1953 2417/3521/1951 2432/3547/1973 2433/3549/1975
f 2411/3524/1954 2410/3522/1952 2425/3548/1974 2426/3550/1976
f 2419/3525/1955 2418/3523/1953 2433/3549/1975 2434/3534/1962
f 2412/3526/1956 2411/3524/1954 2426/3550/1976 2427/3536/1964
f 2424/3546/1972 2423/3544/1970 2438/3551/1977 2439/3552/1978
f 2432/3547/1973 2431/3545/1971 2446/3553/1979 2447/3554/1980
f 2425/3548/1974 2424/3546/1972 2439/3552/1978 2440/3555/1981
f 2433/3549/1975 2432/3547/1973 2447/3554/1980 2448/3556/1982
f 2426/3550/1976 2425/3548/1974 2440/3555/1981 2441/3557/1983
f 2434/3534/1962 2433/3549/1975 2448/3556/1982 2449/3558/1984
f 2427/3536/1964 2426/3550/1976 2441/3557/1983 2442/3559/1985
f 2435/3535/1963 2434/3534/1962 2449/3558/1984 2450/3560/1986
f 2428/3537/1965 2427/3536/1964 2442/3559/1985 2443/3561/1987
f 2436/3538/1966 2435/3535/1963 2450/3560/1986 2451/3562/1988
f 2429/3539/1967 2428/3537/1965 2443/3561/1987 2444/3563/1989
f 2422/3541/1968 2406/3564/1634 2437/3565/1990
f 2562/3566/1636 2436/3538/1966 2451/3562/1988
f 2430/3543/1969 2429/3539/1967 2444/3563/1989 2445/3567/1991
f 2423/3544/1970 2422/3541/1968 2437/3565/1990 2438/3551/1977
f 2431/3545/1971 2430/3543/1969 2445/3567/1991 2446/3553/1979
f 2443/3568/1987 2442/3569/1985 2457/3570/1992 2458/3571/1993
f 2451/3572/1988 2450/3573/1986 2465/3574/1994 2466/3575/1995
f 2444/3576/1989 2443/3568/1987 2458/3571/1993 2459/3577/1996
f 2437/3578/1990 2406/3579/1634 2452/3580/1997
f 2562/3581/1636 2451/3572/1988 2466/3575/1995
f 2445/3582/1991 2444/3576/1989 2459/3577/1996 2460/3583/1998
f 2438/3584/1977 2437/3578/1990 2452/3580/1997 2453/3585/1999
f 2446/3586/1979 2445/3582/1991 2460/3583/1998 2461/3587/2000
f 2439/3588/1978 2438/3584/1977 2453/3585/1999 2454/3589/2001
f 2447/3590/1980 2446/3586/1979 2461/3587/2000 2462/3591/2002
f 2440/3592/1981 2439/3588/1978 2454/3589/2001 2455/3593/2003
f 2448/3594/1982 2447/3590/1980 2462/3591/2002 2463/3595/2004
f 2441/3596/1983 2440/3592/1981 2455/3593/2003 2456/3597/2005
f 2449/3598/1984 2448/3594/1982 2463/3595/2004 2464/3599/2006
f 2442/3569/1985 2441/3596/1983 2456/3597/2005 2457/3570/1992
f 2450/3573/1986 2449/3598/1984 2464/3599/2006 2465/3574/1994
f 2462/3591/2002 2461/3587/2000 2476/3600/2007 2477/3601/2008
f 2455/3593/2003 2454/3589/2001 2469/3602/2009 2470/3603/2010
f 2463/3595/2004 2462/3591/2002 2477/3601/2008 2478/3604/2011
f 2456/3597/2005 2455/3593/2003 2470/3603/2010 2471/3605/2012
f 2464/3599/2006 2463/3595/2004 2478/3604/2011 2479/3606/2013
f 2457/3570/1992 2456/3597/2005 2471/3605/2012 2472/3607/2014
f 2465/3574/1994 2464/3599/2006 2479/3606/2013 2480/3608/2015
f 2458/3571/1993 2457/3570/1992 2472/3607/2014 2473/3609/2016
f 2466/3575/1995 2465/3574/1994 2480/3608/2015 2481/3610/2017
f 2459/3577/1996 2458/3571/1993 2473/3609/2016 2474/3611/2018
f 2452/3580/1997 2406/3612/1634 2467/3613/2019
f 2562/3614/1636 2466/3575/1995 2481/3610/2017
f 2460/3583/1998 2459/3577/1996 2474/3611/2018 2475/3615/2020
f 2453/3585/1999 2452/3580/1997 2467/3613/2019 2468/3616/2021
f 2461/3587/2000 2460/3583/1998 2475/3615/2020 2476/3600/2007
f 2454/3589/2001 2453/3585/1999 2468/3616/2021 2469/3602/2009
f 2481/3610/2017 2480/3608/2015 2495/3617/2022 2496/3618/2023
f 2474/3611/2018 2473/3609/2016 2488/3619/2024 2489/3620/2025
f 2467/3613/2019 2406/3621/1634 2482/3622/2026
f 2562/3623/1636 2481/3610/2017 2496/3618/2023
f 2475/3615/2020 2474/3611/2018 2489/3620/2025 2490/3624/2027
f 2468/3616/2021 2467/3613/2019 2482/3622/2026 2483/3625/2028
f 2476/3600/2007 2475/3615/2020 2490/3624/2027 2491/3626/2029
f 2469/3602/2009 2468/3616/2021 2483/3625/2028 2484/3627/2030
f 2477/3601/2008 2476/3600/2007 2491/3626/2029 2492/3628/2031
f 2470/3603/2010 2469/3602/2009 2484/3627/2030 2485/3629/2032
f 2478/3604/2011 2477/3601/2008 2492/3628/2031 2493/3630/2033
f 2471/3605/2012 2470/3603/2010 2485/3629/2032 2486/3631/2034
f 2479/3606/2013 2478/3604/2011 2493/3630/2033 2494/3632/2035
f 2472/3607/2014 2471/3605/2012 2486/3631/2034 2487/3633/2036
f 2480/3608/2015 2479/3606/2013 2494/3632/2035 2495/3617/2022
f 2473/3609/2016 2472/3607/2014 2487/3633/2036 2488/3619/2024
f 2485/3629/2032 2484/3627/2030 2499/3634/2037 2500/3635/2038
f 2493/3630/2033 2492/3628/2031 2507/3636/2039 2508/3637/2040
f 2486/3631/2034 2485/3629/2032 2500/3635/2038 2501/3638/2041
f 2494/3632/2035 2493/3630/2033 2508/3637/2040 2509/3639/2042
f 2487/3633/2036 2486/3631/2034 2501/3638/2041 2502/3640/2043
f 2495/3617/2022 2494/3632/2035 2509/3639/2042 2510/3641/2044
f 2488/3619/2024 2487/3633/2036 2502/3640/2043 2503/3642/2045
f 2496/3618/2023 2495/3617/2022 2510/3641/2044 2511/3643/2046
f 2489/3620/2025 2488/3619/2024 2503/3642/2045 2504/3644/2047
f 2482/3622/2026 2406/3645/1634 2497/3646/2048
f 2562/3647/1636 2496/3618/2023 2511/3643/2046
f 2490/3624/2027 2489/3620/2025 2504/3644/2047 2505/3648/2049
f 2483/3625/2028 2482/3622/2026 2497/3646/2048 2498/3649/2050
f 2491/3626/2029 2490/3624/2027 2505/3648/2049 2506/3650/2051
f 2484/3627/2030 2483/3625/2028 2498/3649/2050 2499/3634/2037
f 2492/3628/2031 2491/3626/2029 2506/3650/2051 2507/3636/2039
f 2504/3644/2047 2503/3642/2045 2518/3651/2052 2519/3652/2053
f 2497/3646/2048 2406/3653/1634 2512/3654/2054
f 2562/3655/1636 2511/3643/2046 2526/3656/2055
f 2505/3648/2049 2504/3644/2047 2519/3652/2053 2520/3657/2056
f 2498/3649/2050 2497/3646/2048 2512/3654/2054 2513/3658/2057
f 2506/3650/2051 2505/3648/2049 2520/3657/2056 2521/3659/2058
f 2499/3634/2037 2498/3649/2050 2513/3658/2057 2514/3660/2059
f 2507/3636/2039 2506/3650/2051 2521/3659/2058 2522/3661/2060
f 2500/3635/2038 2499/3634/2037 2514/3660/2059 2515/3662/2061
f 2508/3637/2040 2507/3636/2039 2522/3661/2060 2523/3663/2062
f 2501/3638/2041 2500/3635/2038 2515/3662/2061 2516/3664/2063
f 2509/3639/2042 2508/3637/2040 2523/3663/2062 2524/3665/2064
f 2502/3640/2043 2501/3638/2041 2516/3664/2063 2517/3666/2065
f 2510/3641/2044 2509/3639/2042 2524/3665/2064 2525/3667/2066
f 2503/3642/2045 2502/3640/2043 2517/3666/2065 2518/3651/2052
f 2511/3643/2046 2510/3641/2044 2525/3667/2066 2526/3656/2055
f 2523/3663/2062 2522/3661/2060 2537/3668/2067 2538/3669/2068
f 2516/3664/2063 2515/3662/2061 2530/3670/2069 2531/3671/2070
f 2524/3665/2064 2523/3663/2062 2538/3669/2068 2539/3672/2071
f 2517/3666/2065 2516/3664/2063 2531/3671/2070 2532/3673/2072
f 2525/3667/2066 2524/3665/2064 2539/3672/2071 2540/3674/2073
f 2518/3651/2052 2517/3666/2065 2532/3673/2072 2533/3675/2074
f 2526/3656/2055 2525/3667/2066 2540/3674/2073 2541/3676/2075
f 2519/3652/2053 2518/3651/2052 2533/3675/2074 2534/3677/2076
f 2512/3654/2054 2406/3678/1634 2527/3679/2077
f 2562/3680/1636 2526/3656/2055 2541/3676/2075
f 2520/3657/2056 2519/3652/2053 2534/3677/2076 2535/3681/2078
f 2513/3658/2057 2512/3654/2054 2527/3679/2077 2528/3682/2079
f 2521/3659/2058 2520/3657/2056 2535/3681/2078 2536/3683/2080
f 2514/3660/2059 2513/3658/2057 2528/3682/2079 2529/3684/2081
f 2522/3661/2060 2521/3659/2058 2536/3683/2080 2537/3668/2067
f 2515/3662/2061 2514/3660/2059 2529/3684/2081 2530/3670/2069
f 2562/3685/1636 2541/3676/2075 2556/3686/2082
f 2535/3681/2078 2534/3677/2076 2549/3687/2083 2550/3688/2084
f 2528/3682/2079 2527/3679/2077 2542/3689/2085 2543/3690/2086
f 2536/3683/2080 2535/3681/2078 2550/3688/2084 2551/3691/2087
f 2529/3684/2081 2528/3682/2079 2543/3690/2086 2544/3692/2088
f 2537/3668/2067 2536/3683/2080 2551/3691/2087 2552/3693/2089
f 2530/3670/2069 2529/3684/2081 2544/3692/2088 2545/3694/2090
f 2538/3669/2068 2537/3668/2067 2552/3693/2089 2553/3695/2091
f 2531/3671/2070 2530/3670/2069 2545/3694/2090 2546/3696/2092
f 2539/3672/2071 2538/3669/2068 2553/3695/2091 2554/3697/2093
f 2532/3673/2072 2531/3671/2070 2546/3696/2092 2547/3698/2094
f 2540/3674/2073 2539/3672/2071 2554/3697/2093 2555/3699/2095
f 2533/3675/2074 2532/3673/2072 2547/3698/2094 2548/3700/2096
f 2541/3676/2075 2540/3674/2073 2555/3699/2095 2556/3686/2082
f 2534/3677/2076 2533/3675/2074 2548/3700/2096 2549/3687/2083
f 2527/3679/2077 2406/3701/1634 2542/3689/2085
f 2554/3697/2093 2553/3695/2091 2089/3150/1620 2090/3149/1619
f 2547/3698/2094 2546/3696/2092 2085/3145/1615 2086/3153/1623
f 2555/3699/2095 2554/3697/2093 2090/3149/1619 2560/3155/1625
f 2548/3700/2096 2547/3698/2094 2086/3153/1623 2087/3157/1627
f 2556/3686/2082 2555/3699/2095 2560/3155/1625 2561/3159/1629
f 2549/3687/2083 2548/3700/2096 2087/3157/1627 2557/3161/1631
f 2542/3689/2085 2406/3702/1634 2081/3163/1633
f 2562/3703/1636 2556/3686/2082 2561/3159/1629
f 2550/3688/2084 2549/3687/2083 2557/3161/1631 2558/3167/1637
f 2543/3690/2086 2542/3689/2085 2081/3163/1633 2082/3169/1639
f 2551/3691/2087 2550/3688/2084 2558/3167/1637 2559/3171/1641
f 2544/3692/2088 2543/3690/2086 2082/3169/1639 2083/3173/1643
f 2552/3693/2089 2551/3691/2087 2559/3171/1641 2088/3175/1645
f 2545/3694/2090 2544/3692/2088 2083/3173/1643 2084/3146/1616
f 2553/3695/2091 2552/3693/2089 2088/3175/1645 2089/3150/1620
f 2546/3696/2092 2545/3694/2090 2084/3146/1616 2085/3145/1615
o Sphere.004_Sphere.005
v -0.843988 4.253237 -0.550445
v -0.857503 4.245397 -0.550450
v -0.869958 4.232664 -0.550454
v -0.880876 4.215528 -0.550458
v -0.889835 4.194649 -0.550462
v -0.896493 4.170828 -0.550464
v -0.900592 4.144980 -0.550466
v -0.889835 4.041551 -0.550462
v -0.880876 4.020672 -0.550458
v -0.869958 4.003537 -0.550454
v -0.843716 4.253237 -0.555689
v -0.856969 4.245397 -0.560736
v -0.869184 4.232664 -0.565388
v -0.879890 4.215528 -0.569465
v -0.888676 4.194649 -0.572811
v -0.895205 4.170828 -0.575297
v -0.899225 4.144980 -0.576829
v -0.900582 4.118100 -0.577345
v -0.899225 4.091220 -0.576829
v -0.895205 4.065372 -0.575297
v -0.888676 4.041551 -0.572811
v -0.879890 4.020672 -0.569465
v -0.869184 4.003537 -0.565388
v -0.856969 3.990804 -0.560736
v -0.843716 3.982963 -0.555689
v -0.842915 4.253237 -0.560731
v -0.855398 4.245397 -0.570627
v -0.866902 4.232664 -0.579747
v -0.876985 4.215528 -0.587741
v -0.885259 4.194649 -0.594301
v -0.891408 4.170828 -0.599176
v -0.895195 4.144980 -0.602178
v -0.896474 4.118100 -0.603191
v -0.895195 4.091220 -0.602178
v -0.891408 4.065372 -0.599176
v -0.885259 4.041551 -0.594301
v -0.876985 4.020672 -0.587741
v -0.866902 4.003537 -0.579747
v -0.855398 3.990804 -0.570627
v -0.842915 3.982963 -0.560731
v -0.841615 4.253237 -0.565378
v -0.852847 4.245397 -0.579742
v -0.863198 4.232664 -0.592980
v -0.872271 4.215528 -0.604583
v -0.879717 4.194649 -0.614106
v -0.885249 4.170828 -0.621182
v -0.888657 4.144980 -0.625539
v -0.889807 4.118100 -0.627011
v -0.888657 4.091220 -0.625539
v -0.885249 4.065372 -0.621182
v -0.879717 4.041551 -0.614106
v -0.872271 4.020672 -0.604583
v -0.863198 4.003537 -0.592980
v -0.852847 3.990804 -0.579742
v -0.841615 3.982963 -0.565378
v -0.839865 4.253237 -0.569451
v -0.849415 4.245397 -0.587731
v -0.858216 4.232664 -0.604578
v -0.865930 4.215528 -0.619345
v -0.872261 4.194649 -0.631463
v -0.876966 4.170828 -0.640469
v -0.879863 4.144980 -0.646014
v -0.880841 4.118100 -0.647886
v -0.879863 4.091220 -0.646014
v -0.876966 4.065372 -0.640469
v -0.872261 4.041551 -0.631463
v -0.865930 4.020672 -0.619345
v -0.858216 4.003537 -0.604578
v -0.849415 3.990804 -0.587731
v -0.839865 3.982963 -0.569451
v -0.837734 4.253237 -0.572793
v -0.845234 4.245397 -0.594286
v -0.852147 4.232664 -0.614096
v -0.858206 4.215528 -0.631458
v -0.863179 4.194649 -0.645708
v -0.866874 4.170828 -0.656296
v -0.869148 4.144980 -0.662816
v -0.869917 4.118100 -0.665017
v -0.869148 4.091220 -0.662816
v -0.866874 4.065372 -0.656296
v -0.863179 4.041551 -0.645708
v -0.858206 4.020672 -0.631458
v -0.852147 4.003537 -0.614096
v -0.845234 3.990804 -0.594286
v -0.837734 3.982963 -0.572793
v -0.835303 4.253237 -0.575276
v -0.840466 4.245397 -0.599158
v -0.845224 4.232664 -0.621168
v -0.849396 4.215528 -0.640459
v -0.852819 4.194649 -0.656291
v -0.855363 4.170828 -0.668055
v -0.856928 4.144980 -0.675300
v -0.857457 4.118100 -0.677746
v -0.856928 4.091220 -0.675300
v -0.855363 4.065372 -0.668055
v -0.852819 4.041551 -0.656291
v -0.849396 4.020672 -0.640459
v -0.845224 4.003537 -0.621168
v -0.840466 3.990804 -0.599158
v -0.835303 3.982963 -0.575276
v -0.832666 4.253237 -0.576805
v -0.835293 4.245397 -0.602156
v -0.837715 4.232664 -0.625521
v -0.839838 4.215528 -0.646000
v -0.841579 4.194649 -0.662806
v -0.842874 4.170828 -0.675295
v -0.843670 4.144980 -0.682985
v -0.843939 4.118100 -0.685582
v -0.843670 4.091220 -0.682985
v -0.842874 4.065372 -0.675295
v -0.841579 4.041551 -0.662806
v -0.839838 4.020672 -0.646000
v -0.837715 4.003537 -0.625521
v -0.835293 3.990804 -0.602156
v -0.832666 3.982963 -0.576805
v -0.829924 4.253237 -0.577320
v -0.829915 4.245397 -0.603167
v -0.829906 4.232664 -0.626989
v -0.829899 4.215528 -0.647868
v -0.829893 4.194649 -0.665003
v -0.829888 4.170828 -0.677736
v -0.829885 4.144980 -0.685577
v -0.829884 4.118100 -0.688224
v -0.829885 4.091220 -0.685577
v -0.829888 4.065372 -0.677736
v -0.829893 4.041551 -0.665003
v -0.829899 4.020672 -0.647868
v -0.829906 4.003537 -0.626989
v -0.829915 3.990804 -0.603167
v -0.829924 3.982963 -0.577320
v -0.827183 4.253237 -0.576803
v -0.824536 4.245397 -0.602152
v -0.822098 4.232664 -0.625515
v -0.819960 4.215528 -0.645992
v -0.818206 4.194649 -0.662798
v -0.816904 4.170828 -0.675285
v -0.816101 4.144980 -0.682975
v -0.815830 4.118100 -0.685572
v -0.816101 4.091220 -0.682975
v -0.816904 4.065372 -0.675285
v -0.818206 4.041551 -0.662798
v -0.819960 4.020672 -0.645992
v -0.822098 4.003537 -0.625515
v -0.824536 3.990804 -0.602152
v -0.827183 3.982963 -0.576803
v -0.824546 4.253237 -0.575272
v -0.819366 4.245397 -0.599150
v -0.814591 4.232664 -0.621156
v -0.810407 4.215528 -0.640445
v -0.806972 4.194649 -0.656275
v -0.804421 4.170828 -0.668037
v -0.802849 4.144980 -0.675280
v -0.802318 4.118100 -0.677726
v -0.802849 4.091220 -0.675280
v -0.804421 4.065372 -0.668037
v -0.806972 4.041551 -0.656275
v -0.810407 4.020672 -0.640445
v -0.814591 4.003537 -0.621156
v -0.819366 3.990804 -0.599150
v -0.824546 3.982963 -0.575272
v -0.822117 4.253237 -0.572787
v -0.814601 4.245397 -0.594275
v -0.807674 4.232664 -0.614080
v -0.801603 4.215528 -0.631438
v -0.796620 4.194649 -0.645684
v -0.792917 4.170828 -0.656270
v -0.790637 4.144980 -0.662788
v -0.789868 4.118100 -0.664989
v -0.790637 4.091220 -0.662788
v -0.792917 4.065372 -0.656270
v -0.796620 4.041551 -0.645684
v -0.801603 4.020672 -0.631438
v -0.807674 4.003537 -0.614080
v -0.814601 3.990804 -0.594275
v -0.822117 3.982963 -0.572787
v -0.819988 4.253237 -0.569443
v -0.810426 4.245397 -0.587717
v -0.801612 4.232664 -0.604558
v -0.793887 4.215528 -0.619319
v -0.787548 4.194649 -0.631433
v -0.782837 4.170828 -0.640435
v -0.779936 4.144980 -0.645978
v -0.778957 4.118100 -0.647850
v -0.779936 4.091220 -0.645978
v -0.782837 4.065372 -0.640435
v -0.787548 4.041551 -0.631433
v -0.793887 4.020672 -0.619319
v -0.801612 4.003537 -0.604558
v -0.810426 3.990804 -0.587717
v -0.819988 3.982963 -0.569443
v -0.818242 4.253237 -0.565370
v -0.807000 4.245397 -0.579726
v -0.796639 4.232664 -0.592956
v -0.787557 4.215528 -0.604553
v -0.780104 4.194649 -0.614070
v -0.774567 4.170828 -0.621142
v -0.771156 4.144980 -0.625497
v -0.770004 4.118100 -0.626967
v -0.771156 4.091220 -0.625497
v -0.774567 4.065372 -0.621142
v -0.780104 4.041551 -0.614070
v -0.787557 4.020672 -0.604553
v -0.796639 4.003537 -0.592956
v -0.807000 3.990804 -0.579726
v -0.818242 3.982963 -0.565370
v -0.816945 4.253237 -0.560721
v -0.804456 4.245397 -0.570609
v -0.792945 4.232664 -0.579720
v -0.782856 4.215528 -0.587707
v -0.774576 4.194649 -0.594261
v -0.768423 4.170828 -0.599132
v -0.764635 4.144980 -0.602130
v -0.763356 4.118100 -0.603143
v -0.764635 4.091220 -0.602130
v -0.768423 4.065372 -0.599132
v -0.774576 4.041551 -0.594261
v -0.782856 4.020672 -0.587707
v -0.792945 4.003537 -0.579720
v -0.804456 3.990804 -0.570609
v -0.816945 3.982963 -0.560721
v -0.816147 4.253237 -0.555679
v -0.802890 4.245397 -0.560716
v -0.790673 4.232664 -0.565360
v -0.779963 4.215528 -0.569429
v -0.771175 4.194649 -0.572769
v -0.764645 4.170828 -0.575250
v -0.760624 4.144980 -0.576778
v -0.759265 4.118100 -0.577294
v -0.760624 4.091220 -0.576778
v -0.764645 4.065372 -0.575250
v -0.771175 4.041551 -0.572769
v -0.779963 4.020672 -0.569429
v -0.790673 4.003537 -0.565360
v -0.802890 3.990804 -0.560716
v -0.816147 3.982963 -0.555679
v -0.815879 4.253237 -0.550435
v -0.802364 4.245397 -0.550430
v -0.789909 4.232664 -0.550426
v -0.778992 4.215528 -0.550422
v -0.770032 4.194649 -0.550418
v -0.763375 4.170828 -0.550416
v -0.759275 4.144980 -0.550414
v -0.757891 4.118100 -0.550414
v -0.759275 4.091220 -0.550414
v -0.763375 4.065372 -0.550416
v -0.770032 4.041551 -0.550418
v -0.778992 4.020672 -0.550422
v -0.789909 4.003537 -0.550426
v -0.802364 3.990804 -0.550430
v -0.815879 3.982963 -0.550435
v -0.816151 4.253237 -0.545190
v -0.802898 4.245397 -0.540143
v -0.790684 4.232664 -0.535492
v -0.779977 4.215528 -0.531414
v -0.771191 4.194649 -0.528068
v -0.764663 4.170828 -0.525581
v -0.760643 4.144980 -0.524051
v -0.759285 4.118100 -0.523533
v -0.760643 4.091220 -0.524051
v -0.764663 4.065372 -0.525581
v -0.771191 4.041551 -0.528068
v -0.779977 4.020672 -0.531414
v -0.790684 4.003537 -0.535492
v -0.802898 3.990804 -0.540143
v -0.816151 3.982963 -0.545190
v -0.816953 4.253237 -0.540148
v -0.804470 4.245397 -0.530253
v -0.792966 4.232664 -0.521133
v -0.782883 4.215528 -0.513138
v -0.774608 4.194649 -0.506578
v -0.768459 4.170828 -0.501703
v -0.764673 4.144980 -0.498701
v -0.763394 4.118100 -0.497688
v -0.764673 4.091220 -0.498701
v -0.768459 4.065372 -0.501703
v -0.774608 4.041551 -0.506578
v -0.782883 4.020672 -0.513138
v -0.792966 4.003537 -0.521133
v -0.804470 3.990804 -0.530253
v -0.816953 3.982963 -0.540148
v -0.818252 4.253237 -0.535502
v -0.807021 4.245397 -0.521138
v -0.796669 4.232664 -0.507899
v -0.787597 4.215528 -0.496296
v -0.780150 4.194649 -0.486773
v -0.774618 4.170828 -0.479698
v -0.771210 4.144980 -0.475340
v -0.770060 4.118100 -0.473869
v -0.771210 4.091220 -0.475340
v -0.774618 4.065372 -0.479698
v -0.780150 4.041551 -0.486773
v -0.787597 4.020672 -0.496296
v -0.796669 4.003537 -0.507899
v -0.807021 3.990804 -0.521138
v -0.818252 3.982963 -0.535502
v -0.820002 4.253237 -0.531428
v -0.810453 4.245397 -0.513148
v -0.801652 4.232664 -0.496301
v -0.793937 4.215528 -0.481534
v -0.787606 4.194649 -0.469416
v -0.782902 4.170828 -0.460411
v -0.780005 4.144980 -0.454865
v -0.779027 4.118100 -0.452993
v -0.780005 4.091220 -0.454865
v -0.782902 4.065372 -0.460411
v -0.787606 4.041551 -0.469416
v -0.793937 4.020672 -0.481534
v -0.801652 4.003537 -0.496301
v -0.810453 3.990804 -0.513148
v -0.820002 3.982963 -0.531428
v -0.822133 4.253237 -0.528086
v -0.814633 4.245397 -0.506592
v -0.807720 4.232664 -0.486783
v -0.801661 4.215528 -0.469421
v -0.796689 4.194649 -0.455171
v -0.792993 4.170828 -0.444584
v -0.790719 4.144980 -0.438063
v -0.789950 4.118100 -0.435861
v -0.790719 4.091220 -0.438063
v -0.792993 4.065372 -0.444584
v -0.796689 4.041551 -0.455171
v -0.801661 4.020672 -0.469421
v -0.807720 4.003537 -0.486783
v -0.814633 3.990804 -0.506592
v -0.822133 3.982963 -0.528086
v -0.829934 4.255885 -0.550440
v -0.824564 4.253237 -0.525603
v -0.819401 4.245397 -0.501721
v -0.814643 4.232664 -0.479712
v -0.810472 4.215528 -0.460421
v -0.807048 4.194649 -0.444589
v -0.804506 4.170828 -0.432824
v -0.802939 4.144980 -0.425579
v -0.802410 4.118100 -0.423133
v -0.802939 4.091220 -0.425579
v -0.804506 4.065372 -0.432824
v -0.807048 4.041551 -0.444589
v -0.810472 4.020672 -0.460421
v -0.814643 4.003537 -0.479712
v -0.819401 3.990804 -0.501721
v -0.824564 3.982963 -0.525603
v -0.827202 4.253237 -0.524075
v -0.824574 4.245397 -0.498723
v -0.822152 4.232664 -0.475359
v -0.820030 4.215528 -0.454879
v -0.818288 4.194649 -0.438073
v -0.816994 4.170828 -0.425584
v -0.816197 4.144980 -0.417894
v -0.815928 4.118100 -0.415298
v -0.816197 4.091220 -0.417894
v -0.816994 4.065372 -0.425584
v -0.818288 4.041551 -0.438073
v -0.820029 4.020672 -0.454879
v -0.822152 4.003537 -0.475359
v -0.824574 3.990804 -0.498723
v -0.827202 3.982963 -0.524075
v -0.829944 4.253237 -0.523559
v -0.829953 4.245397 -0.497712
v -0.829962 4.232664 -0.473891
v -0.829969 4.215528 -0.453011
v -0.829975 4.194649 -0.435876
v -0.829980 4.170828 -0.423143
v -0.829983 4.144980 -0.415303
v -0.829984 4.118100 -0.412655
v -0.829983 4.091220 -0.415303
v -0.829980 4.065372 -0.423143
v -0.829975 4.041551 -0.435876
v -0.829969 4.020672 -0.453011
v -0.829962 4.003537 -0.473891
v -0.829953 3.990804 -0.497712
v -0.829944 3.982963 -0.523559
v -0.832685 4.253237 -0.524077
v -0.835331 4.245397 -0.498727
v -0.837769 4.232664 -0.475365
v -0.839907 4.215528 -0.454887
v -0.841661 4.194649 -0.438081
v -0.842964 4.170828 -0.425594
v -0.843766 4.144980 -0.417904
v -0.844037 4.118100 -0.415308
v -0.843766 4.091220 -0.417904
v -0.842964 4.065372 -0.425594
v -0.841661 4.041551 -0.438081
v -0.839907 4.020672 -0.454887
v -0.837769 4.003537 -0.475365
v -0.835331 3.990804 -0.498727
v -0.832685 3.982963 -0.524077
v -0.835321 4.253237 -0.525607
v -0.840502 4.245397 -0.501729
v -0.845276 4.232664 -0.479723
v -0.849461 4.215528 -0.460435
v -0.852895 4.194649 -0.444605
v -0.855448 4.170828 -0.432842
v -0.857018 4.144980 -0.425599
v -0.857549 4.118100 -0.423153
v -0.857018 4.091220 -0.425599
v -0.855448 4.065372 -0.432842
v -0.852895 4.041551 -0.444605
v -0.849461 4.020672 -0.460435
v -0.845276 4.003537 -0.479723
v -0.840502 3.990804 -0.501729
v -0.835321 3.982963 -0.525607
v -0.837750 4.253237 -0.528092
v -0.845266 4.245397 -0.506603
v -0.852193 4.232664 -0.486799
v -0.858264 4.215528 -0.469441
v -0.863248 4.194649 -0.455195
v -0.866950 4.170828 -0.444610
v -0.869230 4.144980 -0.438091
v -0.869999 4.118100 -0.435890
v -0.869230 4.091220 -0.438091
v -0.866950 4.065372 -0.444610
v -0.863248 4.041551 -0.455195
v -0.858264 4.020672 -0.469441
v -0.852193 4.003537 -0.486799
v -0.845266 3.990804 -0.506603
v -0.837750 3.982963 -0.528092
v -0.839879 4.253237 -0.531436
v -0.849442 4.245397 -0.513162
v -0.858255 4.232664 -0.496321
v -0.865980 4.215528 -0.481560
v -0.872319 4.194649 -0.469446
v -0.877031 4.170828 -0.460445
v -0.879932 4.144980 -0.454901
v -0.880911 4.118100 -0.453029
v -0.879932 4.091220 -0.454901
v -0.877031 4.065372 -0.460445
v -0.872319 4.041551 -0.469446
v -0.865980 4.020672 -0.481560
v -0.858255 4.003537 -0.496321
v -0.849442 3.990804 -0.513162
v -0.839879 3.982963 -0.531436
v -0.841625 4.253237 -0.535510
v -0.852868 4.245397 -0.521154
v -0.863228 4.232664 -0.507923
v -0.872310 4.215528 -0.496326
v -0.879763 4.194649 -0.486809
v -0.885301 4.170828 -0.479738
v -0.888711 4.144980 -0.475383
v -0.889863 4.118100 -0.473913
v -0.888711 4.091220 -0.475383
v -0.885301 4.065372 -0.479738
v -0.879763 4.041551 -0.486809
v -0.872310 4.020672 -0.496326
v -0.863228 4.003537 -0.507923
v -0.852868 3.990804 -0.521154
v -0.841625 3.982963 -0.535510
v -0.842923 4.253237 -0.540158
v -0.855412 4.245397 -0.530271
v -0.866923 4.232664 -0.521159
v -0.877012 4.215528 -0.513172
v -0.885291 4.194649 -0.506618
v -0.891444 4.170828 -0.501747
v -0.895233 4.144980 -0.498749
v -0.896511 4.118100 -0.497736
v -0.895233 4.091220 -0.498749
v -0.891444 4.065372 -0.501747
v -0.885291 4.041551 -0.506618
v -0.877012 4.020672 -0.513172
v -0.866923 4.003537 -0.521159
v -0.855412 3.990804 -0.530271
v -0.842923 3.982963 -0.540158
v -0.843720 4.253237 -0.545200
v -0.856977 4.245397 -0.540163
v -0.869195 4.232664 -0.535520
v -0.879904 4.215528 -0.531450
v -0.888692 4.194649 -0.528110
v -0.895223 4.170828 -0.525628
v -0.899244 4.144980 -0.524101
v -0.900602 4.118100 -0.523584
v -0.899244 4.091220 -0.524101
v -0.895223 4.065372 -0.525628
v -0.888692 4.041551 -0.528110
v -0.879904 4.020672 -0.531450
v -0.869195 4.003537 -0.535520
v -0.856977 3.990804 -0.540163
v -0.843720 3.982963 -0.545200
v -0.901976 4.118100 -0.550466
v -0.900592 4.091220 -0.550466
v -0.896492 4.065372 -0.550464
v -0.857503 3.990804 -0.550450
v -0.843988 3.982963 -0.550445
v -0.829934 3.980316 -0.550440
vn -0.9433 0.3318 -0.0003
vn -0.8846 0.4663 -0.0003
vn -0.8770 0.4714 -0.0925
vn -0.9366 0.3360 -0.0989
vn -0.7846 -0.6200 -0.0003
vn -0.8846 -0.4663 -0.0003
vn -0.8770 -0.4715 -0.0924
vn -0.7761 -0.6253 -0.0815
vn -0.9771 0.2129 -0.0004
vn -0.9710 0.2158 -0.1025
vn -0.6167 -0.7872 -0.0002
vn -0.6083 -0.7912 -0.0633
vn -0.9946 0.1040 -0.0004
vn -0.9889 0.1055 -0.1044
vn -0.3533 -0.9355 -0.0001
vn -0.3478 -0.9369 -0.0352
vn -1.0000 -0.0000 -0.0004
vn -0.9945 -0.0000 -0.1050
vn -0.3533 0.9355 -0.0001
vn -0.0000 1.0000 -0.0000
vn -0.3478 0.9369 -0.0352
vn -0.0000 -1.0000 -0.0000
vn -0.9946 -0.1040 -0.0004
vn -0.9889 -0.1055 -0.1044
vn -0.6167 0.7872 -0.0002
vn -0.6083 0.7912 -0.0633
vn -0.9771 -0.2129 -0.0004
vn -0.9710 -0.2158 -0.1025
vn -0.7846 0.6200 -0.0003
vn -0.7761 0.6253 -0.0815
vn -0.9434 -0.3318 -0.0003
vn -0.9367 -0.3360 -0.0988
vn -0.9517 -0.2248 -0.2090
vn -0.9153 -0.3490 -0.2009
vn -0.7498 0.6411 -0.1637
vn -0.8531 0.4871 -0.1870
vn -0.8531 -0.4871 -0.1870
vn -0.9153 0.3490 -0.2009
vn -0.7498 -0.6411 -0.1637
vn -0.9517 0.2248 -0.2090
vn -0.5827 -0.8028 -0.1260
vn -0.9708 0.1101 -0.2132
vn -0.3312 -0.9410 -0.0697
vn -0.9767 -0.0000 -0.2146
vn -0.3312 0.9410 -0.0697
vn -0.9708 -0.1101 -0.2132
vn -0.5827 0.8029 -0.1260
vn -0.5387 -0.8213 -0.1877
vn -0.3033 -0.9473 -0.1030
vn -0.9359 0.1182 -0.3319
vn -0.9425 -0.0000 -0.3343
vn -0.3033 0.9473 -0.1030
vn -0.9359 -0.1182 -0.3319
vn -0.5387 0.8213 -0.1877
vn -0.9149 -0.2406 -0.3243
vn -0.7028 0.6670 -0.2472
vn -0.8753 -0.3713 -0.3100
vn -0.8090 0.5136 -0.2859
vn -0.8090 -0.5136 -0.2859
vn -0.8753 0.3713 -0.3100
vn -0.7028 -0.6670 -0.2472
vn -0.9149 0.2406 -0.3243
vn -0.8082 -0.4037 -0.4288
vn -0.7378 -0.5507 -0.3903
vn -0.7378 0.5507 -0.3903
vn -0.8082 0.4037 -0.4288
vn -0.6305 -0.7018 -0.3316
vn -0.8517 0.2640 -0.4527
vn -0.4745 -0.8449 -0.2470
vn -0.8753 0.1303 -0.4656
vn -0.2639 -0.9552 -0.1340
vn -0.8828 -0.0000 -0.4697
vn -0.2639 0.9552 -0.1340
vn -0.8753 -0.1303 -0.4656
vn -0.4744 0.8449 -0.2470
vn -0.8517 -0.2640 -0.4527
vn -0.6305 0.7018 -0.3317
vn -0.2129 0.9636 -0.1617
vn -0.2130 -0.9636 -0.1617
vn -0.7812 -0.0000 -0.6243
vn -0.7729 -0.1469 -0.6173
vn -0.3879 0.8709 -0.3017
vn -0.7469 -0.2953 -0.5958
vn -0.5266 0.7424 -0.4142
vn -0.7005 -0.4458 -0.5573
vn -0.6291 0.5967 -0.4983
vn -0.6290 -0.5967 -0.4982
vn -0.7005 0.4458 -0.5573
vn -0.5266 -0.7424 -0.4142
vn -0.7469 0.2953 -0.5958
vn -0.3879 -0.8709 -0.3017
vn -0.7729 0.1469 -0.6173
vn -0.4704 0.6456 -0.6016
vn -0.5339 0.4931 -0.6869
vn -0.4704 -0.6456 -0.6016
vn -0.3852 -0.7829 -0.4885
vn -0.5774 0.3320 -0.7459
vn -0.2779 -0.8953 -0.3481
vn -0.6027 0.1668 -0.7803
vn -0.1509 -0.9712 -0.1845
vn -0.6110 -0.0000 -0.7916
vn -0.1509 0.9712 -0.1845
vn -0.6027 -0.1668 -0.7803
vn -0.2779 0.8953 -0.3481
vn -0.5774 -0.3320 -0.7459
vn -0.3852 0.7829 -0.4885
vn -0.5339 -0.4931 -0.6869
vn -0.3457 -0.0000 -0.9383
vn -0.3401 -0.1851 -0.9220
vn -0.0788 0.9765 -0.2004
vn -0.1460 0.9132 -0.3806
vn -0.3232 -0.3649 -0.8732
vn -0.2057 0.8142 -0.5430
vn -0.2950 -0.5337 -0.7926
vn -0.2557 0.6856 -0.6816
vn -0.2557 -0.6856 -0.6816
vn -0.2950 0.5337 -0.7926
vn -0.2056 -0.8142 -0.5430
vn -0.3232 0.3649 -0.8732
vn -0.1460 -0.9131 -0.3806
vn -0.3401 0.1851 -0.9220
vn -0.0788 -0.9765 -0.2004
vn 0.0003 -0.7014 -0.7128
vn 0.0002 -0.8261 -0.5635
vn 0.0003 0.5503 -0.8350
vn 0.0003 0.3787 -0.9255
vn 0.0001 -0.9197 -0.3925
vn 0.0004 0.1929 -0.9812
vn 0.0001 -0.9785 -0.2062
vn 0.0004 -0.0000 -1.0000
vn 0.0001 0.9785 -0.2062
vn 0.0004 -0.1929 -0.9812
vn 0.0001 0.9198 -0.3925
vn 0.0003 -0.3787 -0.9255
vn 0.0002 0.8261 -0.5635
vn 0.0003 -0.5503 -0.8350
vn 0.0003 0.7014 -0.7128
vn 0.0789 0.9765 -0.2003
vn 0.1463 0.9131 -0.3805
vn 0.3408 -0.1851 -0.9217
vn 0.3238 -0.3649 -0.8729
vn 0.2061 0.8142 -0.5428
vn 0.2956 -0.5337 -0.7923
vn 0.2562 0.6856 -0.6815
vn 0.2562 -0.6856 -0.6815
vn 0.2956 0.5337 -0.7923
vn 0.2060 -0.8142 -0.5428
vn 0.3238 0.3649 -0.8729
vn 0.1463 -0.9131 -0.3805
vn 0.3408 0.1851 -0.9217
vn 0.0789 -0.9765 -0.2003
vn 0.3464 -0.0000 -0.9381
vn 0.5344 0.4931 -0.6865
vn 0.5780 0.3320 -0.7455
vn 0.3856 -0.7829 -0.4882
vn 0.2781 -0.8953 -0.3479
vn 0.6033 0.1668 -0.7799
vn 0.1510 -0.9712 -0.1844
vn 0.6115 -0.0000 -0.7912
vn 0.1510 0.9712 -0.1844
vn 0.6033 -0.1668 -0.7799
vn 0.2782 0.8953 -0.3479
vn 0.5779 -0.3320 -0.7455
vn 0.3856 0.7829 -0.4882
vn 0.5344 -0.4931 -0.6865
vn 0.4708 0.6456 -0.6012
vn 0.4708 -0.6456 -0.6012
vn 0.7733 -0.1469 -0.6168
vn 0.7473 -0.2953 -0.5952
vn 0.3881 0.8709 -0.3014
vn 0.5269 0.7424 -0.4138
vn 0.7009 -0.4458 -0.5568
vn 0.6294 0.5967 -0.4978
vn 0.6294 -0.5967 -0.4978
vn 0.7009 0.4458 -0.5568
vn 0.5269 -0.7424 -0.4138
vn 0.7473 0.2953 -0.5952
vn 0.3881 -0.8709 -0.3014
vn 0.7733 0.1469 -0.6168
vn 0.2131 -0.9636 -0.1615
vn 0.7817 -0.0000 -0.6237
vn 0.2131 0.9636 -0.1615
vn 0.6307 -0.7018 -0.3312
vn 0.4747 -0.8449 -0.2466
vn 0.8521 0.2640 -0.4520
vn 0.8757 0.1303 -0.4650
vn 0.2640 -0.9552 -0.1338
vn 0.8832 -0.0000 -0.4691
vn 0.2640 0.9552 -0.1338
vn 0.8757 -0.1303 -0.4650
vn 0.4746 0.8449 -0.2466
vn 0.8520 -0.2640 -0.4520
vn 0.6307 0.7018 -0.3312
vn 0.8085 -0.4037 -0.4282
vn 0.7381 0.5507 -0.3898
vn 0.7381 -0.5507 -0.3897
vn 0.8085 0.4037 -0.4282
vn 0.9151 -0.2406 -0.3236
vn 0.8755 -0.3713 -0.3093
vn 0.7030 0.6670 -0.2467
vn 0.8092 0.5136 -0.2853
vn 0.8092 -0.5136 -0.2853
vn 0.8755 0.3713 -0.3093
vn 0.7030 -0.6670 -0.2467
vn 0.9151 0.2405 -0.3236
vn 0.5389 -0.8213 -0.1873
vn 0.9361 0.1181 -0.3312
vn 0.3034 -0.9473 -0.1028
vn 0.9427 -0.0000 -0.3336
vn 0.3034 0.9473 -0.1028
vn 0.9361 -0.1181 -0.3312
vn 0.5388 0.8213 -0.1873
vn 0.5828 -0.8029 -0.1256
vn 0.3313 -0.9410 -0.0695
vn 0.9709 0.1101 -0.2125
vn 0.9769 -0.0000 -0.2138
vn 0.3313 0.9410 -0.0695
vn 0.9709 -0.1101 -0.2125
vn 0.5828 0.8029 -0.1256
vn 0.9519 -0.2248 -0.2083
vn 0.7499 0.6411 -0.1631
vn 0.9155 -0.3490 -0.2002
vn 0.8532 0.4871 -0.1863
vn 0.8532 -0.4871 -0.1863
vn 0.9155 0.3490 -0.2002
vn 0.7499 -0.6411 -0.1631
vn 0.9519 0.2248 -0.2083
vn 0.7762 0.6253 -0.0810
vn 0.8771 0.4714 -0.0918
vn 0.9367 -0.3360 -0.0982
vn 0.8771 -0.4715 -0.0918
vn 0.9367 0.3360 -0.0982
vn 0.7762 -0.6253 -0.0810
vn 0.9711 0.2158 -0.1018
vn 0.6083 -0.7912 -0.0629
vn 0.9890 0.1055 -0.1037
vn 0.3478 -0.9369 -0.0350
vn 0.9945 -0.0000 -0.1043
vn 0.3478 0.9369 -0.0350
vn 0.9890 -0.1055 -0.1037
vn 0.6083 0.7912 -0.0629
vn 0.9711 -0.2158 -0.1018
vn 0.9946 0.1040 0.0004
vn 1.0000 -0.0000 0.0004
vn 0.3533 0.9355 0.0001
vn 0.3533 -0.9355 0.0001
vn 0.9946 -0.1040 0.0004
vn 0.6167 0.7872 0.0002
vn 0.9771 -0.2129 0.0004
vn 0.7846 0.6200 0.0003
vn 0.9434 -0.3318 0.0003
vn 0.8846 0.4663 0.0003
vn 0.8846 -0.4663 0.0003
vn 0.9433 0.3318 0.0003
vn 0.7846 -0.6200 0.0003
vn 0.9771 0.2129 0.0004
vn 0.6167 -0.7872 0.0002
vn 0.9367 -0.3360 0.0988
vn 0.8770 -0.4715 0.0924
vn 0.8770 0.4714 0.0924
vn 0.9367 0.3360 0.0988
vn 0.7761 -0.6253 0.0815
vn 0.9710 0.2158 0.1025
vn 0.6083 -0.7912 0.0634
vn 0.9889 0.1055 0.1044
vn 0.3478 -0.9369 0.0352
vn 0.9945 -0.0000 0.1050
vn 0.3478 0.9369 0.0352
vn 0.9889 -0.1055 0.1044
vn 0.6083 0.7912 0.0634
vn 0.9710 -0.2158 0.1025
vn 0.7761 0.6253 0.0815
vn 0.3312 0.9410 0.0697
vn 0.3312 -0.9410 0.0697
vn 0.9767 -0.0000 0.2146
vn 0.9708 -0.1101 0.2132
vn 0.5827 0.8029 0.1260
vn 0.9517 -0.2248 0.2090
vn 0.7498 0.6411 0.1637
vn 0.9153 -0.3490 0.2009
vn 0.8531 0.4871 0.1869
vn 0.8531 -0.4871 0.1869
vn 0.9153 0.3490 0.2009
vn 0.7498 -0.6411 0.1637
vn 0.9517 0.2248 0.2090
vn 0.5827 -0.8029 0.1260
vn 0.9708 0.1101 0.2132
vn 0.8090 0.5136 0.2859
vn 0.8753 0.3713 0.3100
vn 0.8090 -0.5136 0.2859
vn 0.7028 -0.6670 0.2472
vn 0.9149 0.2405 0.3243
vn 0.5388 -0.8213 0.1876
vn 0.9359 0.1182 0.3319
vn 0.3033 -0.9473 0.1030
vn 0.9425 -0.0000 0.3343
vn 0.3033 0.9473 0.1030
vn 0.9359 -0.1182 0.3319
vn 0.5387 0.8213 0.1876
vn 0.9149 -0.2405 0.3243
vn 0.7028 0.6670 0.2472
vn 0.8753 -0.3713 0.3100
vn 0.8828 -0.0000 0.4697
vn 0.8753 -0.1303 0.4656
vn 0.2639 0.9552 0.1340
vn 0.4745 0.8449 0.2470
vn 0.8517 -0.2640 0.4527
vn 0.6305 0.7018 0.3317
vn 0.8082 -0.4037 0.4288
vn 0.7378 0.5507 0.3903
vn 0.7378 -0.5507 0.3903
vn 0.8082 0.4037 0.4288
vn 0.6305 -0.7018 0.3316
vn 0.8517 0.2640 0.4527
vn 0.4745 -0.8449 0.2470
vn 0.8754 0.1303 0.4656
vn 0.2639 -0.9552 0.1340
vn 0.6290 -0.5967 0.4983
vn 0.5266 -0.7424 0.4142
vn 0.7005 0.4458 0.5573
vn 0.7469 0.2953 0.5958
vn 0.3879 -0.8709 0.3017
vn 0.7729 0.1469 0.6173
vn 0.2130 -0.9636 0.1617
vn 0.7812 -0.0000 0.6243
vn 0.2130 0.9636 0.1617
vn 0.7729 -0.1469 0.6173
vn 0.3879 0.8709 0.3017
vn 0.7469 -0.2953 0.5958
vn 0.5266 0.7424 0.4142
vn 0.7005 -0.4458 0.5573
vn 0.6290 0.5967 0.4983
vn 0.6027 -0.1668 0.7803
vn 0.5774 -0.3320 0.7459
vn 0.2779 0.8953 0.3481
vn 0.3852 0.7829 0.4885
vn 0.5339 -0.4931 0.6869
vn 0.4704 0.6456 0.6016
vn 0.4704 -0.6456 0.6016
vn 0.5339 0.4931 0.6869
vn 0.3852 -0.7829 0.4885
vn 0.5774 0.3320 0.7459
vn 0.2779 -0.8953 0.3481
vn 0.6027 0.1668 0.7803
vn 0.1509 -0.9712 0.1845
vn 0.6110 -0.0000 0.7917
vn 0.1509 0.9712 0.1845
vn 0.2057 -0.8142 0.5430
vn 0.1460 -0.9131 0.3806
vn 0.3232 0.3649 0.8732
vn 0.3401 0.1851 0.9220
vn 0.0787 -0.9766 0.2004
vn 0.3457 -0.0000 0.9383
vn 0.0788 0.9766 0.2004
vn 0.3401 -0.1851 0.9220
vn 0.1460 0.9131 0.3806
vn 0.3232 -0.3649 0.8732
vn 0.2057 0.8142 0.5430
vn 0.2950 -0.5337 0.7926
vn 0.2557 0.6856 0.6816
vn 0.2557 -0.6856 0.6816
vn 0.2950 0.5337 0.7926
vn -0.0001 0.9198 0.3925
vn -0.0002 0.8261 0.5635
vn -0.0003 -0.3787 0.9255
vn -0.0003 -0.5503 0.8350
vn -0.0003 0.7014 0.7128
vn -0.0003 -0.7014 0.7128
vn -0.0003 0.5503 0.8350
vn -0.0002 -0.8261 0.5635
vn -0.0003 0.3786 0.9255
vn -0.0001 -0.9197 0.3925
vn -0.0004 0.1929 0.9812
vn -0.0001 -0.9785 0.2062
vn -0.0004 -0.0000 1.0000
vn -0.0001 0.9785 0.2062
vn -0.0004 -0.1929 0.9812
vn -0.3238 0.3649 0.8729
vn -0.3408 0.1851 0.9217
vn -0.1463 -0.9131 0.3805
vn -0.0789 -0.9766 0.2003
vn -0.3464 -0.0000 0.9381
vn -0.0789 0.9766 0.2003
vn -0.3408 -0.1851 0.9217
vn -0.1463 0.9131 0.3805
vn -0.3238 -0.3649 0.8729
vn -0.2061 0.8142 0.5428
vn -0.2956 -0.5337 0.7923
vn -0.2562 0.6856 0.6815
vn -0.2562 -0.6856 0.6814
vn -0.2956 0.5337 0.7923
vn -0.2061 -0.8142 0.5428
vn -0.5780 -0.3320 0.7455
vn -0.5344 -0.4931 0.6865
vn -0.3856 0.7829 0.4882
vn -0.4709 0.6456 0.6012
vn -0.4708 -0.6456 0.6012
vn -0.5344 0.4931 0.6865
vn -0.3856 -0.7829 0.4882
vn -0.5780 0.3320 0.7455
vn -0.2781 -0.8953 0.3479
vn -0.6033 0.1668 0.7799
vn -0.1510 -0.9712 0.1844
vn -0.6115 -0.0000 0.7912
vn -0.1511 0.9712 0.1844
vn -0.6033 -0.1668 0.7799
vn -0.2781 0.8953 0.3479
vn -0.3881 -0.8709 0.3014
vn -0.2131 -0.9636 0.1615
vn -0.7733 0.1469 0.6168
vn -0.7816 -0.0000 0.6237
vn -0.2131 0.9636 0.1615
vn -0.7733 -0.1469 0.6168
vn -0.3881 0.8709 0.3014
vn -0.7473 -0.2953 0.5952
vn -0.5269 0.7424 0.4139
vn -0.7009 -0.4458 0.5568
vn -0.6294 0.5967 0.4978
vn -0.6294 -0.5967 0.4978
vn -0.7009 0.4458 0.5568
vn -0.5269 -0.7424 0.4138
vn -0.7473 0.2953 0.5952
vn -0.6307 0.7018 0.3312
vn -0.7381 0.5507 0.3898
vn -0.8085 -0.4037 0.4282
vn -0.7381 -0.5507 0.3897
vn -0.8085 0.4037 0.4282
vn -0.6307 -0.7018 0.3312
vn -0.8521 0.2640 0.4520
vn -0.4747 -0.8449 0.2466
vn -0.8757 0.1303 0.4650
vn -0.2640 -0.9552 0.1338
vn -0.8832 -0.0000 0.4691
vn -0.2640 0.9552 0.1338
vn -0.8757 -0.1303 0.4650
vn -0.4746 0.8449 0.2466
vn -0.8521 -0.2640 0.4520
vn -0.9361 0.1182 0.3312
vn -0.9427 -0.0000 0.3336
vn -0.3034 0.9473 0.1028
vn -0.3034 -0.9473 0.1028
vn -0.9361 -0.1182 0.3312
vn -0.5388 0.8213 0.1873
vn -0.9151 -0.2406 0.3237
vn -0.7030 0.6670 0.2467
vn -0.8755 -0.3713 0.3093
vn -0.8092 0.5136 0.2853
vn -0.8092 -0.5136 0.2853
vn -0.8755 0.3713 0.3093
vn -0.7030 -0.6670 0.2467
vn -0.9151 0.2405 0.3237
vn -0.5389 -0.8213 0.1873
vn -0.9155 -0.3490 0.2002
vn -0.8532 -0.4871 0.1863
vn -0.8532 0.4871 0.1863
vn -0.9155 0.3490 0.2002
vn -0.7499 -0.6411 0.1631
vn -0.9519 0.2248 0.2083
vn -0.5828 -0.8028 0.1256
vn -0.9709 0.1101 0.2125
vn -0.3313 -0.9410 0.0695
vn -0.9769 -0.0000 0.2139
vn -0.3313 0.9410 0.0695
vn -0.9709 -0.1101 0.2125
vn -0.5828 0.8029 0.1256
vn -0.9519 -0.2248 0.2083
vn -0.7499 0.6411 0.1631
vn -0.3479 -0.9369 0.0350
vn -0.9945 -0.0000 0.1043
vn -0.9890 -0.1055 0.1037
vn -0.3479 0.9369 0.0350
vn -0.6083 0.7912 0.0629
vn -0.9711 -0.2158 0.1018
vn -0.7762 0.6253 0.0810
vn -0.9367 -0.3360 0.0982
vn -0.8771 0.4714 0.0918
vn -0.8771 -0.4715 0.0918
vn -0.9367 0.3360 0.0982
vn -0.7762 -0.6253 0.0810
vn -0.9711 0.2158 0.1018
vn -0.6084 -0.7912 0.0629
vn -0.9890 0.1055 0.1037
vt 0.750000 0.687500
vt 0.750000 0.750000
vt 0.718750 0.750000
vt 0.718750 0.687500
vt 0.750000 0.187500
vt 0.750000 0.250000
vt 0.718750 0.250000
vt 0.718750 0.187500
vt 0.750000 0.625000
vt 0.718750 0.625000
vt 0.750000 0.125000
vt 0.718750 0.125000
vt 0.750000 0.562500
vt 0.718750 0.562500
vt 0.750000 0.062500
vt 0.718750 0.062500
vt 0.750000 0.500000
vt 0.718750 0.500000
vt 0.750000 0.937500
vt 0.734375 1.000000
vt 0.718750 0.937500
vt 0.734375 0.000000
vt 0.750000 0.437500
vt 0.718750 0.437500
vt 0.750000 0.875000
vt 0.718750 0.875000
vt 0.750000 0.375000
vt 0.718750 0.375000
vt 0.750000 0.812500
vt 0.718750 0.812500
vt 0.750000 0.312500
vt 0.718750 0.312500
vt 0.687500 0.375000
vt 0.687500 0.312500
vt 0.687500 0.812500
vt 0.687500 0.750000
vt 0.687500 0.250000
vt 0.687500 0.687500
vt 0.687500 0.187500
vt 0.687500 0.625000
vt 0.687500 0.125000
vt 0.687500 0.562500
vt 0.687500 0.062500
vt 0.687500 0.500000
vt 0.703125 1.000000
vt 0.687500 0.937500
vt 0.703125 0.000000
vt 0.687500 0.437500
vt 0.687500 0.875000
vt 0.656250 0.125000
vt 0.656250 0.062500
vt 0.656250 0.562500
vt 0.656250 0.500000
vt 0.671875 1.000000
vt 0.656250 0.937500
vt 0.671875 0.000000
vt 0.656250 0.437500
vt 0.656250 0.875000
vt 0.656250 0.375000
vt 0.656250 0.812500
vt 0.656250 0.312500
vt 0.656250 0.750000
vt 0.656250 0.250000
vt 0.656250 0.687500
vt 0.656250 0.187500
vt 0.656250 0.625000
vt 0.625000 0.312500
vt 0.625000 0.250000
vt 0.625000 0.750000
vt 0.625000 0.687500
vt 0.625000 0.187500
vt 0.625000 0.625000
vt 0.625000 0.125000
vt 0.625000 0.562500
vt 0.625000 0.062500
vt 0.625000 0.500000
vt 0.640625 1.000000
vt 0.625000 0.937500
vt 0.640625 0.000000
vt 0.625000 0.437500
vt 0.625000 0.875000
vt 0.625000 0.375000
vt 0.625000 0.812500
vt 0.609375 1.000000
vt 0.593750 0.937500
vt 0.609375 0.000000
vt 0.593750 0.062500
vt 0.593750 0.500000
vt 0.593750 0.437500
vt 0.593750 0.875000
vt 0.593750 0.375000
vt 0.593750 0.812500
vt 0.593750 0.312500
vt 0.593750 0.750000
vt 0.593750 0.250000
vt 0.593750 0.687500
vt 0.593750 0.187500
vt 0.593750 0.625000
vt 0.593750 0.125000
vt 0.593750 0.562500
vt 0.562500 0.750000
vt 0.562500 0.687500
vt 0.562500 0.250000
vt 0.562500 0.187500
vt 0.562500 0.625000
vt 0.562500 0.125000
vt 0.562500 0.562500
vt 0.562500 0.062500
vt 0.562500 0.500000
vt 0.578125 1.000000
vt 0.562500 0.937500
vt 0.578125 0.000000
vt 0.562500 0.437500
vt 0.562500 0.875000
vt 0.562500 0.375000
vt 0.562500 0.812500
vt 0.562500 0.312500
vt 0.531250 0.500000
vt 0.531250 0.437500
vt 0.531250 0.937500
vt 0.531250 0.875000
vt 0.531250 0.375000
vt 0.531250 0.812500
vt 0.531250 0.312500
vt 0.531250 0.750000
vt 0.531250 0.250000
vt 0.531250 0.687500
vt 0.531250 0.187500
vt 0.531250 0.625000
vt 0.531250 0.125000
vt 0.531250 0.562500
vt 0.531250 0.062500
vt 0.546875 1.000000
vt 0.546875 0.000000
vt 0.500000 0.250000
vt 0.500000 0.187500
vt 0.500000 0.687500
vt 0.500000 0.625000
vt 0.500000 0.125000
vt 0.500000 0.562500
vt 0.500000 0.062500
vt 0.500000 0.500000
vt 0.515625 1.000000
vt 0.500000 0.937500
vt 0.515625 0.000000
vt 0.500000 0.437500
vt 0.500000 0.875000
vt 0.500000 0.375000
vt 0.500000 0.812500
vt 0.500000 0.312500
vt 0.500000 0.750000
vt 0.468750 0.937500
vt 0.468750 0.875000
vt 0.468750 0.437500
vt 0.468750 0.375000
vt 0.468750 0.812500
vt 0.468750 0.312500
vt 0.468750 0.750000
vt 0.468750 0.250000
vt 0.468750 0.687500
vt 0.468750 0.187500
vt 0.468750 0.625000
vt 0.468750 0.125000
vt 0.468750 0.562500
vt 0.468750 0.062500
vt 0.468750 0.500000
vt 0.484375 1.000000
vt 0.484375 0.000000
vt 0.437500 0.687500
vt 0.437500 0.625000
vt 0.437500 0.187500
vt 0.437500 0.125000
vt 0.437500 0.562500
vt 0.437500 0.062500
vt 0.437500 0.500000
vt 0.453125 1.000000
vt 0.437500 0.937500
vt 0.453125 0.000000
vt 0.437500 0.437500
vt 0.437500 0.875000
vt 0.437500 0.375000
vt 0.437500 0.812500
vt 0.437500 0.312500
vt 0.437500 0.750000
vt 0.437500 0.250000
vt 0.406250 0.437500
vt 0.406250 0.375000
vt 0.406250 0.875000
vt 0.406250 0.812500
vt 0.406250 0.312500
vt 0.406250 0.750000
vt 0.406250 0.250000
vt 0.406250 0.687500
vt 0.406250 0.187500
vt 0.406250 0.625000
vt 0.406250 0.125000
vt 0.406250 0.562500
vt 0.406250 0.062500
vt 0.406250 0.500000
vt 0.421875 1.000000
vt 0.406250 0.937500
vt 0.421875 0.000000
vt 0.375000 0.187500
vt 0.375000 0.125000
vt 0.375000 0.625000
vt 0.375000 0.562500
vt 0.375000 0.062500
vt 0.375000 0.500000
vt 0.390625 1.000000
vt 0.375000 0.937500
vt 0.390625 0.000000
vt 0.375000 0.437500
vt 0.375000 0.875000
vt 0.375000 0.375000
vt 0.375000 0.812500
vt 0.375000 0.312500
vt 0.375000 0.750000
vt 0.375000 0.250000
vt 0.375000 0.687500
vt 0.343750 0.375000
vt 0.343750 0.312500
vt 0.343750 0.812500
vt 0.343750 0.750000
vt 0.343750 0.250000
vt 0.343750 0.687500
vt 0.343750 0.187500
vt 0.343750 0.625000
vt 0.343750 0.125000
vt 0.343750 0.562500
vt 0.343750 0.062500
vt 0.343750 0.500000
vt 0.359375 1.000000
vt 0.343750 0.937500
vt 0.359375 0.000000
vt 0.343750 0.437500
vt 0.343750 0.875000
vt 0.312500 0.125000
vt 0.312500 0.062500
vt 0.312500 0.562500
vt 0.312500 0.500000
vt 0.328125 1.000000
vt 0.312500 0.937500
vt 0.328125 0.000000
vt 0.312500 0.437500
vt 0.312500 0.875000
vt 0.312500 0.375000
vt 0.312500 0.812500
vt 0.312500 0.312500
vt 0.312500 0.750000
vt 0.312500 0.250000
vt 0.312500 0.687500
vt 0.312500 0.187500
vt 0.312500 0.625000
vt 0.281250 0.812500
vt 0.281250 0.750000
vt 0.281250 0.312500
vt 0.281250 0.250000
vt 0.281250 0.687500
vt 0.281250 0.187500
vt 0.281250 0.625000
vt 0.281250 0.125000
vt 0.281250 0.562500
vt 0.281250 0.062500
vt 0.281250 0.500000
vt 0.296875 1.000000
vt 0.281250 0.937500
vt 0.296875 0.000000
vt 0.281250 0.437500
vt 0.281250 0.875000
vt 0.281250 0.375000
vt 0.250000 0.562500
vt 0.250000 0.500000
vt 0.265625 1.000000
vt 0.250000 0.937500
vt 0.265625 0.000000
vt 0.250000 0.062500
vt 0.250000 0.437500
vt 0.250000 0.875000
vt 0.250000 0.375000
vt 0.250000 0.812500
vt 0.250000 0.312500
vt 0.250000 0.750000
vt 0.250000 0.250000
vt 0.250000 0.687500
vt 0.250000 0.187500
vt 0.250000 0.625000
vt 0.250000 0.125000
vt 0.218750 0.312500
vt 0.218750 0.250000
vt 0.218750 0.750000
vt 0.218750 0.687500
vt 0.218750 0.187500
vt 0.218750 0.625000
vt 0.218750 0.125000
vt 0.218750 0.562500
vt 0.218750 0.062500
vt 0.218750 0.500000
vt 0.234375 1.000000
vt 0.218750 0.937500
vt 0.234375 0.000000
vt 0.218750 0.437500
vt 0.218750 0.875000
vt 0.218750 0.375000
vt 0.218750 0.812500
vt 0.203125 1.000000
vt 0.187500 0.937500
vt 0.203125 0.000000
vt 0.187500 0.062500
vt 0.187500 0.500000
vt 0.187500 0.437500
vt 0.187500 0.875000
vt 0.187500 0.375000
vt 0.187500 0.812500
vt 0.187500 0.312500
vt 0.187500 0.750000
vt 0.187500 0.250000
vt 0.187500 0.687500
vt 0.187500 0.187500
vt 0.187500 0.625000
vt 0.187500 0.125000
vt 0.187500 0.562500
vt 0.156250 0.750000
vt 0.156250 0.687500
vt 0.156250 0.250000
vt 0.156250 0.187500
vt 0.156250 0.625000
vt 0.156250 0.125000
vt 0.156250 0.562500
vt 0.156250 0.062500
vt 0.156250 0.500000
vt 0.171875 1.000000
vt 0.156250 0.937500
vt 0.171875 0.000000
vt 0.156250 0.437500
vt 0.156250 0.875000
vt 0.156250 0.375000
vt 0.156250 0.812500
vt 0.156250 0.312500
vt 0.125000 0.500000
vt 0.125000 0.437500
vt 0.125000 0.937500
vt 0.125000 0.875000
vt 0.125000 0.375000
vt 0.125000 0.812500
vt 0.125000 0.312500
vt 0.125000 0.750000
vt 0.125000 0.250000
vt 0.125000 0.687500
vt 0.125000 0.187500
vt 0.125000 0.625000
vt 0.125000 0.125000
vt 0.125000 0.562500
vt 0.125000 0.062500
vt 0.140625 1.000000
vt 0.140625 0.000000
vt 0.093750 0.250000
vt 0.093750 0.187500
vt 0.093750 0.687500
vt 0.093750 0.625000
vt 0.093750 0.125000
vt 0.093750 0.562500
vt 0.093750 0.062500
vt 0.093750 0.500000
vt 0.109375 1.000000
vt 0.093750 0.937500
vt 0.109375 0.000000
vt 0.093750 0.437500
vt 0.093750 0.875000
vt 0.093750 0.375000
vt 0.093750 0.812500
vt 0.093750 0.312500
vt 0.093750 0.750000
vt 0.062500 0.437500
vt 0.062500 0.375000
vt 0.062500 0.875000
vt 0.062500 0.812500
vt 0.062500 0.312500
vt 0.062500 0.750000
vt 0.062500 0.250000
vt 0.062500 0.687500
vt 0.062500 0.187500
vt 0.062500 0.625000
vt 0.062500 0.125000
vt 0.062500 0.562500
vt 0.062500 0.062500
vt 0.062500 0.500000
vt 0.078125 1.000000
vt 0.062500 0.937500
vt 0.078125 0.000000
vt 0.031250 0.187500
vt 0.031250 0.125000
vt 0.031250 0.625000
vt 0.031250 0.562500
vt 0.031250 0.062500
vt 0.031250 0.500000
vt 0.046875 1.000000
vt 0.031250 0.937500
vt 0.046875 0.000000
vt 0.031250 0.437500
vt 0.031250 0.875000
vt 0.031250 0.375000
vt 0.031250 0.812500
vt 0.031250 0.312500
vt 0.031250 0.750000
vt 0.031250 0.250000
vt 0.031250 0.687500
vt 0.000000 0.875000
vt 0.000000 0.812500
vt 0.000000 0.375000
vt 0.000000 0.312500
vt 0.000000 0.750000
vt 0.000000 0.250000
vt 0.000000 0.687500
vt 0.000000 0.187500
vt 0.000000 0.625000
vt 0.000000 0.125000
vt 0.000000 0.562500
vt 0.000000 0.062500
vt 0.000000 0.500000
vt 0.015625 1.000000
vt 0.000000 0.937500
vt 0.015625 0.000000
vt 0.000000 0.437500
vt 1.000000 0.562500
vt 1.000000 0.625000
vt 0.968750 0.625000
vt 0.968750 0.562500
vt 1.000000 0.062500
vt 1.000000 0.125000
vt 0.968750 0.125000
vt 0.968750 0.062500
vt 1.000000 0.500000
vt 0.968750 0.500000
vt 1.000000 0.937500
vt 0.984375 1.000000
vt 0.968750 0.937500
vt 0.984375 0.000000
vt 1.000000 0.437500
vt 0.968750 0.437500
vt 1.000000 0.875000
vt 0.968750 0.875000
vt 1.000000 0.375000
vt 0.968750 0.375000
vt 1.000000 0.812500
vt 0.968750 0.812500
vt 1.000000 0.312500
vt 0.968750 0.312500
vt 1.000000 0.750000
vt 0.968750 0.750000
vt 1.000000 0.250000
vt 0.968750 0.250000
vt 1.000000 0.687500
vt 0.968750 0.687500
vt 1.000000 0.187500
vt 0.968750 0.187500
vt 0.937500 0.375000
vt 0.937500 0.312500
vt 0.937500 0.812500
vt 0.937500 0.750000
vt 0.937500 0.250000
vt 0.937500 0.687500
vt 0.937500 0.187500
vt 0.937500 0.625000
vt 0.937500 0.125000
vt 0.937500 0.562500
vt 0.937500 0.062500
vt 0.937500 0.500000
vt 0.953125 1.000000
vt 0.937500 0.937500
vt 0.953125 0.000000
vt 0.937500 0.437500
vt 0.937500 0.875000
vt 0.906250 0.125000
vt 0.906250 0.062500
vt 0.906250 0.562500
vt 0.906250 0.500000
vt 0.921875 1.000000
vt 0.906250 0.937500
vt 0.921875 0.000000
vt 0.906250 0.437500
vt 0.906250 0.875000
vt 0.906250 0.375000
vt 0.906250 0.812500
vt 0.906250 0.312500
vt 0.906250 0.750000
vt 0.906250 0.250000
vt 0.906250 0.687500
vt 0.906250 0.187500
vt 0.906250 0.625000
vt 0.875000 0.812500
vt 0.875000 0.750000
vt 0.875000 0.312500
vt 0.875000 0.250000
vt 0.875000 0.687500
vt 0.875000 0.187500
vt 0.875000 0.625000
vt 0.875000 0.125000
vt 0.875000 0.562500
vt 0.875000 0.062500
vt 0.875000 0.500000
vt 0.890625 1.000000
vt 0.875000 0.937500
vt 0.890625 0.000000
vt 0.875000 0.437500
vt 0.875000 0.875000
vt 0.875000 0.375000
vt 0.843750 0.562500
vt 0.843750 0.500000
vt 0.859375 1.000000
vt 0.843750 0.937500
vt 0.859375 0.000000
vt 0.843750 0.062500
vt 0.843750 0.437500
vt 0.843750 0.875000
vt 0.843750 0.375000
vt 0.843750 0.812500
vt 0.843750 0.312500
vt 0.843750 0.750000
vt 0.843750 0.250000
vt 0.843750 0.687500
vt 0.843750 0.187500
vt 0.843750 0.625000
vt 0.843750 0.125000
vt 0.812500 0.312500
vt 0.812500 0.250000
vt 0.812500 0.750000
vt 0.812500 0.687500
vt 0.812500 0.187500
vt 0.812500 0.625000
vt 0.812500 0.125000
vt 0.812500 0.562500
vt 0.812500 0.062500
vt 0.812500 0.500000
vt 0.828125 1.000000
vt 0.812500 0.937500
vt 0.828125 0.000000
vt 0.812500 0.437500
vt 0.812500 0.875000
vt 0.812500 0.375000
vt 0.812500 0.812500
vt 0.796875 0.000000
vt 0.781250 0.062500
vt 0.781250 0.500000
vt 0.781250 0.437500
vt 0.781250 0.937500
vt 0.781250 0.875000
vt 0.781250 0.375000
vt 0.781250 0.812500
vt 0.781250 0.312500
vt 0.781250 0.750000
vt 0.781250 0.250000
vt 0.781250 0.687500
vt 0.781250 0.187500
vt 0.781250 0.625000
vt 0.781250 0.125000
vt 0.781250 0.562500
vt 0.796875 1.000000
vt 0.765625 1.000000
vt 0.765625 0.000000
s 1
usemtl None
f 2567/3704/2097 2566/3705/2098 2576/3706/2099 2577/3707/2100
f 2572/3708/2101 2571/3709/2102 2584/3710/2103 2585/3711/2104
f 2568/3712/2105 2567/3704/2097 2577/3707/2100 2578/3713/2106
f 3042/3714/2107 2572/3708/2101 2585/3711/2104 2586/3715/2108
f 2569/3716/2109 2568/3712/2105 2578/3713/2106 2579/3717/2110
f 3043/3718/2111 3042/3714/2107 2586/3715/2108 2587/3719/2112
f 3039/3720/2113 2569/3716/2109 2579/3717/2110 2580/3721/2114
f 2563/3722/2115 2888/3723/2116 2573/3724/2117
f 3044/3725/2118 3043/3718/2111 2587/3719/2112
f 3040/3726/2119 3039/3720/2113 2580/3721/2114 2581/3727/2120
f 2564/3728/2121 2563/3722/2115 2573/3724/2117 2574/3729/2122
f 3041/3730/2123 3040/3726/2119 2581/3727/2120 2582/3731/2124
f 2565/3732/2125 2564/3728/2121 2574/3729/2122 2575/3733/2126
f 2570/3734/2127 3041/3730/2123 2582/3731/2124 2583/3735/2128
f 2566/3705/2098 2565/3732/2125 2575/3733/2126 2576/3706/2099
f 2571/3709/2102 2570/3734/2127 2583/3735/2128 2584/3710/2103
f 2583/3735/2128 2582/3731/2124 2597/3736/2129 2598/3737/2130
f 2576/3706/2099 2575/3733/2126 2590/3738/2131 2591/3739/2132
f 2584/3710/2103 2583/3735/2128 2598/3737/2130 2599/3740/2133
f 2577/3707/2100 2576/3706/2099 2591/3739/2132 2592/3741/2134
f 2585/3711/2104 2584/3710/2103 2599/3740/2133 2600/3742/2135
f 2578/3713/2106 2577/3707/2100 2592/3741/2134 2593/3743/2136
f 2586/3715/2108 2585/3711/2104 2600/3742/2135 2601/3744/2137
f 2579/3717/2110 2578/3713/2106 2593/3743/2136 2594/3745/2138
f 2587/3719/2112 2586/3715/2108 2601/3744/2137 2602/3746/2139
f 2580/3721/2114 2579/3717/2110 2594/3745/2138 2595/3747/2140
f 2573/3724/2117 2888/3748/2116 2588/3749/2141
f 3044/3750/2118 2587/3719/2112 2602/3746/2139
f 2581/3727/2120 2580/3721/2114 2595/3747/2140 2596/3751/2142
f 2574/3729/2122 2573/3724/2117 2588/3749/2141 2589/3752/2143
f 2582/3731/2124 2581/3727/2120 2596/3751/2142 2597/3736/2129
f 2575/3733/2126 2574/3729/2122 2589/3752/2143 2590/3738/2131
f 2602/3746/2139 2601/3744/2137 2616/3753/2144 2617/3754/2145
f 2595/3747/2140 2594/3745/2138 2609/3755/2146 2610/3756/2147
f 2588/3749/2141 2888/3757/2116 2603/3758/2148
f 3044/3759/2118 2602/3746/2139 2617/3754/2145
f 2596/3751/2142 2595/3747/2140 2610/3756/2147 2611/3760/2149
f 2589/3752/2143 2588/3749/2141 2603/3758/2148 2604/3761/2150
f 2597/3736/2129 2596/3751/2142 2611/3760/2149 2612/3762/2151
f 2590/3738/2131 2589/3752/2143 2604/3761/2150 2605/3763/2152
f 2598/3737/2130 2597/3736/2129 2612/3762/2151 2613/3764/2153
f 2591/3739/2132 2590/3738/2131 2605/3763/2152 2606/3765/2154
f 2599/3740/2133 2598/3737/2130 2613/3764/2153 2614/3766/2155
f 2592/3741/2134 2591/3739/2132 2606/3765/2154 2607/3767/2156
f 2600/3742/2135 2599/3740/2133 2614/3766/2155 2615/3768/2157
f 2593/3743/2136 2592/3741/2134 2607/3767/2156 2608/3769/2158
f 2601/3744/2137 2600/3742/2135 2615/3768/2157 2616/3753/2144
f 2594/3745/2138 2593/3743/2136 2608/3769/2158 2609/3755/2146
f 2614/3766/2155 2613/3764/2153 2628/3770/2159 2629/3771/2160
f 2607/3767/2156 2606/3765/2154 2621/3772/2161 2622/3773/2162
f 2615/3768/2157 2614/3766/2155 2629/3771/2160 2630/3774/2163
f 2608/3769/2158 2607/3767/2156 2622/3773/2162 2623/3775/2164
f 2616/3753/2144 2615/3768/2157 2630/3774/2163 2631/3776/2165
f 2609/3755/2146 2608/3769/2158 2623/3775/2164 2624/3777/2166
f 2617/3754/2145 2616/3753/2144 2631/3776/2165 2632/3778/2167
f 2610/3756/2147 2609/3755/2146 2624/3777/2166 2625/3779/2168
f 2603/3758/2148 2888/3780/2116 2618/3781/2169
f 3044/3782/2118 2617/3754/2145 2632/3778/2167
f 2611/3760/2149 2610/3756/2147 2625/3779/2168 2626/3783/2170
f 2604/3761/2150 2603/3758/2148 2618/3781/2169 2619/3784/2171
f 2612/3762/2151 2611/3760/2149 2626/3783/2170 2627/3785/2172
f 2605/3763/2152 2604/3761/2150 2619/3784/2171 2620/3786/2173
f 2613/3764/2153 2612/3762/2151 2627/3785/2172 2628/3770/2159
f 2606/3765/2154 2605/3763/2152 2620/3786/2173 2621/3772/2161
f 2618/3781/2169 2888/3787/2116 2633/3788/2174
f 3044/3789/2118 2632/3778/2167 2647/3790/2175
f 2626/3783/2170 2625/3779/2168 2640/3791/2176 2641/3792/2177
f 2619/3784/2171 2618/3781/2169 2633/3788/2174 2634/3793/2178
f 2627/3785/2172 2626/3783/2170 2641/3792/2177 2642/3794/2179
f 2620/3786/2173 2619/3784/2171 2634/3793/2178 2635/3795/2180
f 2628/3770/2159 2627/3785/2172 2642/3794/2179 2643/3796/2181
f 2621/3772/2161 2620/3786/2173 2635/3795/2180 2636/3797/2182
f 2629/3771/2160 2628/3770/2159 2643/3796/2181 2644/3798/2183
f 2622/3773/2162 2621/3772/2161 2636/3797/2182 2637/3799/2184
f 2630/3774/2163 2629/3771/2160 2644/3798/2183 2645/3800/2185
f 2623/3775/2164 2622/3773/2162 2637/3799/2184 2638/3801/2186
f 2631/3776/2165 2630/3774/2163 2645/3800/2185 2646/3802/2187
f 2624/3777/2166 2623/3775/2164 2638/3801/2186 2639/3803/2188
f 2632/3778/2167 2631/3776/2165 2646/3802/2187 2647/3790/2175
f 2625/3779/2168 2624/3777/2166 2639/3803/2188 2640/3791/2176
f 2637/3799/2184 2636/3797/2182 2651/3804/2189 2652/3805/2190
f 2645/3800/2185 2644/3798/2183 2659/3806/2191 2660/3807/2192
f 2638/3801/2186 2637/3799/2184 2652/3805/2190 2653/3808/2193
f 2646/3802/2187 2645/3800/2185 2660/3807/2192 2661/3809/2194
f 2639/3803/2188 2638/3801/2186 2653/3808/2193 2654/3810/2195
f 2647/3790/2175 2646/3802/2187 2661/3809/2194 2662/3811/2196
f 2640/3791/2176 2639/3803/2188 2654/3810/2195 2655/3812/2197
f 2633/3788/2174 2888/3813/2116 2648/3814/2198
f 3044/3815/2118 2647/3790/2175 2662/3811/2196
f 2641/3792/2177 2640/3791/2176 2655/3812/2197 2656/3816/2199
f 2634/3793/2178 2633/3788/2174 2648/3814/2198 2649/3817/2200
f 2642/3794/2179 2641/3792/2177 2656/3816/2199 2657/3818/2201
f 2635/3795/2180 2634/3793/2178 2649/3817/2200 2650/3819/2202
f 2643/3796/2181 2642/3794/2179 2657/3818/2201 2658/3820/2203
f 2636/3797/2182 2635/3795/2180 2650/3819/2202 2651/3804/2189
f 2644/3798/2183 2643/3796/2181 2658/3820/2203 2659/3806/2191
f 2656/3816/2199 2655/3812/2197 2670/3821/2204 2671/3822/2205
f 2649/3817/2200 2648/3814/2198 2663/3823/2206 2664/3824/2207
f 2657/3818/2201 2656/3816/2199 2671/3822/2205 2672/3825/2208
f 2650/3819/2202 2649/3817/2200 2664/3824/2207 2665/3826/2209
f 2658/3820/2203 2657/3818/2201 2672/3825/2208 2673/3827/2210
f 2651/3804/2189 2650/3819/2202 2665/3826/2209 2666/3828/2211
f 2659/3806/2191 2658/3820/2203 2673/3827/2210 2674/3829/2212
f 2652/3805/2190 2651/3804/2189 2666/3828/2211 2667/3830/2213
f 2660/3807/2192 2659/3806/2191 2674/3829/2212 2675/3831/2214
f 2653/3808/2193 2652/3805/2190 2667/3830/2213 2668/3832/2215
f 2661/3809/2194 2660/3807/2192 2675/3831/2214 2676/3833/2216
f 2654/3810/2195 2653/3808/2193 2668/3832/2215 2669/3834/2217
f 2662/3811/2196 2661/3809/2194 2676/3833/2216 2677/3835/2218
f 2655/3812/2197 2654/3810/2195 2669/3834/2217 2670/3821/2204
f 2648/3814/2198 2888/3836/2116 2663/3823/2206
f 3044/3837/2118 2662/3811/2196 2677/3835/2218
f 2675/3831/2214 2674/3829/2212 2689/3838/2219 2690/3839/2220
f 2668/3832/2215 2667/3830/2213 2682/3840/2221 2683/3841/2222
f 2676/3833/2216 2675/3831/2214 2690/3839/2220 2691/3842/2223
f 2669/3834/2217 2668/3832/2215 2683/3841/2222 2684/3843/2224
f 2677/3835/2218 2676/3833/2216 2691/3842/2223 2692/3844/2225
f 2670/3821/2204 2669/3834/2217 2684/3843/2224 2685/3845/2226
f 2663/3823/2206 2888/3846/2116 2678/3847/2227
f 3044/3848/2118 2677/3835/2218 2692/3844/2225
f 2671/3822/2205 2670/3821/2204 2685/3845/2226 2686/3849/2228
f 2664/3824/2207 2663/3823/2206 2678/3847/2227 2679/3850/2229
f 2672/3825/2208 2671/3822/2205 2686/3849/2228 2687/3851/2230
f 2665/3826/2209 2664/3824/2207 2679/3850/2229 2680/3852/2231
f 2673/3827/2210 2672/3825/2208 2687/3851/2230 2688/3853/2232
f 2666/3828/2211 2665/3826/2209 2680/3852/2231 2681/3854/2233
f 2674/3829/2212 2673/3827/2210 2688/3853/2232 2689/3838/2219
f 2667/3830/2213 2666/3828/2211 2681/3854/2233 2682/3840/2221
f 2679/3850/2229 2678/3847/2227 2693/3855/2234 2694/3856/2235
f 2687/3851/2230 2686/3849/2228 2701/3857/2236 2702/3858/2237
f 2680/3852/2231 2679/3850/2229 2694/3856/2235 2695/3859/2238
f 2688/3853/2232 2687/3851/2230 2702/3858/2237 2703/3860/2239
f 2681/3854/2233 2680/3852/2231 2695/3859/2238 2696/3861/2240
f 2689/3838/2219 2688/3853/2232 2703/3860/2239 2704/3862/2241
f 2682/3840/2221 2681/3854/2233 2696/3861/2240 2697/3863/2242
f 2690/3839/2220 2689/3838/2219 2704/3862/2241 2705/3864/2243
f 2683/3841/2222 2682/3840/2221 2697/3863/2242 2698/3865/2244
f 2691/3842/2223 2690/3839/2220 2705/3864/2243 2706/3866/2245
f 2684/3843/2224 2683/3841/2222 2698/3865/2244 2699/3867/2246
f 2692/3844/2225 2691/3842/2223 2706/3866/2245 2707/3868/2247
f 2685/3845/2226 2684/3843/2224 2699/3867/2246 2700/3869/2248
f 2678/3847/2227 2888/3870/2116 2693/3855/2234
f 3044/3871/2118 2692/3844/2225 2707/3868/2247
f 2686/3849/2228 2685/3845/2226 2700/3869/2248 2701/3857/2236
f 2698/3865/2244 2697/3863/2242 2712/3872/2249 2713/3873/2250
f 2706/3866/2245 2705/3864/2243 2720/3874/2251 2721/3875/2252
f 2699/3867/2246 2698/3865/2244 2713/3873/2250 2714/3876/2253
f 2707/3868/2247 2706/3866/2245 2721/3875/2252 2722/3877/2254
f 2700/3869/2248 2699/3867/2246 2714/3876/2253 2715/3878/2255
f 2693/3855/2234 2888/3879/2116 2708/3880/2256
f 3044/3881/2118 2707/3868/2247 2722/3877/2254
f 2701/3857/2236 2700/3869/2248 2715/3878/2255 2716/3882/2257
f 2694/3856/2235 2693/3855/2234 2708/3880/2256 2709/3883/2258
f 2702/3858/2237 2701/3857/2236 2716/3882/2257 2717/3884/2259
f 2695/3859/2238 2694/3856/2235 2709/3883/2258 2710/3885/2260
f 2703/3860/2239 2702/3858/2237 2717/3884/2259 2718/3886/2261
f 2696/3861/2240 2695/3859/2238 2710/3885/2260 2711/3887/2262
f 2704/3862/2241 2703/3860/2239 2718/3886/2261 2719/3888/2263
f 2697/3863/2242 2696/3861/2240 2711/3887/2262 2712/3872/2249
f 2705/3864/2243 2704/3862/2241 2719/3888/2263 2720/3874/2251
f 2717/3884/2259 2716/3882/2257 2731/3889/2264 2732/3890/2265
f 2710/3885/2260 2709/3883/2258 2724/3891/2266 2725/3892/2267
f 2718/3886/2261 2717/3884/2259 2732/3890/2265 2733/3893/2268
f 2711/3887/2262 2710/3885/2260 2725/3892/2267 2726/3894/2269
f 2719/3888/2263 2718/3886/2261 2733/3893/2268 2734/3895/2270
f 2712/3872/2249 2711/3887/2262 2726/3894/2269 2727/3896/2271
f 2720/3874/2251 2719/3888/2263 2734/3895/2270 2735/3897/2272
f 2713/3873/2250 2712/3872/2249 2727/3896/2271 2728/3898/2273
f 2721/3875/2252 2720/3874/2251 2735/3897/2272 2736/3899/2274
f 2714/3876/2253 2713/3873/2250 2728/3898/2273 2729/3900/2275
f 2722/3877/2254 2721/3875/2252 2736/3899/2274 2737/3901/2276
f 2715/3878/2255 2714/3876/2253 2729/3900/2275 2730/3902/2277
f 2708/3880/2256 2888/3903/2116 2723/3904/2278
f 3044/3905/2118 2722/3877/2254 2737/3901/2276
f 2716/3882/2257 2715/3878/2255 2730/3902/2277 2731/3889/2264
f 2709/3883/2258 2708/3880/2256 2723/3904/2278 2724/3891/2266
f 2736/3899/2274 2735/3897/2272 2750/3906/2279 2751/3907/2280
f 2729/3900/2275 2728/3898/2273 2743/3908/2281 2744/3909/2282
f 2737/3901/2276 2736/3899/2274 2751/3907/2280 2752/3910/2283
f 2730/3902/2277 2729/3900/2275 2744/3909/2282 2745/3911/2284
f 2723/3904/2278 2888/3912/2116 2738/3913/2285
f 3044/3914/2118 2737/3901/2276 2752/3910/2283
f 2731/3889/2264 2730/3902/2277 2745/3911/2284 2746/3915/2286
f 2724/3891/2266 2723/3904/2278 2738/3913/2285 2739/3916/2287
f 2732/3890/2265 2731/3889/2264 2746/3915/2286 2747/3917/2288
f 2725/3892/2267 2724/3891/2266 2739/3916/2287 2740/3918/2289
f 2733/3893/2268 2732/3890/2265 2747/3917/2288 2748/3919/2290
f 2726/3894/2269 2725/3892/2267 2740/3918/2289 2741/3920/2291
f 2734/3895/2270 2733/3893/2268 2748/3919/2290 2749/3921/2292
f 2727/3896/2271 2726/3894/2269 2741/3920/2291 2742/3922/2293
f 2735/3897/2272 2734/3895/2270 2749/3921/2292 2750/3906/2279
f 2728/3898/2273 2727/3896/2271 2742/3922/2293 2743/3908/2281
f 2748/3919/2290 2747/3917/2288 2762/3923/2294 2763/3924/2295
f 2741/3920/2291 2740/3918/2289 2755/3925/2296 2756/3926/2297
f 2749/3921/2292 2748/3919/2290 2763/3924/2295 2764/3927/2298
f 2742/3922/2293 2741/3920/2291 2756/3926/2297 2757/3928/2299
f 2750/3906/2279 2749/3921/2292 2764/3927/2298 2765/3929/2300
f 2743/3908/2281 2742/3922/2293 2757/3928/2299 2758/3930/2301
f 2751/3907/2280 2750/3906/2279 2765/3929/2300 2766/3931/2302
f 2744/3909/2282 2743/3908/2281 2758/3930/2301 2759/3932/2303
f 2752/3910/2283 2751/3907/2280 2766/3931/2302 2767/3933/2304
f 2745/3911/2284 2744/3909/2282 2759/3932/2303 2760/3934/2305
f 2738/3913/2285 2888/3935/2116 2753/3936/2306
f 3044/3937/2118 2752/3910/2283 2767/3933/2304
f 2746/3915/2286 2745/3911/2284 2760/3934/2305 2761/3938/2307
f 2739/3916/2287 2738/3913/2285 2753/3936/2306 2754/3939/2308
f 2747/3917/2288 2746/3915/2286 2761/3938/2307 2762/3923/2294
f 2740/3918/2289 2739/3916/2287 2754/3939/2308 2755/3925/2296
f 2767/3933/2304 2766/3931/2302 2781/3940/2309 2782/3941/2310
f 2760/3934/2305 2759/3932/2303 2774/3942/2311 2775/3943/2312
f 2753/3936/2306 2888/3944/2116 2768/3945/2313
f 3044/3946/2118 2767/3933/2304 2782/3941/2310
f 2761/3938/2307 2760/3934/2305 2775/3943/2312 2776/3947/2314
f 2754/3939/2308 2753/3936/2306 2768/3945/2313 2769/3948/2315
f 2762/3923/2294 2761/3938/2307 2776/3947/2314 2777/3949/2316
f 2755/3925/2296 2754/3939/2308 2769/3948/2315 2770/3950/2317
f 2763/3924/2295 2762/3923/2294 2777/3949/2316 2778/3951/2318
f 2756/3926/2297 2755/3925/2296 2770/3950/2317 2771/3952/2319
f 2764/3927/2298 2763/3924/2295 2778/3951/2318 2779/3953/2320
f 2757/3928/2299 2756/3926/2297 2771/3952/2319 2772/3954/2321
f 2765/3929/2300 2764/3927/2298 2779/3953/2320 2780/3955/2322
f 2758/3930/2301 2757/3928/2299 2772/3954/2321 2773/3956/2323
f 2766/3931/2302 2765/3929/2300 2780/3955/2322 2781/3940/2309
f 2759/3932/2303 2758/3930/2301 2773/3956/2323 2774/3942/2311
f 2771/3952/2319 2770/3950/2317 2785/3957/2324 2786/3958/2325
f 2779/3953/2320 2778/3951/2318 2793/3959/2326 2794/3960/2327
f 2772/3954/2321 2771/3952/2319 2786/3958/2325 2787/3961/2328
f 2780/3955/2322 2779/3953/2320 2794/3960/2327 2795/3962/2329
f 2773/3956/2323 2772/3954/2321 2787/3961/2328 2788/3963/2330
f 2781/3940/2309 2780/3955/2322 2795/3962/2329 2796/3964/2331
f 2774/3942/2311 2773/3956/2323 2788/3963/2330 2789/3965/2332
f 2782/3941/2310 2781/3940/2309 2796/3964/2331 2797/3966/2333
f 2775/3943/2312 2774/3942/2311 2789/3965/2332 2790/3967/2334
f 2768/3945/2313 2888/3968/2116 2783/3969/2335
f 3044/3970/2118 2782/3941/2310 2797/3966/2333
f 2776/3947/2314 2775/3943/2312 2790/3967/2334 2791/3971/2336
f 2769/3948/2315 2768/3945/2313 2783/3969/2335 2784/3972/2337
f 2777/3949/2316 2776/3947/2314 2791/3971/2336 2792/3973/2338
f 2770/3950/2317 2769/3948/2315 2784/3972/2337 2785/3957/2324
f 2778/3951/2318 2777/3949/2316 2792/3973/2338 2793/3959/2326
f 2790/3967/2334 2789/3965/2332 2804/3974/2339 2805/3975/2340
f 2783/3969/2335 2888/3976/2116 2798/3977/2341
f 3044/3978/2118 2797/3966/2333 2812/3979/2342
f 2791/3971/2336 2790/3967/2334 2805/3975/2340 2806/3980/2343
f 2784/3972/2337 2783/3969/2335 2798/3977/2341 2799/3981/2344
f 2792/3973/2338 2791/3971/2336 2806/3980/2343 2807/3982/2345
f 2785/3957/2324 2784/3972/2337 2799/3981/2344 2800/3983/2346
f 2793/3959/2326 2792/3973/2338 2807/3982/2345 2808/3984/2347
f 2786/3958/2325 2785/3957/2324 2800/3983/2346 2801/3985/2348
f 2794/3960/2327 2793/3959/2326 2808/3984/2347 2809/3986/2349
f 2787/3961/2328 2786/3958/2325 2801/3985/2348 2802/3987/2350
f 2795/3962/2329 2794/3960/2327 2809/3986/2349 2810/3988/2351
f 2788/3963/2330 2787/3961/2328 2802/3987/2350 2803/3989/2352
f 2796/3964/2331 2795/3962/2329 2810/3988/2351 2811/3990/2353
f 2789/3965/2332 2788/3963/2330 2803/3989/2352 2804/3974/2339
f 2797/3966/2333 2796/3964/2331 2811/3990/2353 2812/3979/2342
f 2809/3986/2349 2808/3984/2347 2823/3991/2354 2824/3992/2355
f 2802/3987/2350 2801/3985/2348 2816/3993/2356 2817/3994/2357
f 2810/3988/2351 2809/3986/2349 2824/3992/2355 2825/3995/2358
f 2803/3989/2352 2802/3987/2350 2817/3994/2357 2818/3996/2359
f 2811/3990/2353 2810/3988/2351 2825/3995/2358 2826/3997/2360
f 2804/3974/2339 2803/3989/2352 2818/3996/2359 2819/3998/2361
f 2812/3979/2342 2811/3990/2353 2826/3997/2360 2827/3999/2362
f 2805/3975/2340 2804/3974/2339 2819/3998/2361 2820/4000/2363
f 2798/3977/2341 2888/4001/2116 2813/4002/2364
f 3044/4003/2118 2812/3979/2342 2827/3999/2362
f 2806/3980/2343 2805/3975/2340 2820/4000/2363 2821/4004/2365
f 2799/3981/2344 2798/3977/2341 2813/4002/2364 2814/4005/2366
f 2807/3982/2345 2806/3980/2343 2821/4004/2365 2822/4006/2367
f 2800/3983/2346 2799/3981/2344 2814/4005/2366 2815/4007/2368
f 2808/3984/2347 2807/3982/2345 2822/4006/2367 2823/3991/2354
f 2801/3985/2348 2800/3983/2346 2815/4007/2368 2816/3993/2356
f 2813/4002/2364 2888/4008/2116 2828/4009/2369
f 3044/4010/2118 2827/3999/2362 2842/4011/2370
f 2821/4004/2365 2820/4000/2363 2835/4012/2371 2836/4013/2372
f 2814/4005/2366 2813/4002/2364 2828/4009/2369 2829/4014/2373
f 2822/4006/2367 2821/4004/2365 2836/4013/2372 2837/4015/2374
f 2815/4007/2368 2814/4005/2366 2829/4014/2373 2830/4016/2375
f 2823/3991/2354 2822/4006/2367 2837/4015/2374 2838/4017/2376
f 2816/3993/2356 2815/4007/2368 2830/4016/2375 2831/4018/2377
f 2824/3992/2355 2823/3991/2354 2838/4017/2376 2839/4019/2378
f 2817/3994/2357 2816/3993/2356 2831/4018/2377 2832/4020/2379
f 2825/3995/2358 2824/3992/2355 2839/4019/2378 2840/4021/2380
f 2818/3996/2359 2817/3994/2357 2832/4020/2379 2833/4022/2381
f 2826/3997/2360 2825/3995/2358 2840/4021/2380 2841/4023/2382
f 2819/3998/2361 2818/3996/2359 2833/4022/2381 2834/4024/2383
f 2827/3999/2362 2826/3997/2360 2841/4023/2382 2842/4011/2370
f 2820/4000/2363 2819/3998/2361 2834/4024/2383 2835/4012/2371
f 2832/4020/2379 2831/4018/2377 2846/4025/2384 2847/4026/2385
f 2840/4021/2380 2839/4019/2378 2854/4027/2386 2855/4028/2387
f 2833/4022/2381 2832/4020/2379 2847/4026/2385 2848/4029/2388
f 2841/4023/2382 2840/4021/2380 2855/4028/2387 2856/4030/2389
f 2834/4024/2383 2833/4022/2381 2848/4029/2388 2849/4031/2390
f 2842/4011/2370 2841/4023/2382 2856/4030/2389 2857/4032/2391
f 2835/4012/2371 2834/4024/2383 2849/4031/2390 2850/4033/2392
f 2828/4009/2369 2888/4034/2116 2843/4035/2393
f 3044/4036/2118 2842/4011/2370 2857/4032/2391
f 2836/4013/2372 2835/4012/2371 2850/4033/2392 2851/4037/2394
f 2829/4014/2373 2828/4009/2369 2843/4035/2393 2844/4038/2395
f 2837/4015/2374 2836/4013/2372 2851/4037/2394 2852/4039/2396
f 2830/4016/2375 2829/4014/2373 2844/4038/2395 2845/4040/2397
f 2838/4017/2376 2837/4015/2374 2852/4039/2396 2853/4041/2398
f 2831/4018/2377 2830/4016/2375 2845/4040/2397 2846/4025/2384
f 2839/4019/2378 2838/4017/2376 2853/4041/2398 2854/4027/2386
f 2851/4037/2394 2850/4033/2392 2865/4042/2399 2866/4043/2400
f 2844/4038/2395 2843/4035/2393 2858/4044/2401 2859/4045/2402
f 2852/4039/2396 2851/4037/2394 2866/4043/2400 2867/4046/2403
f 2845/4040/2397 2844/4038/2395 2859/4045/2402 2860/4047/2404
f 2853/4041/2398 2852/4039/2396 2867/4046/2403 2868/4048/2405
f 2846/4025/2384 2845/4040/2397 2860/4047/2404 2861/4049/2406
f 2854/4027/2386 2853/4041/2398 2868/4048/2405 2869/4050/2407
f 2847/4026/2385 2846/4025/2384 2861/4049/2406 2862/4051/2408
f 2855/4028/2387 2854/4027/2386 2869/4050/2407 2870/4052/2409
f 2848/4029/2388 2847/4026/2385 2862/4051/2408 2863/4053/2410
f 2856/4030/2389 2855/4028/2387 2870/4052/2409 2871/4054/2411
f 2849/4031/2390 2848/4029/2388 2863/4053/2410 2864/4055/2412
f 2857/4032/2391 2856/4030/2389 2871/4054/2411 2872/4056/2413
f 2850/4033/2392 2849/4031/2390 2864/4055/2412 2865/4042/2399
f 2843/4035/2393 2888/4057/2116 2858/4044/2401
f 3044/4058/2118 2857/4032/2391 2872/4056/2413
f 2870/4052/2409 2869/4050/2407 2884/4059/2414 2885/4060/2415
f 2863/4053/2410 2862/4051/2408 2877/4061/2416 2878/4062/2417
f 2871/4054/2411 2870/4052/2409 2885/4060/2415 2886/4063/2418
f 2864/4055/2412 2863/4053/2410 2878/4062/2417 2879/4064/2419
f 2872/4056/2413 2871/4054/2411 2886/4063/2418 2887/4065/2420
f 2865/4042/2399 2864/4055/2412 2879/4064/2419 2880/4066/2421
f 2858/4044/2401 2888/4067/2116 2873/4068/2422
f 3044/4069/2118 2872/4056/2413 2887/4065/2420
f 2866/4043/2400 2865/4042/2399 2880/4066/2421 2881/4070/2423
f 2859/4045/2402 2858/4044/2401 2873/4068/2422 2874/4071/2424
f 2867/4046/2403 2866/4043/2400 2881/4070/2423 2882/4072/2425
f 2860/4047/2404 2859/4045/2402 2874/4071/2424 2875/4073/2426
f 2868/4048/2405 2867/4046/2403 2882/4072/2425 2883/4074/2427
f 2861/4049/2406 2860/4047/2404 2875/4073/2426 2876/4075/2428
f 2869/4050/2407 2868/4048/2405 2883/4074/2427 2884/4059/2414
f 2862/4051/2408 2861/4049/2406 2876/4075/2428 2877/4061/2416
f 2882/4072/2425 2881/4070/2423 2897/4076/2429 2898/4077/2430
f 2875/4073/2426 2874/4071/2424 2890/4078/2431 2891/4079/2432
f 2883/4074/2427 2882/4072/2425 2898/4077/2430 2899/4080/2433
f 2876/4075/2428 2875/4073/2426 2891/4079/2432 2892/4081/2434
f 2884/4059/2414 2883/4074/2427 2899/4080/2433 2900/4082/2435
f 2877/4061/2416 2876/4075/2428 2892/4081/2434 2893/4083/2436
f 2885/4060/2415 2884/4059/2414 2900/4082/2435 2901/4084/2437
f 2878/4062/2417 2877/4061/2416 2893/4083/2436 2894/4085/2438
f 2886/4063/2418 2885/4060/2415 2901/4084/2437 2902/4086/2439
f 2879/4064/2419 2878/4062/2417 2894/4085/2438 2895/4087/2440
f 2887/4065/2420 2886/4063/2418 2902/4086/2439 2903/4088/2441
f 2880/4066/2421 2879/4064/2419 2895/4087/2440 2896/4089/2442
f 2873/4068/2422 2888/4090/2116 2889/4091/2443
f 3044/4092/2118 2887/4065/2420 2903/4088/2441
f 2881/4070/2423 2880/4066/2421 2896/4089/2442 2897/4076/2429
f 2874/4071/2424 2873/4068/2422 2889/4091/2443 2890/4078/2431
f 2902/4086/2439 2901/4084/2437 2916/4093/2444 2917/4094/2445
f 2895/4087/2440 2894/4085/2438 2909/4095/2446 2910/4096/2447
f 2903/4088/2441 2902/4086/2439 2917/4094/2445 2918/4097/2448
f 2896/4089/2442 2895/4087/2440 2910/4096/2447 2911/4098/2449
f 2889/4091/2443 2888/4099/2116 2904/4100/2450
f 3044/4101/2118 2903/4088/2441 2918/4097/2448
f 2897/4076/2429 2896/4089/2442 2911/4098/2449 2912/4102/2451
f 2890/4078/2431 2889/4091/2443 2904/4100/2450 2905/4103/2452
f 2898/4077/2430 2897/4076/2429 2912/4102/2451 2913/4104/2453
f 2891/4079/2432 2890/4078/2431 2905/4103/2452 2906/4105/2454
f 2899/4080/2433 2898/4077/2430 2913/4104/2453 2914/4106/2455
f 2892/4081/2434 2891/4079/2432 2906/4105/2454 2907/4107/2456
f 2900/4082/2435 2899/4080/2433 2914/4106/2455 2915/4108/2457
f 2893/4083/2436 2892/4081/2434 2907/4107/2456 2908/4109/2458
f 2901/4084/2437 2900/4082/2435 2915/4108/2457 2916/4093/2444
f 2894/4085/2438 2893/4083/2436 2908/4109/2458 2909/4095/2446
f 2906/4105/2454 2905/4103/2452 2920/4110/2459 2921/4111/2460
f 2914/4106/2455 2913/4104/2453 2928/4112/2461 2929/4113/2462
f 2907/4107/2456 2906/4105/2454 2921/4111/2460 2922/4114/2463
f 2915/4108/2457 2914/4106/2455 2929/4113/2462 2930/4115/2464
f 2908/4109/2458 2907/4107/2456 2922/4114/2463 2923/4116/2465
f 2916/4093/2444 2915/4108/2457 2930/4115/2464 2931/4117/2466
f 2909/4095/2446 2908/4109/2458 2923/4116/2465 2924/4118/2467
f 2917/4094/2445 2916/4093/2444 2931/4117/2466 2932/4119/2468
f 2910/4096/2447 2909/4095/2446 2924/4118/2467 2925/4120/2469
f 2918/4097/2448 2917/4094/2445 2932/4119/2468 2933/4121/2470
f 2911/4098/2449 2910/4096/2447 2925/4120/2469 2926/4122/2471
f 2904/4100/2450 2888/4123/2116 2919/4124/2472
f 3044/4125/2118 2918/4097/2448 2933/4121/2470
f 2912/4102/2451 2911/4098/2449 2926/4122/2471 2927/4126/2473
f 2905/4103/2452 2904/4100/2450 2919/4124/2472 2920/4110/2459
f 2913/4104/2453 2912/4102/2451 2927/4126/2473 2928/4112/2461
f 2925/4127/2469 2924/4128/2467 2939/4129/2474 2940/4130/2475
f 2933/4131/2470 2932/4132/2468 2947/4133/2476 2948/4134/2477
f 2926/4135/2471 2925/4127/2469 2940/4130/2475 2941/4136/2478
f 2919/4137/2472 2888/4138/2116 2934/4139/2479
f 3044/4140/2118 2933/4131/2470 2948/4134/2477
f 2927/4141/2473 2926/4135/2471 2941/4136/2478 2942/4142/2480
f 2920/4143/2459 2919/4137/2472 2934/4139/2479 2935/4144/2481
f 2928/4145/2461 2927/4141/2473 2942/4142/2480 2943/4146/2482
f 2921/4147/2460 2920/4143/2459 2935/4144/2481 2936/4148/2483
f 2929/4149/2462 2928/4145/2461 2943/4146/2482 2944/4150/2484
f 2922/4151/2463 2921/4147/2460 2936/4148/2483 2937/4152/2485
f 2930/4153/2464 2929/4149/2462 2944/4150/2484 2945/4154/2486
f 2923/4155/2465 2922/4151/2463 2937/4152/2485 2938/4156/2487
f 2931/4157/2466 2930/4153/2464 2945/4154/2486 2946/4158/2488
f 2924/4128/2467 2923/4155/2465 2938/4156/2487 2939/4129/2474
f 2932/4132/2468 2931/4157/2466 2946/4158/2488 2947/4133/2476
f 2944/4150/2484 2943/4146/2482 2958/4159/2489 2959/4160/2490
f 2937/4152/2485 2936/4148/2483 2951/4161/2491 2952/4162/2492
f 2945/4154/2486 2944/4150/2484 2959/4160/2490 2960/4163/2493
f 2938/4156/2487 2937/4152/2485 2952/4162/2492 2953/4164/2494
f 2946/4158/2488 2945/4154/2486 2960/4163/2493 2961/4165/2495
f 2939/4129/2474 2938/4156/2487 2953/4164/2494 2954/4166/2496
f 2947/4133/2476 2946/4158/2488 2961/4165/2495 2962/4167/2497
f 2940/4130/2475 2939/4129/2474 2954/4166/2496 2955/4168/2498
f 2948/4134/2477 2947/4133/2476 2962/4167/2497 2963/4169/2499
f 2941/4136/2478 2940/4130/2475 2955/4168/2498 2956/4170/2500
f 2934/4139/2479 2888/4171/2116 2949/4172/2501
f 3044/4173/2118 2948/4134/2477 2963/4169/2499
f 2942/4142/2480 2941/4136/2478 2956/4170/2500 2957/4174/2502
f 2935/4144/2481 2934/4139/2479 2949/4172/2501 2950/4175/2503
f 2943/4146/2482 2942/4142/2480 2957/4174/2502 2958/4159/2489
f 2936/4148/2483 2935/4144/2481 2950/4175/2503 2951/4161/2491
f 2963/4169/2499 2962/4167/2497 2977/4176/2504 2978/4177/2505
f 2956/4170/2500 2955/4168/2498 2970/4178/2506 2971/4179/2507
f 2949/4172/2501 2888/4180/2116 2964/4181/2508
f 3044/4182/2118 2963/4169/2499 2978/4177/2505
f 2957/4174/2502 2956/4170/2500 2971/4179/2507 2972/4183/2509
f 2950/4175/2503 2949/4172/2501 2964/4181/2508 2965/4184/2510
f 2958/4159/2489 2957/4174/2502 2972/4183/2509 2973/4185/2511
f 2951/4161/2491 2950/4175/2503 2965/4184/2510 2966/4186/2512
f 2959/4160/2490 2958/4159/2489 2973/4185/2511 2974/4187/2513
f 2952/4162/2492 2951/4161/2491 2966/4186/2512 2967/4188/2514
f 2960/4163/2493 2959/4160/2490 2974/4187/2513 2975/4189/2515
f 2953/4164/2494 2952/4162/2492 2967/4188/2514 2968/4190/2516
f 2961/4165/2495 2960/4163/2493 2975/4189/2515 2976/4191/2517
f 2954/4166/2496 2953/4164/2494 2968/4190/2516 2969/4192/2518
f 2962/4167/2497 2961/4165/2495 2976/4191/2517 2977/4176/2504
f 2955/4168/2498 2954/4166/2496 2969/4192/2518 2970/4178/2506
f 2967/4188/2514 2966/4186/2512 2981/4193/2519 2982/4194/2520
f 2975/4189/2515 2974/4187/2513 2989/4195/2521 2990/4196/2522
f 2968/4190/2516 2967/4188/2514 2982/4194/2520 2983/4197/2523
f 2976/4191/2517 2975/4189/2515 2990/4196/2522 2991/4198/2524
f 2969/4192/2518 2968/4190/2516 2983/4197/2523 2984/4199/2525
f 2977/4176/2504 2976/4191/2517 2991/4198/2524 2992/4200/2526
f 2970/4178/2506 2969/4192/2518 2984/4199/2525 2985/4201/2527
f 2978/4177/2505 2977/4176/2504 2992/4200/2526 2993/4202/2528
f 2971/4179/2507 2970/4178/2506 2985/4201/2527 2986/4203/2529
f 2964/4181/2508 2888/4204/2116 2979/4205/2530
f 3044/4206/2118 2978/4177/2505 2993/4202/2528
f 2972/4183/2509 2971/4179/2507 2986/4203/2529 2987/4207/2531
f 2965/4184/2510 2964/4181/2508 2979/4205/2530 2980/4208/2532
f 2973/4185/2511 2972/4183/2509 2987/4207/2531 2988/4209/2533
f 2966/4186/2512 2965/4184/2510 2980/4208/2532 2981/4193/2519
f 2974/4187/2513 2973/4185/2511 2988/4209/2533 2989/4195/2521
f 2986/4203/2529 2985/4201/2527 3000/4210/2534 3001/4211/2535
f 2979/4205/2530 2888/4212/2116 2994/4213/2536
f 3044/4214/2118 2993/4202/2528 3008/4215/2537
f 2987/4207/2531 2986/4203/2529 3001/4211/2535 3002/4216/2538
f 2980/4208/2532 2979/4205/2530 2994/4213/2536 2995/4217/2539
f 2988/4209/2533 2987/4207/2531 3002/4216/2538 3003/4218/2540
f 2981/4193/2519 2980/4208/2532 2995/4217/2539 2996/4219/2541
f 2989/4195/2521 2988/4209/2533 3003/4218/2540 3004/4220/2542
f 2982/4194/2520 2981/4193/2519 2996/4219/2541 2997/4221/2543
f 2990/4196/2522 2989/4195/2521 3004/4220/2542 3005/4222/2544
f 2983/4197/2523 2982/4194/2520 2997/4221/2543 2998/4223/2545
f 2991/4198/2524 2990/4196/2522 3005/4222/2544 3006/4224/2546
f 2984/4199/2525 2983/4197/2523 2998/4223/2545 2999/4225/2547
f 2992/4200/2526 2991/4198/2524 3006/4224/2546 3007/4226/2548
f 2985/4201/2527 2984/4199/2525 2999/4225/2547 3000/4210/2534
f 2993/4202/2528 2992/4200/2526 3007/4226/2548 3008/4215/2537
f 3005/4222/2544 3004/4220/2542 3019/4227/2549 3020/4228/2550
f 2998/4223/2545 2997/4221/2543 3012/4229/2551 3013/4230/2552
f 3006/4224/2546 3005/4222/2544 3020/4228/2550 3021/4231/2553
f 2999/4225/2547 2998/4223/2545 3013/4230/2552 3014/4232/2554
f 3007/4226/2548 3006/4224/2546 3021/4231/2553 3022/4233/2555
f 3000/4210/2534 2999/4225/2547 3014/4232/2554 3015/4234/2556
f 3008/4215/2537 3007/4226/2548 3022/4233/2555 3023/4235/2557
f 3001/4211/2535 3000/4210/2534 3015/4234/2556 3016/4236/2558
f 2994/4213/2536 2888/4237/2116 3009/4238/2559
f 3044/4239/2118 3008/4215/2537 3023/4235/2557
f 3002/4216/2538 3001/4211/2535 3016/4236/2558 3017/4240/2560
f 2995/4217/2539 2994/4213/2536 3009/4238/2559 3010/4241/2561
f 3003/4218/2540 3002/4216/2538 3017/4240/2560 3018/4242/2562
f 2996/4219/2541 2995/4217/2539 3010/4241/2561 3011/4243/2563
f 3004/4220/2542 3003/4218/2540 3018/4242/2562 3019/4227/2549
f 2997/4221/2543 2996/4219/2541 3011/4243/2563 3012/4229/2551
f 3044/4244/2118 3023/4235/2557 3038/4245/2564
f 3017/4240/2560 3016/4236/2558 3031/4246/2565 3032/4247/2566
f 3010/4241/2561 3009/4238/2559 3024/4248/2567 3025/4249/2568
f 3018/4242/2562 3017/4240/2560 3032/4247/2566 3033/4250/2569
f 3011/4243/2563 3010/4241/2561 3025/4249/2568 3026/4251/2570
f 3019/4227/2549 3018/4242/2562 3033/4250/2569 3034/4252/2571
f 3012/4229/2551 3011/4243/2563 3026/4251/2570 3027/4253/2572
f 3020/4228/2550 3019/4227/2549 3034/4252/2571 3035/4254/2573
f 3013/4230/2552 3012/4229/2551 3027/4253/2572 3028/4255/2574
f 3021/4231/2553 3020/4228/2550 3035/4254/2573 3036/4256/2575
f 3014/4232/2554 3013/4230/2552 3028/4255/2574 3029/4257/2576
f 3022/4233/2555 3021/4231/2553 3036/4256/2575 3037/4258/2577
f 3015/4234/2556 3014/4232/2554 3029/4257/2576 3030/4259/2578
f 3023/4235/2557 3022/4233/2555 3037/4258/2577 3038/4245/2564
f 3016/4236/2558 3015/4234/2556 3030/4259/2578 3031/4246/2565
f 3009/4238/2559 2888/4260/2116 3024/4248/2567
f 3036/4256/2575 3035/4254/2573 2571/3709/2102 2572/3708/2101
f 3029/4257/2576 3028/4255/2574 2567/3704/2097 2568/3712/2105
f 3037/4258/2577 3036/4256/2575 2572/3708/2101 3042/3714/2107
f 3030/4259/2578 3029/4257/2576 2568/3712/2105 2569/3716/2109
f 3038/4245/2564 3037/4258/2577 3042/3714/2107 3043/3718/2111
f 3031/4246/2565 3030/4259/2578 2569/3716/2109 3039/3720/2113
f 3024/4248/2567 2888/4261/2116 2563/3722/2115
f 3044/4262/2118 3038/4245/2564 3043/3718/2111
f 3032/4247/2566 3031/4246/2565 3039/3720/2113 3040/3726/2119
f 3025/4249/2568 3024/4248/2567 2563/3722/2115 2564/3728/2121
f 3033/4250/2569 3032/4247/2566 3040/3726/2119 3041/3730/2123
f 3026/4251/2570 3025/4249/2568 2564/3728/2121 2565/3732/2125
f 3034/4252/2571 3033/4250/2569 3041/3730/2123 2570/3734/2127
f 3027/4253/2572 3026/4251/2570 2565/3732/2125 2566/3705/2098
f 3035/4254/2573 3034/4252/2571 2570/3734/2127 2571/3709/2102
f 3028/4255/2574 3027/4253/2572 2566/3705/2098 2567/3704/2097
o Sphere.005_Sphere.006
v 1.194193 4.253237 -0.549708
v 1.180679 4.245397 -0.549713
v 1.168223 4.232664 -0.549718
v 1.157306 4.215528 -0.549722
v 1.148347 4.194649 -0.549725
v 1.141689 4.170828 -0.549727
v 1.137590 4.144980 -0.549729
v 1.148347 4.041551 -0.549725
v 1.157306 4.020672 -0.549722
v 1.168223 4.003537 -0.549718
v 1.194465 4.253237 -0.554952
v 1.181211 4.245397 -0.559999
v 1.168997 4.232664 -0.564651
v 1.158292 4.215528 -0.568728
v 1.149506 4.194649 -0.572074
v 1.142977 4.170828 -0.574561
v 1.138956 4.144980 -0.576092
v 1.137600 4.118100 -0.576609
v 1.138956 4.091220 -0.576092
v 1.142977 4.065372 -0.574561
v 1.149506 4.041551 -0.572074
v 1.158292 4.020672 -0.568728
v 1.168997 4.003537 -0.564651
v 1.181211 3.990804 -0.559999
v 1.194465 3.982963 -0.554952
v 1.195266 4.253237 -0.559994
v 1.182784 4.245397 -0.569890
v 1.171280 4.232664 -0.579010
v 1.161197 4.215528 -0.587004
v 1.152922 4.194649 -0.593564
v 1.146773 4.170828 -0.598439
v 1.142987 4.144980 -0.601441
v 1.141708 4.118100 -0.602454
v 1.142987 4.091220 -0.601441
v 1.146773 4.065372 -0.598439
v 1.152922 4.041551 -0.593564
v 1.161197 4.020672 -0.587004
v 1.171280 4.003537 -0.579010
v 1.182784 3.990804 -0.569890
v 1.195266 3.982963 -0.559994
v 1.196567 4.253237 -0.564641
v 1.185335 4.245397 -0.579005
v 1.174984 4.232664 -0.592243
v 1.165910 4.215528 -0.603846
v 1.158465 4.194649 -0.613369
v 1.152931 4.170828 -0.620445
v 1.149525 4.144980 -0.624802
v 1.148374 4.118100 -0.626274
v 1.149525 4.091220 -0.624802
v 1.152931 4.065372 -0.620445
v 1.158465 4.041551 -0.613369
v 1.165910 4.020672 -0.603846
v 1.174984 4.003537 -0.592243
v 1.185335 3.990804 -0.579005
v 1.196567 3.982963 -0.564641
v 1.198317 4.253237 -0.568714
v 1.188766 4.245397 -0.586994
v 1.179965 4.232664 -0.603841
v 1.172252 4.215528 -0.618608
v 1.165920 4.194649 -0.630726
v 1.161216 4.170828 -0.639732
v 1.158319 4.144980 -0.645277
v 1.157341 4.118100 -0.647150
v 1.158319 4.091220 -0.645277
v 1.161216 4.065372 -0.639732
v 1.165920 4.041551 -0.630726
v 1.172252 4.020672 -0.618608
v 1.179965 4.003537 -0.603841
v 1.188766 3.990804 -0.586994
v 1.198317 3.982963 -0.568714
v 1.200448 4.253237 -0.572056
v 1.192947 4.245397 -0.593550
v 1.186035 4.232664 -0.613359
v 1.179975 4.215528 -0.630721
v 1.175003 4.194649 -0.644971
v 1.171308 4.170828 -0.655559
v 1.169032 4.144980 -0.662079
v 1.168264 4.118100 -0.664281
v 1.169032 4.091220 -0.662079
v 1.171308 4.065372 -0.655559
v 1.175003 4.041551 -0.644971
v 1.179975 4.020672 -0.630721
v 1.186035 4.003537 -0.613359
v 1.192947 3.990804 -0.593550
v 1.200448 3.982963 -0.572056
v 1.202879 4.253237 -0.574539
v 1.197715 4.245397 -0.598421
v 1.192956 4.232664 -0.620431
v 1.188785 4.215528 -0.639722
v 1.185363 4.194649 -0.655554
v 1.182819 4.170828 -0.667318
v 1.181253 4.144980 -0.674563
v 1.180725 4.118100 -0.677009
v 1.181253 4.091220 -0.674563
v 1.182819 4.065372 -0.667318
v 1.185363 4.041551 -0.655554
v 1.188785 4.020672 -0.639722
v 1.192956 4.003537 -0.620431
v 1.197715 3.990804 -0.598421
v 1.202879 3.982963 -0.574539
v 1.205515 4.253237 -0.576068
v 1.202888 4.245397 -0.601419
v 1.200467 4.232664 -0.624784
v 1.198344 4.215528 -0.645263
v 1.196602 4.194649 -0.662069
v 1.195308 4.170828 -0.674558
v 1.194511 4.144980 -0.682248
v 1.194242 4.118100 -0.684845
v 1.194511 4.091220 -0.682248
v 1.195308 4.065372 -0.674558
v 1.196602 4.041551 -0.662069
v 1.198344 4.020672 -0.645263
v 1.200467 4.003537 -0.624784
v 1.202888 3.990804 -0.601419
v 1.205515 3.982963 -0.576068
v 1.208257 4.253237 -0.576583
v 1.208267 4.245397 -0.602430
v 1.208275 4.232664 -0.626252
v 1.208283 4.215528 -0.647131
v 1.208289 4.194649 -0.664266
v 1.208294 4.170828 -0.676999
v 1.208297 4.144980 -0.684840
v 1.208297 4.118100 -0.687487
v 1.208297 4.091220 -0.684840
v 1.208294 4.065372 -0.676999
v 1.208289 4.041551 -0.664266
v 1.208283 4.020672 -0.647131
v 1.208275 4.003537 -0.626252
v 1.208267 3.990804 -0.602430
v 1.208257 3.982963 -0.576583
v 1.210999 4.253237 -0.576066
v 1.213645 4.245397 -0.601415
v 1.216084 4.232664 -0.624778
v 1.218220 4.215528 -0.645255
v 1.219974 4.194649 -0.662061
v 1.221278 4.170828 -0.674548
v 1.222081 4.144980 -0.682238
v 1.222352 4.118100 -0.684835
v 1.222081 4.091220 -0.682238
v 1.221278 4.065372 -0.674548
v 1.219974 4.041551 -0.662061
v 1.218220 4.020672 -0.645255
v 1.216084 4.003537 -0.624778
v 1.213645 3.990804 -0.601415
v 1.210999 3.982963 -0.576066
v 1.213636 4.253237 -0.574535
v 1.218816 4.245397 -0.598413
v 1.223590 4.232664 -0.620420
v 1.227775 4.215528 -0.639708
v 1.231209 4.194649 -0.655538
v 1.233761 4.170828 -0.667300
v 1.235333 4.144980 -0.674543
v 1.235864 4.118100 -0.676989
v 1.235333 4.091220 -0.674543
v 1.233761 4.065372 -0.667300
v 1.231209 4.041551 -0.655538
v 1.227775 4.020672 -0.639708
v 1.223590 4.003537 -0.620420
v 1.218816 3.990804 -0.598413
v 1.213636 3.982963 -0.574535
v 1.216065 4.253237 -0.572050
v 1.223580 4.245397 -0.593539
v 1.230508 4.232664 -0.613343
v 1.236579 4.215528 -0.630701
v 1.241562 4.194649 -0.644947
v 1.245264 4.170828 -0.655533
v 1.247544 4.144980 -0.662051
v 1.248314 4.118100 -0.664252
v 1.247544 4.091220 -0.662051
v 1.245264 4.065372 -0.655533
v 1.241562 4.041551 -0.644947
v 1.236579 4.020672 -0.630701
v 1.230508 4.003537 -0.613343
v 1.223580 3.990804 -0.593539
v 1.216065 3.982963 -0.572050
v 1.218193 4.253237 -0.568707
v 1.227756 4.245397 -0.586980
v 1.236569 4.232664 -0.603821
v 1.244295 4.215528 -0.618582
v 1.250634 4.194649 -0.630696
v 1.255344 4.170828 -0.639698
v 1.258245 4.144980 -0.645241
v 1.259225 4.118100 -0.647113
v 1.258245 4.091220 -0.645241
v 1.255344 4.065372 -0.639698
v 1.250634 4.041551 -0.630696
v 1.244295 4.020672 -0.618582
v 1.236569 4.003537 -0.603821
v 1.227756 3.990804 -0.586980
v 1.218193 3.982963 -0.568707
v 1.219939 4.253237 -0.564633
v 1.231181 4.245397 -0.578989
v 1.241543 4.232664 -0.592219
v 1.250624 4.215528 -0.603816
v 1.258077 4.194649 -0.613333
v 1.263615 4.170828 -0.620405
v 1.267025 4.144980 -0.624760
v 1.268176 4.118100 -0.626230
v 1.267025 4.091220 -0.624760
v 1.263615 4.065372 -0.620405
v 1.258077 4.041551 -0.613333
v 1.250624 4.020672 -0.603816
v 1.241543 4.003537 -0.592219
v 1.231181 3.990804 -0.578989
v 1.219939 3.982963 -0.564633
v 1.221236 4.253237 -0.559984
v 1.233726 4.245397 -0.569872
v 1.245236 4.232664 -0.578984
v 1.255325 4.215528 -0.586970
v 1.263605 4.194649 -0.593524
v 1.269758 4.170828 -0.598395
v 1.273546 4.144980 -0.601393
v 1.274826 4.118100 -0.602406
v 1.273546 4.091220 -0.601393
v 1.269758 4.065372 -0.598395
v 1.263605 4.041551 -0.593524
v 1.255325 4.020672 -0.586970
v 1.245236 4.003537 -0.578984
v 1.233726 3.990804 -0.569872
v 1.221236 3.982963 -0.559984
v 1.222035 4.253237 -0.554942
v 1.235291 4.245397 -0.559979
v 1.247509 4.232664 -0.564623
v 1.258218 4.215528 -0.568692
v 1.267006 4.194649 -0.572032
v 1.273537 4.170828 -0.574513
v 1.277558 4.144980 -0.576041
v 1.278916 4.118100 -0.576558
v 1.277558 4.091220 -0.576041
v 1.273537 4.065372 -0.574513
v 1.267006 4.041551 -0.572032
v 1.258218 4.020672 -0.568692
v 1.247509 4.003537 -0.564623
v 1.235291 3.990804 -0.559979
v 1.222035 3.982963 -0.554942
v 1.222303 4.253237 -0.549698
v 1.235818 4.245397 -0.549693
v 1.248273 4.232664 -0.549689
v 1.259190 4.215528 -0.549685
v 1.268149 4.194649 -0.549682
v 1.274807 4.170828 -0.549679
v 1.278907 4.144980 -0.549678
v 1.280291 4.118100 -0.549677
v 1.278907 4.091220 -0.549678
v 1.274807 4.065372 -0.549679
v 1.268149 4.041551 -0.549682
v 1.259190 4.020672 -0.549685
v 1.248273 4.003537 -0.549689
v 1.235818 3.990804 -0.549693
v 1.222303 3.982963 -0.549698
v 1.222031 4.253237 -0.544453
v 1.235284 4.245397 -0.539406
v 1.247498 4.232664 -0.534755
v 1.258204 4.215528 -0.530677
v 1.266990 4.194649 -0.527331
v 1.273519 4.170828 -0.524844
v 1.277539 4.144980 -0.523314
v 1.278897 4.118100 -0.522797
v 1.277539 4.091220 -0.523314
v 1.273519 4.065372 -0.524844
v 1.266990 4.041551 -0.527331
v 1.258204 4.020672 -0.530677
v 1.247498 4.003537 -0.534755
v 1.235284 3.990804 -0.539406
v 1.222031 3.982963 -0.544453
v 1.221229 4.253237 -0.539411
v 1.233711 4.245397 -0.529516
v 1.245215 4.232664 -0.520396
v 1.255298 4.215528 -0.512401
v 1.263574 4.194649 -0.505841
v 1.269723 4.170828 -0.500966
v 1.273509 4.144980 -0.497965
v 1.274788 4.118100 -0.496951
v 1.273509 4.091220 -0.497965
v 1.269723 4.065372 -0.500966
v 1.263574 4.041551 -0.505841
v 1.255298 4.020672 -0.512401
v 1.245215 4.003537 -0.520396
v 1.233711 3.990804 -0.529516
v 1.221229 3.982963 -0.539411
v 1.219928 4.253237 -0.534765
v 1.231160 4.245397 -0.520401
v 1.241512 4.232664 -0.507162
v 1.250585 4.215528 -0.495559
v 1.258031 4.194649 -0.486036
v 1.263564 4.170828 -0.478961
v 1.266971 4.144980 -0.474603
v 1.268121 4.118100 -0.473132
v 1.266971 4.091220 -0.474603
v 1.263564 4.065372 -0.478961
v 1.258031 4.041551 -0.486036
v 1.250585 4.020672 -0.495559
v 1.241512 4.003537 -0.507162
v 1.231160 3.990804 -0.520401
v 1.219928 3.982963 -0.534765
v 1.218179 4.253237 -0.530692
v 1.227729 4.245397 -0.512411
v 1.236530 4.232664 -0.495564
v 1.244245 4.215528 -0.480797
v 1.250575 4.194649 -0.468679
v 1.255279 4.170828 -0.459674
v 1.258176 4.144980 -0.454128
v 1.259155 4.118100 -0.452256
v 1.258176 4.091220 -0.454128
v 1.255279 4.065372 -0.459674
v 1.250575 4.041551 -0.468679
v 1.244245 4.020672 -0.480797
v 1.236530 4.003537 -0.495564
v 1.227729 3.990804 -0.512411
v 1.218179 3.982963 -0.530692
v 1.216049 4.253237 -0.527349
v 1.223549 4.245397 -0.505856
v 1.230462 4.232664 -0.486046
v 1.236520 4.215528 -0.468684
v 1.241493 4.194649 -0.454434
v 1.245187 4.170828 -0.443847
v 1.247463 4.144980 -0.437326
v 1.248231 4.118100 -0.435125
v 1.247463 4.091220 -0.437326
v 1.245187 4.065372 -0.443847
v 1.241493 4.041551 -0.454434
v 1.236520 4.020672 -0.468684
v 1.230462 4.003537 -0.486046
v 1.223549 3.990804 -0.505856
v 1.216049 3.982963 -0.527349
v 1.208248 4.255885 -0.549703
v 1.213618 4.253237 -0.524866
v 1.218780 4.245397 -0.500984
v 1.223539 4.232664 -0.478976
v 1.227710 4.215528 -0.459684
v 1.231132 4.194649 -0.443852
v 1.233676 4.170828 -0.432087
v 1.235243 4.144980 -0.424842
v 1.235772 4.118100 -0.422396
v 1.235243 4.091220 -0.424842
v 1.233676 4.065372 -0.432087
v 1.231132 4.041551 -0.443852
v 1.227710 4.020672 -0.459684
v 1.223539 4.003537 -0.478976
v 1.218780 3.990804 -0.500984
v 1.213618 3.982963 -0.524866
v 1.210980 4.253237 -0.523338
v 1.213608 4.245397 -0.497986
v 1.216030 4.232664 -0.474622
v 1.218151 4.215528 -0.454142
v 1.219893 4.194649 -0.437336
v 1.221188 4.170828 -0.424847
v 1.221985 4.144980 -0.417157
v 1.222254 4.118100 -0.414561
v 1.221985 4.091220 -0.417157
v 1.221188 4.065372 -0.424847
v 1.219893 4.041551 -0.437336
v 1.218151 4.020672 -0.454142
v 1.216030 4.003537 -0.474622
v 1.213608 3.990804 -0.497986
v 1.210980 3.982963 -0.523338
v 1.208238 4.253237 -0.522822
v 1.208229 4.245397 -0.496975
v 1.208220 4.232664 -0.473154
v 1.208212 4.215528 -0.452274
v 1.208206 4.194649 -0.435139
v 1.208202 4.170828 -0.422406
v 1.208199 4.144980 -0.414566
v 1.208198 4.118100 -0.411918
v 1.208199 4.091220 -0.414566
v 1.208202 4.065372 -0.422406
v 1.208206 4.041551 -0.435139
v 1.208212 4.020672 -0.452274
v 1.208220 4.003537 -0.473154
v 1.208229 3.990804 -0.496975
v 1.208238 3.982963 -0.522822
v 1.205496 4.253237 -0.523340
v 1.202851 4.245397 -0.497990
v 1.200413 4.232664 -0.474628
v 1.198275 4.215528 -0.454150
v 1.196521 4.194649 -0.437344
v 1.195218 4.170828 -0.424857
v 1.194415 4.144980 -0.417167
v 1.194144 4.118100 -0.414571
v 1.194415 4.091220 -0.417167
v 1.195218 4.065372 -0.424857
v 1.196521 4.041551 -0.437344
v 1.198275 4.020672 -0.454150
v 1.200413 4.003537 -0.474628
v 1.202851 3.990804 -0.497990
v 1.205496 3.982963 -0.523340
v 1.202861 4.253237 -0.524870
v 1.197680 4.245397 -0.500992
v 1.192905 4.232664 -0.478987
v 1.188720 4.215528 -0.459698
v 1.185287 4.194649 -0.443868
v 1.182734 4.170828 -0.432105
v 1.181163 4.144980 -0.424862
v 1.180633 4.118100 -0.422416
v 1.181163 4.091220 -0.424862
v 1.182734 4.065372 -0.432105
v 1.185287 4.041551 -0.443868
v 1.188720 4.020672 -0.459698
v 1.192905 4.003537 -0.478987
v 1.197680 3.990804 -0.500992
v 1.202861 3.982963 -0.524870
v 1.200432 4.253237 -0.527355
v 1.192915 4.245397 -0.505867
v 1.185989 4.232664 -0.486062
v 1.179917 4.215528 -0.468704
v 1.174934 4.194649 -0.454458
v 1.171232 4.170828 -0.443873
v 1.168951 4.144980 -0.437354
v 1.168181 4.118100 -0.435154
v 1.168951 4.091220 -0.437354
v 1.171232 4.065372 -0.443873
v 1.174934 4.041551 -0.454458
v 1.179917 4.020672 -0.468704
v 1.185989 4.003537 -0.486062
v 1.192915 3.990804 -0.505867
v 1.200432 3.982963 -0.527355
v 1.198303 4.253237 -0.530699
v 1.188739 4.245397 -0.512425
v 1.179926 4.232664 -0.495584
v 1.172202 4.215528 -0.480823
v 1.165861 4.194649 -0.468709
v 1.161151 4.170828 -0.459708
v 1.158250 4.144980 -0.454164
v 1.157271 4.118100 -0.452293
v 1.158250 4.091220 -0.454164
v 1.161151 4.065372 -0.459708
v 1.165861 4.041551 -0.468709
v 1.172202 4.020672 -0.480823
v 1.179926 4.003537 -0.495584
v 1.188739 3.990804 -0.512425
v 1.198303 3.982963 -0.530699
v 1.196556 4.253237 -0.534773
v 1.185314 4.245397 -0.520417
v 1.174953 4.232664 -0.507186
v 1.165871 4.215528 -0.495589
v 1.158419 4.194649 -0.486072
v 1.152880 4.170828 -0.479001
v 1.149471 4.144980 -0.474646
v 1.148319 4.118100 -0.473176
v 1.149471 4.091220 -0.474646
v 1.152880 4.065372 -0.479001
v 1.158419 4.041551 -0.486072
v 1.165871 4.020672 -0.495589
v 1.174953 4.003537 -0.507186
v 1.185314 3.990804 -0.520417
v 1.196556 3.982963 -0.534773
v 1.195259 4.253237 -0.539421
v 1.182770 4.245397 -0.529534
v 1.171259 4.232664 -0.520422
v 1.161170 4.215528 -0.512435
v 1.152890 4.194649 -0.505881
v 1.146738 4.170828 -0.501010
v 1.142949 4.144980 -0.498012
v 1.141670 4.118100 -0.496999
v 1.142949 4.091220 -0.498012
v 1.146738 4.065372 -0.501010
v 1.152890 4.041551 -0.505881
v 1.161170 4.020672 -0.512435
v 1.171259 4.003537 -0.520422
v 1.182770 3.990804 -0.529534
v 1.195259 3.982963 -0.539421
v 1.194461 4.253237 -0.544463
v 1.181204 4.245397 -0.539426
v 1.168986 4.232664 -0.534783
v 1.158278 4.215528 -0.530713
v 1.149490 4.194649 -0.527373
v 1.142959 4.170828 -0.524892
v 1.138937 4.144980 -0.523364
v 1.137580 4.118100 -0.522848
v 1.138937 4.091220 -0.523364
v 1.142959 4.065372 -0.524892
v 1.149490 4.041551 -0.527373
v 1.158278 4.020672 -0.530713
v 1.168986 4.003537 -0.534783
v 1.181204 3.990804 -0.539426
v 1.194461 3.982963 -0.544463
v 1.136205 4.118100 -0.549729
v 1.137590 4.091220 -0.549729
v 1.141689 4.065372 -0.549727
v 1.180679 3.990804 -0.549713
v 1.194193 3.982963 -0.549708
v 1.208248 3.980316 -0.549703
vn -0.9433 0.3318 -0.0003
vn -0.8847 0.4663 -0.0003
vn -0.8770 0.4714 -0.0924
vn -0.9366 0.3360 -0.0988
vn -0.7846 -0.6200 -0.0003
vn -0.8846 -0.4663 -0.0003
vn -0.8770 -0.4714 -0.0924
vn -0.7761 -0.6253 -0.0816
vn -0.9771 0.2129 -0.0004
vn -0.9710 0.2158 -0.1025
vn -0.6167 -0.7872 -0.0002
vn -0.6083 -0.7912 -0.0633
vn -0.9946 0.1040 -0.0004
vn -0.9889 0.1055 -0.1044
vn -0.3533 -0.9355 -0.0001
vn -0.3478 -0.9369 -0.0352
vn -1.0000 -0.0000 -0.0004
vn -0.9945 -0.0000 -0.1050
vn -0.3533 0.9355 -0.0001
vn -0.0000 1.0000 -0.0000
vn -0.3478 0.9369 -0.0352
vn -0.0000 -1.0000 -0.0000
vn -0.9946 -0.1040 -0.0004
vn -0.9889 -0.1055 -0.1044
vn -0.6167 0.7872 -0.0002
vn -0.6083 0.7912 -0.0633
vn -0.9771 -0.2129 -0.0004
vn -0.9710 -0.2158 -0.1025
vn -0.7846 0.6200 -0.0003
vn -0.7761 0.6253 -0.0816
vn -0.9433 -0.3318 -0.0003
vn -0.9366 -0.3360 -0.0988
vn -0.9517 -0.2248 -0.2090
vn -0.9154 -0.3490 -0.2009
vn -0.7498 0.6411 -0.1637
vn -0.8531 0.4871 -0.1869
vn -0.8531 -0.4871 -0.1869
vn -0.9153 0.3490 -0.2009
vn -0.7498 -0.6411 -0.1637
vn -0.9517 0.2248 -0.2090
vn -0.5827 -0.8029 -0.1261
vn -0.9708 0.1101 -0.2132
vn -0.3312 -0.9410 -0.0698
vn -0.9767 -0.0000 -0.2146
vn -0.3312 0.9410 -0.0698
vn -0.9708 -0.1101 -0.2132
vn -0.5827 0.8029 -0.1260
vn -0.5387 -0.8213 -0.1877
vn -0.3033 -0.9473 -0.1030
vn -0.9359 0.1182 -0.3319
vn -0.9425 -0.0000 -0.3343
vn -0.3033 0.9473 -0.1030
vn -0.9359 -0.1182 -0.3319
vn -0.5387 0.8213 -0.1876
vn -0.9149 -0.2405 -0.3243
vn -0.7028 0.6670 -0.2472
vn -0.8753 -0.3713 -0.3100
vn -0.8090 0.5136 -0.2859
vn -0.8090 -0.5136 -0.2859
vn -0.8753 0.3713 -0.3100
vn -0.7028 -0.6670 -0.2472
vn -0.9149 0.2405 -0.3243
vn -0.8082 -0.4037 -0.4288
vn -0.7378 -0.5507 -0.3903
vn -0.7378 0.5507 -0.3903
vn -0.8082 0.4037 -0.4288
vn -0.6305 -0.7018 -0.3316
vn -0.8517 0.2640 -0.4527
vn -0.4745 -0.8449 -0.2470
vn -0.8754 0.1303 -0.4656
vn -0.2639 -0.9552 -0.1340
vn -0.8828 -0.0000 -0.4697
vn -0.2639 0.9552 -0.1340
vn -0.8754 -0.1303 -0.4656
vn -0.4745 0.8449 -0.2470
vn -0.8517 -0.2640 -0.4527
vn -0.6305 0.7018 -0.3317
vn -0.2129 0.9636 -0.1617
vn -0.2130 -0.9636 -0.1617
vn -0.7812 -0.0000 -0.6243
vn -0.7729 -0.1469 -0.6173
vn -0.3879 0.8709 -0.3017
vn -0.7469 -0.2953 -0.5958
vn -0.5266 0.7424 -0.4142
vn -0.7005 -0.4458 -0.5573
vn -0.6291 0.5967 -0.4983
vn -0.6291 -0.5967 -0.4982
vn -0.7005 0.4458 -0.5573
vn -0.5266 -0.7424 -0.4142
vn -0.7469 0.2953 -0.5958
vn -0.3879 -0.8709 -0.3017
vn -0.7729 0.1469 -0.6173
vn -0.4704 0.6456 -0.6016
vn -0.5339 0.4931 -0.6869
vn -0.4704 -0.6456 -0.6016
vn -0.3852 -0.7829 -0.4885
vn -0.5774 0.3320 -0.7459
vn -0.2779 -0.8953 -0.3481
vn -0.6027 0.1668 -0.7803
vn -0.1509 -0.9712 -0.1845
vn -0.6110 -0.0000 -0.7917
vn -0.1509 0.9712 -0.1845
vn -0.6027 -0.1668 -0.7803
vn -0.2779 0.8953 -0.3481
vn -0.5774 -0.3320 -0.7459
vn -0.3852 0.7829 -0.4885
vn -0.5339 -0.4931 -0.6869
vn -0.3457 -0.0000 -0.9383
vn -0.3401 -0.1851 -0.9220
vn -0.0788 0.9765 -0.2004
vn -0.1460 0.9132 -0.3806
vn -0.3232 -0.3649 -0.8732
vn -0.2056 0.8142 -0.5430
vn -0.2950 -0.5337 -0.7926
vn -0.2557 0.6856 -0.6817
vn -0.2557 -0.6856 -0.6816
vn -0.2950 0.5337 -0.7926
vn -0.2056 -0.8142 -0.5430
vn -0.3232 0.3649 -0.8732
vn -0.1460 -0.9131 -0.3806
vn -0.3401 0.1851 -0.9220
vn -0.0788 -0.9765 -0.2004
vn 0.0003 -0.7014 -0.7128
vn 0.0002 -0.8261 -0.5635
vn 0.0003 0.5503 -0.8350
vn 0.0003 0.3787 -0.9255
vn 0.0001 -0.9197 -0.3925
vn 0.0004 0.1929 -0.9812
vn 0.0001 -0.9785 -0.2062
vn 0.0004 -0.0000 -1.0000
vn 0.0001 0.9785 -0.2062
vn 0.0004 -0.1929 -0.9812
vn 0.0001 0.9198 -0.3925
vn 0.0003 -0.3787 -0.9255
vn 0.0002 0.8261 -0.5635
vn 0.0003 -0.5503 -0.8350
vn 0.0003 0.7014 -0.7128
vn 0.0789 0.9765 -0.2003
vn 0.1463 0.9132 -0.3805
vn 0.3408 -0.1851 -0.9217
vn 0.3238 -0.3649 -0.8729
vn 0.2061 0.8142 -0.5428
vn 0.2956 -0.5337 -0.7923
vn 0.2562 0.6856 -0.6815
vn 0.2562 -0.6856 -0.6815
vn 0.2956 0.5337 -0.7923
vn 0.2060 -0.8142 -0.5428
vn 0.3238 0.3649 -0.8729
vn 0.1463 -0.9131 -0.3805
vn 0.3408 0.1851 -0.9217
vn 0.0789 -0.9765 -0.2003
vn 0.3464 -0.0000 -0.9381
vn 0.5344 0.4931 -0.6865
vn 0.5780 0.3320 -0.7455
vn 0.3856 -0.7829 -0.4882
vn 0.2782 -0.8953 -0.3479
vn 0.6033 0.1668 -0.7799
vn 0.1510 -0.9712 -0.1844
vn 0.6115 -0.0000 -0.7912
vn 0.1510 0.9712 -0.1844
vn 0.6033 -0.1668 -0.7799
vn 0.2782 0.8953 -0.3479
vn 0.5780 -0.3320 -0.7455
vn 0.3856 0.7829 -0.4882
vn 0.5344 -0.4931 -0.6865
vn 0.4708 0.6456 -0.6012
vn 0.4708 -0.6456 -0.6012
vn 0.7733 -0.1469 -0.6168
vn 0.7473 -0.2953 -0.5952
vn 0.3881 0.8709 -0.3014
vn 0.5269 0.7424 -0.4138
vn 0.7009 -0.4458 -0.5568
vn 0.6294 0.5967 -0.4978
vn 0.6294 -0.5967 -0.4978
vn 0.7009 0.4458 -0.5568
vn 0.5269 -0.7424 -0.4138
vn 0.7473 0.2953 -0.5952
vn 0.3881 -0.8709 -0.3014
vn 0.7733 0.1469 -0.6168
vn 0.2131 -0.9636 -0.1615
vn 0.7817 -0.0000 -0.6237
vn 0.2131 0.9636 -0.1615
vn 0.6307 -0.7018 -0.3312
vn 0.4747 -0.8449 -0.2466
vn 0.8521 0.2639 -0.4520
vn 0.8757 0.1303 -0.4650
vn 0.2640 -0.9552 -0.1338
vn 0.8832 -0.0000 -0.4690
vn 0.2640 0.9552 -0.1338
vn 0.8757 -0.1303 -0.4650
vn 0.4746 0.8449 -0.2466
vn 0.8521 -0.2639 -0.4520
vn 0.6307 0.7018 -0.3312
vn 0.8085 -0.4037 -0.4282
vn 0.7381 0.5507 -0.3897
vn 0.7381 -0.5507 -0.3897
vn 0.8085 0.4037 -0.4282
vn 0.9151 -0.2405 -0.3237
vn 0.8755 -0.3713 -0.3093
vn 0.7030 0.6670 -0.2467
vn 0.8092 0.5136 -0.2853
vn 0.8092 -0.5136 -0.2853
vn 0.8755 0.3713 -0.3093
vn 0.7030 -0.6670 -0.2467
vn 0.9151 0.2405 -0.3237
vn 0.5389 -0.8213 -0.1873
vn 0.9361 0.1181 -0.3312
vn 0.3034 -0.9473 -0.1028
vn 0.9427 -0.0000 -0.3336
vn 0.3034 0.9473 -0.1028
vn 0.9361 -0.1181 -0.3312
vn 0.5388 0.8213 -0.1872
vn 0.5828 -0.8029 -0.1256
vn 0.3313 -0.9410 -0.0695
vn 0.9709 0.1101 -0.2125
vn 0.9769 -0.0000 -0.2139
vn 0.3313 0.9410 -0.0695
vn 0.9709 -0.1101 -0.2125
vn 0.5828 0.8029 -0.1256
vn 0.9519 -0.2248 -0.2083
vn 0.7499 0.6411 -0.1631
vn 0.9155 -0.3490 -0.2002
vn 0.8532 0.4871 -0.1863
vn 0.8532 -0.4871 -0.1863
vn 0.9155 0.3490 -0.2002
vn 0.7499 -0.6411 -0.1631
vn 0.9519 0.2248 -0.2083
vn 0.7762 0.6253 -0.0810
vn 0.8771 0.4714 -0.0918
vn 0.9367 -0.3360 -0.0982
vn 0.8771 -0.4714 -0.0918
vn 0.9367 0.3360 -0.0982
vn 0.7762 -0.6253 -0.0810
vn 0.9711 0.2158 -0.1018
vn 0.6083 -0.7912 -0.0629
vn 0.9890 0.1055 -0.1037
vn 0.3478 -0.9369 -0.0350
vn 0.9945 -0.0000 -0.1043
vn 0.3478 0.9369 -0.0350
vn 0.9890 -0.1055 -0.1037
vn 0.6083 0.7912 -0.0629
vn 0.9711 -0.2158 -0.1018
vn 0.9946 0.1040 0.0004
vn 1.0000 -0.0000 0.0004
vn 0.3533 0.9355 0.0001
vn 0.3533 -0.9355 0.0001
vn 0.9946 -0.1040 0.0004
vn 0.6167 0.7872 0.0002
vn 0.9771 -0.2129 0.0004
vn 0.7846 0.6200 0.0003
vn 0.9433 -0.3318 0.0003
vn 0.8847 0.4663 0.0003
vn 0.8846 -0.4663 0.0003
vn 0.9433 0.3318 0.0003
vn 0.7846 -0.6200 0.0003
vn 0.9771 0.2129 0.0004
vn 0.6167 -0.7872 0.0002
vn 0.9366 -0.3360 0.0988
vn 0.8770 -0.4715 0.0924
vn 0.8770 0.4714 0.0924
vn 0.9366 0.3360 0.0988
vn 0.7761 -0.6253 0.0816
vn 0.9710 0.2158 0.1025
vn 0.6083 -0.7912 0.0634
vn 0.9889 0.1055 0.1044
vn 0.3478 -0.9369 0.0352
vn 0.9945 -0.0000 0.1050
vn 0.3478 0.9369 0.0352
vn 0.9889 -0.1055 0.1044
vn 0.6083 0.7912 0.0634
vn 0.9710 -0.2158 0.1025
vn 0.7761 0.6253 0.0816
vn 0.3312 0.9410 0.0698
vn 0.3312 -0.9410 0.0698
vn 0.9767 -0.0000 0.2146
vn 0.9708 -0.1101 0.2133
vn 0.5827 0.8029 0.1260
vn 0.9517 -0.2248 0.2090
vn 0.7498 0.6411 0.1637
vn 0.9153 -0.3490 0.2009
vn 0.8531 0.4871 0.1869
vn 0.8531 -0.4871 0.1869
vn 0.9153 0.3490 0.2009
vn 0.7498 -0.6411 0.1637
vn 0.9517 0.2248 0.2090
vn 0.5827 -0.8029 0.1260
vn 0.9708 0.1101 0.2133
vn 0.8090 0.5136 0.2859
vn 0.8753 0.3713 0.3100
vn 0.8090 -0.5136 0.2859
vn 0.7028 -0.6670 0.2472
vn 0.9149 0.2405 0.3243
vn 0.5387 -0.8213 0.1876
vn 0.9359 0.1181 0.3319
vn 0.3033 -0.9473 0.1030
vn 0.9425 -0.0000 0.3343
vn 0.3033 0.9473 0.1030
vn 0.9359 -0.1181 0.3319
vn 0.5387 0.8213 0.1876
vn 0.9149 -0.2405 0.3243
vn 0.7028 0.6670 0.2472
vn 0.8753 -0.3713 0.3100
vn 0.8828 -0.0000 0.4697
vn 0.8754 -0.1303 0.4656
vn 0.2639 0.9552 0.1340
vn 0.4745 0.8449 0.2470
vn 0.8517 -0.2639 0.4527
vn 0.6305 0.7018 0.3316
vn 0.8082 -0.4037 0.4288
vn 0.7378 0.5507 0.3903
vn 0.7378 -0.5507 0.3903
vn 0.8082 0.4037 0.4288
vn 0.6305 -0.7018 0.3316
vn 0.8517 0.2639 0.4527
vn 0.4745 -0.8449 0.2470
vn 0.8754 0.1303 0.4656
vn 0.2639 -0.9552 0.1340
vn 0.6290 -0.5967 0.4983
vn 0.5266 -0.7424 0.4142
vn 0.7005 0.4458 0.5573
vn 0.7469 0.2953 0.5958
vn 0.3879 -0.8709 0.3017
vn 0.7729 0.1469 0.6173
vn 0.2130 -0.9636 0.1617
vn 0.7812 -0.0000 0.6243
vn 0.2130 0.9636 0.1617
vn 0.7729 -0.1469 0.6173
vn 0.3879 0.8709 0.3017
vn 0.7469 -0.2953 0.5958
vn 0.5266 0.7424 0.4142
vn 0.7005 -0.4458 0.5573
vn 0.6290 0.5967 0.4983
vn 0.6027 -0.1668 0.7803
vn 0.5774 -0.3320 0.7459
vn 0.2779 0.8953 0.3481
vn 0.3852 0.7829 0.4885
vn 0.5339 -0.4931 0.6869
vn 0.4704 0.6456 0.6016
vn 0.4704 -0.6456 0.6016
vn 0.5339 0.4931 0.6869
vn 0.3852 -0.7829 0.4885
vn 0.5774 0.3320 0.7459
vn 0.2779 -0.8953 0.3481
vn 0.6027 0.1668 0.7803
vn 0.1509 -0.9712 0.1845
vn 0.6110 -0.0000 0.7917
vn 0.1509 0.9712 0.1845
vn 0.2057 -0.8142 0.5430
vn 0.1460 -0.9131 0.3806
vn 0.3232 0.3649 0.8732
vn 0.3401 0.1851 0.9220
vn 0.0787 -0.9766 0.2004
vn 0.3457 -0.0000 0.9383
vn 0.0788 0.9766 0.2004
vn 0.3401 -0.1851 0.9220
vn 0.1460 0.9131 0.3806
vn 0.3232 -0.3649 0.8732
vn 0.2057 0.8142 0.5430
vn 0.2950 -0.5337 0.7926
vn 0.2557 0.6856 0.6816
vn 0.2557 -0.6856 0.6816
vn 0.2950 0.5337 0.7926
vn -0.0001 0.9198 0.3925
vn -0.0002 0.8261 0.5635
vn -0.0003 -0.3787 0.9255
vn -0.0003 -0.5503 0.8350
vn -0.0003 0.7014 0.7128
vn -0.0003 -0.7014 0.7128
vn -0.0003 0.5503 0.8350
vn -0.0002 -0.8261 0.5635
vn -0.0003 0.3787 0.9255
vn -0.0001 -0.9197 0.3925
vn -0.0004 0.1929 0.9812
vn -0.0001 -0.9785 0.2062
vn -0.0004 -0.0000 1.0000
vn -0.0001 0.9785 0.2062
vn -0.0004 -0.1929 0.9812
vn -0.3238 0.3649 0.8729
vn -0.3408 0.1851 0.9217
vn -0.1463 -0.9131 0.3805
vn -0.0789 -0.9766 0.2003
vn -0.3464 -0.0000 0.9381
vn -0.0789 0.9765 0.2003
vn -0.3408 -0.1851 0.9217
vn -0.1463 0.9131 0.3805
vn -0.3238 -0.3649 0.8729
vn -0.2060 0.8142 0.5428
vn -0.2956 -0.5337 0.7923
vn -0.2562 0.6856 0.6815
vn -0.2562 -0.6856 0.6815
vn -0.2956 0.5337 0.7923
vn -0.2060 -0.8142 0.5428
vn -0.5780 -0.3320 0.7455
vn -0.5344 -0.4931 0.6865
vn -0.3856 0.7829 0.4882
vn -0.4708 0.6456 0.6012
vn -0.4708 -0.6456 0.6012
vn -0.5344 0.4931 0.6865
vn -0.3856 -0.7829 0.4882
vn -0.5780 0.3320 0.7455
vn -0.2781 -0.8953 0.3479
vn -0.6033 0.1668 0.7799
vn -0.1510 -0.9712 0.1844
vn -0.6115 -0.0000 0.7912
vn -0.1511 0.9712 0.1844
vn -0.6033 -0.1668 0.7799
vn -0.2781 0.8953 0.3479
vn -0.3881 -0.8709 0.3014
vn -0.2131 -0.9636 0.1615
vn -0.7733 0.1469 0.6168
vn -0.7817 -0.0000 0.6237
vn -0.2131 0.9636 0.1615
vn -0.7733 -0.1469 0.6168
vn -0.3881 0.8709 0.3014
vn -0.7473 -0.2953 0.5952
vn -0.5269 0.7424 0.4138
vn -0.7009 -0.4458 0.5568
vn -0.6294 0.5967 0.4978
vn -0.6294 -0.5967 0.4978
vn -0.7009 0.4458 0.5568
vn -0.5269 -0.7424 0.4138
vn -0.7473 0.2953 0.5952
vn -0.6307 0.7018 0.3312
vn -0.7381 0.5507 0.3898
vn -0.8085 -0.4037 0.4282
vn -0.7381 -0.5507 0.3897
vn -0.8085 0.4037 0.4282
vn -0.6307 -0.7018 0.3312
vn -0.8521 0.2639 0.4520
vn -0.4747 -0.8449 0.2466
vn -0.8757 0.1303 0.4650
vn -0.2640 -0.9552 0.1338
vn -0.8832 -0.0000 0.4690
vn -0.2640 0.9552 0.1338
vn -0.8757 -0.1303 0.4650
vn -0.4746 0.8449 0.2466
vn -0.8520 -0.2640 0.4520
vn -0.9361 0.1182 0.3312
vn -0.9427 -0.0000 0.3336
vn -0.3034 0.9473 0.1028
vn -0.3034 -0.9473 0.1028
vn -0.9361 -0.1182 0.3312
vn -0.5389 0.8213 0.1872
vn -0.9151 -0.2405 0.3237
vn -0.7030 0.6670 0.2467
vn -0.8755 -0.3713 0.3093
vn -0.8092 0.5136 0.2853
vn -0.8092 -0.5136 0.2853
vn -0.8755 0.3713 0.3093
vn -0.7030 -0.6670 0.2467
vn -0.9151 0.2405 0.3237
vn -0.5389 -0.8213 0.1873
vn -0.9155 -0.3490 0.2002
vn -0.8532 -0.4871 0.1863
vn -0.8532 0.4871 0.1863
vn -0.9155 0.3490 0.2002
vn -0.7499 -0.6411 0.1632
vn -0.9519 0.2248 0.2083
vn -0.5828 -0.8029 0.1256
vn -0.9709 0.1101 0.2126
vn -0.3313 -0.9410 0.0695
vn -0.9769 -0.0000 0.2139
vn -0.3313 0.9410 0.0695
vn -0.9709 -0.1101 0.2126
vn -0.5828 0.8029 0.1256
vn -0.9519 -0.2248 0.2083
vn -0.7499 0.6411 0.1632
vn -0.3479 -0.9369 0.0350
vn -0.9945 -0.0000 0.1043
vn -0.9890 -0.1055 0.1037
vn -0.3479 0.9369 0.0350
vn -0.6083 0.7912 0.0629
vn -0.9711 -0.2158 0.1018
vn -0.7762 0.6253 0.0810
vn -0.9367 -0.3360 0.0982
vn -0.8771 0.4714 0.0918
vn -0.8771 -0.4715 0.0918
vn -0.9367 0.3360 0.0982
vn -0.7762 -0.6253 0.0810
vn -0.9711 0.2158 0.1018
vn -0.6083 -0.7912 0.0629
vn -0.9890 0.1055 0.1037
vt 0.750000 0.687500
vt 0.750000 0.750000
vt 0.718750 0.750000
vt 0.718750 0.687500
vt 0.750000 0.187500
vt 0.750000 0.250000
vt 0.718750 0.250000
vt 0.718750 0.187500
vt 0.750000 0.625000
vt 0.718750 0.625000
vt 0.750000 0.125000
vt 0.718750 0.125000
vt 0.750000 0.562500
vt 0.718750 0.562500
vt 0.750000 0.062500
vt 0.718750 0.062500
vt 0.750000 0.500000
vt 0.718750 0.500000
vt 0.750000 0.937500
vt 0.734375 1.000000
vt 0.718750 0.937500
vt 0.734375 0.000000
vt 0.750000 0.437500
vt 0.718750 0.437500
vt 0.750000 0.875000
vt 0.718750 0.875000
vt 0.750000 0.375000
vt 0.718750 0.375000
vt 0.750000 0.812500
vt 0.718750 0.812500
vt 0.750000 0.312500
vt 0.718750 0.312500
vt 0.687500 0.375000
vt 0.687500 0.312500
vt 0.687500 0.812500
vt 0.687500 0.750000
vt 0.687500 0.250000
vt 0.687500 0.687500
vt 0.687500 0.187500
vt 0.687500 0.625000
vt 0.687500 0.125000
vt 0.687500 0.562500
vt 0.687500 0.062500
vt 0.687500 0.500000
vt 0.703125 1.000000
vt 0.687500 0.937500
vt 0.703125 0.000000
vt 0.687500 0.437500
vt 0.687500 0.875000
vt 0.656250 0.125000
vt 0.656250 0.062500
vt 0.656250 0.562500
vt 0.656250 0.500000
vt 0.671875 1.000000
vt 0.656250 0.937500
vt 0.671875 0.000000
vt 0.656250 0.437500
vt 0.656250 0.875000
vt 0.656250 0.375000
vt 0.656250 0.812500
vt 0.656250 0.312500
vt 0.656250 0.750000
vt 0.656250 0.250000
vt 0.656250 0.687500
vt 0.656250 0.187500
vt 0.656250 0.625000
vt 0.625000 0.312500
vt 0.625000 0.250000
vt 0.625000 0.750000
vt 0.625000 0.687500
vt 0.625000 0.187500
vt 0.625000 0.625000
vt 0.625000 0.125000
vt 0.625000 0.562500
vt 0.625000 0.062500
vt 0.625000 0.500000
vt 0.640625 1.000000
vt 0.625000 0.937500
vt 0.640625 0.000000
vt 0.625000 0.437500
vt 0.625000 0.875000
vt 0.625000 0.375000
vt 0.625000 0.812500
vt 0.609375 1.000000
vt 0.593750 0.937500
vt 0.609375 0.000000
vt 0.593750 0.062500
vt 0.593750 0.500000
vt 0.593750 0.437500
vt 0.593750 0.875000
vt 0.593750 0.375000
vt 0.593750 0.812500
vt 0.593750 0.312500
vt 0.593750 0.750000
vt 0.593750 0.250000
vt 0.593750 0.687500
vt 0.593750 0.187500
vt 0.593750 0.625000
vt 0.593750 0.125000
vt 0.593750 0.562500
vt 0.562500 0.750000
vt 0.562500 0.687500
vt 0.562500 0.250000
vt 0.562500 0.187500
vt 0.562500 0.625000
vt 0.562500 0.125000
vt 0.562500 0.562500
vt 0.562500 0.062500
vt 0.562500 0.500000
vt 0.578125 1.000000
vt 0.562500 0.937500
vt 0.578125 0.000000
vt 0.562500 0.437500
vt 0.562500 0.875000
vt 0.562500 0.375000
vt 0.562500 0.812500
vt 0.562500 0.312500
vt 0.531250 0.500000
vt 0.531250 0.437500
vt 0.531250 0.937500
vt 0.531250 0.875000
vt 0.531250 0.375000
vt 0.531250 0.812500
vt 0.531250 0.312500
vt 0.531250 0.750000
vt 0.531250 0.250000
vt 0.531250 0.687500
vt 0.531250 0.187500
vt 0.531250 0.625000
vt 0.531250 0.125000
vt 0.531250 0.562500
vt 0.531250 0.062500
vt 0.546875 1.000000
vt 0.546875 0.000000
vt 0.500000 0.250000
vt 0.500000 0.187500
vt 0.500000 0.687500
vt 0.500000 0.625000
vt 0.500000 0.125000
vt 0.500000 0.562500
vt 0.500000 0.062500
vt 0.500000 0.500000
vt 0.515625 1.000000
vt 0.500000 0.937500
vt 0.515625 0.000000
vt 0.500000 0.437500
vt 0.500000 0.875000
vt 0.500000 0.375000
vt 0.500000 0.812500
vt 0.500000 0.312500
vt 0.500000 0.750000
vt 0.468750 0.937500
vt 0.468750 0.875000
vt 0.468750 0.437500
vt 0.468750 0.375000
vt 0.468750 0.812500
vt 0.468750 0.312500
vt 0.468750 0.750000
vt 0.468750 0.250000
vt 0.468750 0.687500
vt 0.468750 0.187500
vt 0.468750 0.625000
vt 0.468750 0.125000
vt 0.468750 0.562500
vt 0.468750 0.062500
vt 0.468750 0.500000
vt 0.484375 1.000000
vt 0.484375 0.000000
vt 0.437500 0.687500
vt 0.437500 0.625000
vt 0.437500 0.187500
vt 0.437500 0.125000
vt 0.437500 0.562500
vt 0.437500 0.062500
vt 0.437500 0.500000
vt 0.453125 1.000000
vt 0.437500 0.937500
vt 0.453125 0.000000
vt 0.437500 0.437500
vt 0.437500 0.875000
vt 0.437500 0.375000
vt 0.437500 0.812500
vt 0.437500 0.312500
vt 0.437500 0.750000
vt 0.437500 0.250000
vt 0.406250 0.437500
vt 0.406250 0.375000
vt 0.406250 0.875000
vt 0.406250 0.812500
vt 0.406250 0.312500
vt 0.406250 0.750000
vt 0.406250 0.250000
vt 0.406250 0.687500
vt 0.406250 0.187500
vt 0.406250 0.625000
vt 0.406250 0.125000
vt 0.406250 0.562500
vt 0.406250 0.062500
vt 0.406250 0.500000
vt 0.421875 1.000000
vt 0.406250 0.937500
vt 0.421875 0.000000
vt 0.375000 0.187500
vt 0.375000 0.125000
vt 0.375000 0.625000
vt 0.375000 0.562500
vt 0.375000 0.062500
vt 0.375000 0.500000
vt 0.390625 1.000000
vt 0.375000 0.937500
vt 0.390625 0.000000
vt 0.375000 0.437500
vt 0.375000 0.875000
vt 0.375000 0.375000
vt 0.375000 0.812500
vt 0.375000 0.312500
vt 0.375000 0.750000
vt 0.375000 0.250000
vt 0.375000 0.687500
vt 0.343750 0.375000
vt 0.343750 0.312500
vt 0.343750 0.812500
vt 0.343750 0.750000
vt 0.343750 0.250000
vt 0.343750 0.687500
vt 0.343750 0.187500
vt 0.343750 0.625000
vt 0.343750 0.125000
vt 0.343750 0.562500
vt 0.343750 0.062500
vt 0.343750 0.500000
vt 0.359375 1.000000
vt 0.343750 0.937500
vt 0.359375 0.000000
vt 0.343750 0.437500
vt 0.343750 0.875000
vt 0.312500 0.125000
vt 0.312500 0.062500
vt 0.312500 0.562500
vt 0.312500 0.500000
vt 0.328125 1.000000
vt 0.312500 0.937500
vt 0.328125 0.000000
vt 0.312500 0.437500
vt 0.312500 0.875000
vt 0.312500 0.375000
vt 0.312500 0.812500
vt 0.312500 0.312500
vt 0.312500 0.750000
vt 0.312500 0.250000
vt 0.312500 0.687500
vt 0.312500 0.187500
vt 0.312500 0.625000
vt 0.281250 0.812500
vt 0.281250 0.750000
vt 0.281250 0.312500
vt 0.281250 0.250000
vt 0.281250 0.687500
vt 0.281250 0.187500
vt 0.281250 0.625000
vt 0.281250 0.125000
vt 0.281250 0.562500
vt 0.281250 0.062500
vt 0.281250 0.500000
vt 0.296875 1.000000
vt 0.281250 0.937500
vt 0.296875 0.000000
vt 0.281250 0.437500
vt 0.281250 0.875000
vt 0.281250 0.375000
vt 0.250000 0.562500
vt 0.250000 0.500000
vt 0.265625 1.000000
vt 0.250000 0.937500
vt 0.265625 0.000000
vt 0.250000 0.062500
vt 0.250000 0.437500
vt 0.250000 0.875000
vt 0.250000 0.375000
vt 0.250000 0.812500
vt 0.250000 0.312500
vt 0.250000 0.750000
vt 0.250000 0.250000
vt 0.250000 0.687500
vt 0.250000 0.187500
vt 0.250000 0.625000
vt 0.250000 0.125000
vt 0.218750 0.312500
vt 0.218750 0.250000
vt 0.218750 0.750000
vt 0.218750 0.687500
vt 0.218750 0.187500
vt 0.218750 0.625000
vt 0.218750 0.125000
vt 0.218750 0.562500
vt 0.218750 0.062500
vt 0.218750 0.500000
vt 0.234375 1.000000
vt 0.218750 0.937500
vt 0.234375 0.000000
vt 0.218750 0.437500
vt 0.218750 0.875000
vt 0.218750 0.375000
vt 0.218750 0.812500
vt 0.203125 1.000000
vt 0.187500 0.937500
vt 0.203125 0.000000
vt 0.187500 0.062500
vt 0.187500 0.500000
vt 0.187500 0.437500
vt 0.187500 0.875000
vt 0.187500 0.375000
vt 0.187500 0.812500
vt 0.187500 0.312500
vt 0.187500 0.750000
vt 0.187500 0.250000
vt 0.187500 0.687500
vt 0.187500 0.187500
vt 0.187500 0.625000
vt 0.187500 0.125000
vt 0.187500 0.562500
vt 0.156250 0.750000
vt 0.156250 0.687500
vt 0.156250 0.250000
vt 0.156250 0.187500
vt 0.156250 0.625000
vt 0.156250 0.125000
vt 0.156250 0.562500
vt 0.156250 0.062500
vt 0.156250 0.500000
vt 0.171875 1.000000
vt 0.156250 0.937500
vt 0.171875 0.000000
vt 0.156250 0.437500
vt 0.156250 0.875000
vt 0.156250 0.375000
vt 0.156250 0.812500
vt 0.156250 0.312500
vt 0.125000 0.500000
vt 0.125000 0.437500
vt 0.125000 0.937500
vt 0.125000 0.875000
vt 0.125000 0.375000
vt 0.125000 0.812500
vt 0.125000 0.312500
vt 0.125000 0.750000
vt 0.125000 0.250000
vt 0.125000 0.687500
vt 0.125000 0.187500
vt 0.125000 0.625000
vt 0.125000 0.125000
vt 0.125000 0.562500
vt 0.125000 0.062500
vt 0.140625 1.000000
vt 0.140625 0.000000
vt 0.093750 0.250000
vt 0.093750 0.187500
vt 0.093750 0.687500
vt 0.093750 0.625000
vt 0.093750 0.125000
vt 0.093750 0.562500
vt 0.093750 0.062500
vt 0.093750 0.500000
vt 0.109375 1.000000
vt 0.093750 0.937500
vt 0.109375 0.000000
vt 0.093750 0.437500
vt 0.093750 0.875000
vt 0.093750 0.375000
vt 0.093750 0.812500
vt 0.093750 0.312500
vt 0.093750 0.750000
vt 0.062500 0.437500
vt 0.062500 0.375000
vt 0.062500 0.875000
vt 0.062500 0.812500
vt 0.062500 0.312500
vt 0.062500 0.750000
vt 0.062500 0.250000
vt 0.062500 0.687500
vt 0.062500 0.187500
vt 0.062500 0.625000
vt 0.062500 0.125000
vt 0.062500 0.562500
vt 0.062500 0.062500
vt 0.062500 0.500000
vt 0.078125 1.000000
vt 0.062500 0.937500
vt 0.078125 0.000000
vt 0.031250 0.187500
vt 0.031250 0.125000
vt 0.031250 0.625000
vt 0.031250 0.562500
vt 0.031250 0.062500
vt 0.031250 0.500000
vt 0.046875 1.000000
vt 0.031250 0.937500
vt 0.046875 0.000000
vt 0.031250 0.437500
vt 0.031250 0.875000
vt 0.031250 0.375000
vt 0.031250 0.812500
vt 0.031250 0.312500
vt 0.031250 0.750000
vt 0.031250 0.250000
vt 0.031250 0.687500
vt 0.000000 0.875000
vt 0.000000 0.812500
vt 0.000000 0.375000
vt 0.000000 0.312500
vt 0.000000 0.750000
vt 0.000000 0.250000
vt 0.000000 0.687500
vt 0.000000 0.187500
vt 0.000000 0.625000
vt 0.000000 0.125000
vt 0.000000 0.562500
vt 0.000000 0.062500
vt 0.000000 0.500000
vt 0.015625 1.000000
vt 0.000000 0.937500
vt 0.015625 0.000000
vt 0.000000 0.437500
vt 1.000000 0.562500
vt 1.000000 0.625000
vt 0.968750 0.625000
vt 0.968750 0.562500
vt 1.000000 0.062500
vt 1.000000 0.125000
vt 0.968750 0.125000
vt 0.968750 0.062500
vt 1.000000 0.500000
vt 0.968750 0.500000
vt 1.000000 0.937500
vt 0.984375 1.000000
vt 0.968750 0.937500
vt 0.984375 0.000000
vt 1.000000 0.437500
vt 0.968750 0.437500
vt 1.000000 0.875000
vt 0.968750 0.875000
vt 1.000000 0.375000
vt 0.968750 0.375000
vt 1.000000 0.812500
vt 0.968750 0.812500
vt 1.000000 0.312500
vt 0.968750 0.312500
vt 1.000000 0.750000
vt 0.968750 0.750000
vt 1.000000 0.250000
vt 0.968750 0.250000
vt 1.000000 0.687500
vt 0.968750 0.687500
vt 1.000000 0.187500
vt 0.968750 0.187500
vt 0.937500 0.375000
vt 0.937500 0.312500
vt 0.937500 0.812500
vt 0.937500 0.750000
vt 0.937500 0.250000
vt 0.937500 0.687500
vt 0.937500 0.187500
vt 0.937500 0.625000
vt 0.937500 0.125000
vt 0.937500 0.562500
vt 0.937500 0.062500
vt 0.937500 0.500000
vt 0.953125 1.000000
vt 0.937500 0.937500
vt 0.953125 0.000000
vt 0.937500 0.437500
vt 0.937500 0.875000
vt 0.906250 0.125000
vt 0.906250 0.062500
vt 0.906250 0.562500
vt 0.906250 0.500000
vt 0.921875 1.000000
vt 0.906250 0.937500
vt 0.921875 0.000000
vt 0.906250 0.437500
vt 0.906250 0.875000
vt 0.906250 0.375000
vt 0.906250 0.812500
vt 0.906250 0.312500
vt 0.906250 0.750000
vt 0.906250 0.250000
vt 0.906250 0.687500
vt 0.906250 0.187500
vt 0.906250 0.625000
vt 0.875000 0.812500
vt 0.875000 0.750000
vt 0.875000 0.312500
vt 0.875000 0.250000
vt 0.875000 0.687500
vt 0.875000 0.187500
vt 0.875000 0.625000
vt 0.875000 0.125000
vt 0.875000 0.562500
vt 0.875000 0.062500
vt 0.875000 0.500000
vt 0.890625 1.000000
vt 0.875000 0.937500
vt 0.890625 0.000000
vt 0.875000 0.437500
vt 0.875000 0.875000
vt 0.875000 0.375000
vt 0.843750 0.562500
vt 0.843750 0.500000
vt 0.859375 1.000000
vt 0.843750 0.937500
vt 0.859375 0.000000
vt 0.843750 0.062500
vt 0.843750 0.437500
vt 0.843750 0.875000
vt 0.843750 0.375000
vt 0.843750 0.812500
vt 0.843750 0.312500
vt 0.843750 0.750000
vt 0.843750 0.250000
vt 0.843750 0.687500
vt 0.843750 0.187500
vt 0.843750 0.625000
vt 0.843750 0.125000
vt 0.812500 0.312500
vt 0.812500 0.250000
vt 0.812500 0.750000
vt 0.812500 0.687500
vt 0.812500 0.187500
vt 0.812500 0.625000
vt 0.812500 0.125000
vt 0.812500 0.562500
vt 0.812500 0.062500
vt 0.812500 0.500000
vt 0.828125 1.000000
vt 0.812500 0.937500
vt 0.828125 0.000000
vt 0.812500 0.437500
vt 0.812500 0.875000
vt 0.812500 0.375000
vt 0.812500 0.812500
vt 0.796875 0.000000
vt 0.781250 0.062500
vt 0.781250 0.500000
vt 0.781250 0.437500
vt 0.781250 0.937500
vt 0.781250 0.875000
vt 0.781250 0.375000
vt 0.781250 0.812500
vt 0.781250 0.312500
vt 0.781250 0.750000
vt 0.781250 0.250000
vt 0.781250 0.687500
vt 0.781250 0.187500
vt 0.781250 0.625000
vt 0.781250 0.125000
vt 0.781250 0.562500
vt 0.796875 1.000000
vt 0.765625 1.000000
vt 0.765625 0.000000
s 1
usemtl None
f 3049/4263/2579 3048/4264/2580 3058/4265/2581 3059/4266/2582
f 3054/4267/2583 3053/4268/2584 3066/4269/2585 3067/4270/2586
f 3050/4271/2587 3049/4263/2579 3059/4266/2582 3060/4272/2588
f 3524/4273/2589 3054/4267/2583 3067/4270/2586 3068/4274/2590
f 3051/4275/2591 3050/4271/2587 3060/4272/2588 3061/4276/2592
f 3525/4277/2593 3524/4273/2589 3068/4274/2590 3069/4278/2594
f 3521/4279/2595 3051/4275/2591 3061/4276/2592 3062/4280/2596
f 3045/4281/2597 3370/4282/2598 3055/4283/2599
f 3526/4284/2600 3525/4277/2593 3069/4278/2594
f 3522/4285/2601 3521/4279/2595 3062/4280/2596 3063/4286/2602
f 3046/4287/2603 3045/4281/2597 3055/4283/2599 3056/4288/2604
f 3523/4289/2605 3522/4285/2601 3063/4286/2602 3064/4290/2606
f 3047/4291/2607 3046/4287/2603 3056/4288/2604 3057/4292/2608
f 3052/4293/2609 3523/4289/2605 3064/4290/2606 3065/4294/2610
f 3048/4264/2580 3047/4291/2607 3057/4292/2608 3058/4265/2581
f 3053/4268/2584 3052/4293/2609 3065/4294/2610 3066/4269/2585
f 3065/4294/2610 3064/4290/2606 3079/4295/2611 3080/4296/2612
f 3058/4265/2581 3057/4292/2608 3072/4297/2613 3073/4298/2614
f 3066/4269/2585 3065/4294/2610 3080/4296/2612 3081/4299/2615
f 3059/4266/2582 3058/4265/2581 3073/4298/2614 3074/4300/2616
f 3067/4270/2586 3066/4269/2585 3081/4299/2615 3082/4301/2617
f 3060/4272/2588 3059/4266/2582 3074/4300/2616 3075/4302/2618
f 3068/4274/2590 3067/4270/2586 3082/4301/2617 3083/4303/2619
f 3061/4276/2592 3060/4272/2588 3075/4302/2618 3076/4304/2620
f 3069/4278/2594 3068/4274/2590 3083/4303/2619 3084/4305/2621
f 3062/4280/2596 3061/4276/2592 3076/4304/2620 3077/4306/2622
f 3055/4283/2599 3370/4307/2598 3070/4308/2623
f 3526/4309/2600 3069/4278/2594 3084/4305/2621
f 3063/4286/2602 3062/4280/2596 3077/4306/2622 3078/4310/2624
f 3056/4288/2604 3055/4283/2599 3070/4308/2623 3071/4311/2625
f 3064/4290/2606 3063/4286/2602 3078/4310/2624 3079/4295/2611
f 3057/4292/2608 3056/4288/2604 3071/4311/2625 3072/4297/2613
f 3084/4305/2621 3083/4303/2619 3098/4312/2626 3099/4313/2627
f 3077/4306/2622 3076/4304/2620 3091/4314/2628 3092/4315/2629
f 3070/4308/2623 3370/4316/2598 3085/4317/2630
f 3526/4318/2600 3084/4305/2621 3099/4313/2627
f 3078/4310/2624 3077/4306/2622 3092/4315/2629 3093/4319/2631
f 3071/4311/2625 3070/4308/2623 3085/4317/2630 3086/4320/2632
f 3079/4295/2611 3078/4310/2624 3093/4319/2631 3094/4321/2633
f 3072/4297/2613 3071/4311/2625 3086/4320/2632 3087/4322/2634
f 3080/4296/2612 3079/4295/2611 3094/4321/2633 3095/4323/2635
f 3073/4298/2614 3072/4297/2613 3087/4322/2634 3088/4324/2636
f 3081/4299/2615 3080/4296/2612 3095/4323/2635 3096/4325/2637
f 3074/4300/2616 3073/4298/2614 3088/4324/2636 3089/4326/2638
f 3082/4301/2617 3081/4299/2615 3096/4325/2637 3097/4327/2639
f 3075/4302/2618 3074/4300/2616 3089/4326/2638 3090/4328/2640
f 3083/4303/2619 3082/4301/2617 3097/4327/2639 3098/4312/2626
f 3076/4304/2620 3075/4302/2618 3090/4328/2640 3091/4314/2628
f 3096/4325/2637 3095/4323/2635 3110/4329/2641 3111/4330/2642
f 3089/4326/2638 3088/4324/2636 3103/4331/2643 3104/4332/2644
f 3097/4327/2639 3096/4325/2637 3111/4330/2642 3112/4333/2645
f 3090/4328/2640 3089/4326/2638 3104/4332/2644 3105/4334/2646
f 3098/4312/2626 3097/4327/2639 3112/4333/2645 3113/4335/2647
f 3091/4314/2628 3090/4328/2640 3105/4334/2646 3106/4336/2648
f 3099/4313/2627 3098/4312/2626 3113/4335/2647 3114/4337/2649
f 3092/4315/2629 3091/4314/2628 3106/4336/2648 3107/4338/2650
f 3085/4317/2630 3370/4339/2598 3100/4340/2651
f 3526/4341/2600 3099/4313/2627 3114/4337/2649
f 3093/4319/2631 3092/4315/2629 3107/4338/2650 3108/4342/2652
f 3086/4320/2632 3085/4317/2630 3100/4340/2651 3101/4343/2653
f 3094/4321/2633 3093/4319/2631 3108/4342/2652 3109/4344/2654
f 3087/4322/2634 3086/4320/2632 3101/4343/2653 3102/4345/2655
f 3095/4323/2635 3094/4321/2633 3109/4344/2654 3110/4329/2641
f 3088/4324/2636 3087/4322/2634 3102/4345/2655 3103/4331/2643
f 3100/4340/2651 3370/4346/2598 3115/4347/2656
f 3526/4348/2600 3114/4337/2649 3129/4349/2657
f 3108/4342/2652 3107/4338/2650 3122/4350/2658 3123/4351/2659
f 3101/4343/2653 3100/4340/2651 3115/4347/2656 3116/4352/2660
f 3109/4344/2654 3108/4342/2652 3123/4351/2659 3124/4353/2661
f 3102/4345/2655 3101/4343/2653 3116/4352/2660 3117/4354/2662
f 3110/4329/2641 3109/4344/2654 3124/4353/2661 3125/4355/2663
f 3103/4331/2643 3102/4345/2655 3117/4354/2662 3118/4356/2664
f 3111/4330/2642 3110/4329/2641 3125/4355/2663 3126/4357/2665
f 3104/4332/2644 3103/4331/2643 3118/4356/2664 3119/4358/2666
f 3112/4333/2645 3111/4330/2642 3126/4357/2665 3127/4359/2667
f 3105/4334/2646 3104/4332/2644 3119/4358/2666 3120/4360/2668
f 3113/4335/2647 3112/4333/2645 3127/4359/2667 3128/4361/2669
f 3106/4336/2648 3105/4334/2646 3120/4360/2668 3121/4362/2670
f 3114/4337/2649 3113/4335/2647 3128/4361/2669 3129/4349/2657
f 3107/4338/2650 3106/4336/2648 3121/4362/2670 3122/4350/2658
f 3119/4358/2666 3118/4356/2664 3133/4363/2671 3134/4364/2672
f 3127/4359/2667 3126/4357/2665 3141/4365/2673 3142/4366/2674
f 3120/4360/2668 3119/4358/2666 3134/4364/2672 3135/4367/2675
f 3128/4361/2669 3127/4359/2667 3142/4366/2674 3143/4368/2676
f 3121/4362/2670 3120/4360/2668 3135/4367/2675 3136/4369/2677
f 3129/4349/2657 3128/4361/2669 3143/4368/2676 3144/4370/2678
f 3122/4350/2658 3121/4362/2670 3136/4369/2677 3137/4371/2679
f 3115/4347/2656 3370/4372/2598 3130/4373/2680
f 3526/4374/2600 3129/4349/2657 3144/4370/2678
f 3123/4351/2659 3122/4350/2658 3137/4371/2679 3138/4375/2681
f 3116/4352/2660 3115/4347/2656 3130/4373/2680 3131/4376/2682
f 3124/4353/2661 3123/4351/2659 3138/4375/2681 3139/4377/2683
f 3117/4354/2662 3116/4352/2660 3131/4376/2682 3132/4378/2684
f 3125/4355/2663 3124/4353/2661 3139/4377/2683 3140/4379/2685
f 3118/4356/2664 3117/4354/2662 3132/4378/2684 3133/4363/2671
f 3126/4357/2665 3125/4355/2663 3140/4379/2685 3141/4365/2673
f 3138/4375/2681 3137/4371/2679 3152/4380/2686 3153/4381/2687
f 3131/4376/2682 3130/4373/2680 3145/4382/2688 3146/4383/2689
f 3139/4377/2683 3138/4375/2681 3153/4381/2687 3154/4384/2690
f 3132/4378/2684 3131/4376/2682 3146/4383/2689 3147/4385/2691
f 3140/4379/2685 3139/4377/2683 3154/4384/2690 3155/4386/2692
f 3133/4363/2671 3132/4378/2684 3147/4385/2691 3148/4387/2693
f 3141/4365/2673 3140/4379/2685 3155/4386/2692 3156/4388/2694
f 3134/4364/2672 3133/4363/2671 3148/4387/2693 3149/4389/2695
f 3142/4366/2674 3141/4365/2673 3156/4388/2694 3157/4390/2696
f 3135/4367/2675 3134/4364/2672 3149/4389/2695 3150/4391/2697
f 3143/4368/2676 3142/4366/2674 3157/4390/2696 3158/4392/2698
f 3136/4369/2677 3135/4367/2675 3150/4391/2697 3151/4393/2699
f 3144/4370/2678 3143/4368/2676 3158/4392/2698 3159/4394/2700
f 3137/4371/2679 3136/4369/2677 3151/4393/2699 3152/4380/2686
f 3130/4373/2680 3370/4395/2598 3145/4382/2688
f 3526/4396/2600 3144/4370/2678 3159/4394/2700
f 3157/4390/2696 3156/4388/2694 3171/4397/2701 3172/4398/2702
f 3150/4391/2697 3149/4389/2695 3164/4399/2703 3165/4400/2704
f 3158/4392/2698 3157/4390/2696 3172/4398/2702 3173/4401/2705
f 3151/4393/2699 3150/4391/2697 3165/4400/2704 3166/4402/2706
f 3159/4394/2700 3158/4392/2698 3173/4401/2705 3174/4403/2707
f 3152/4380/2686 3151/4393/2699 3166/4402/2706 3167/4404/2708
f 3145/4382/2688 3370/4405/2598 3160/4406/2709
f 3526/4407/2600 3159/4394/2700 3174/4403/2707
f 3153/4381/2687 3152/4380/2686 3167/4404/2708 3168/4408/2710
f 3146/4383/2689 3145/4382/2688 3160/4406/2709 3161/4409/2711
f 3154/4384/2690 3153/4381/2687 3168/4408/2710 3169/4410/2712
f 3147/4385/2691 3146/4383/2689 3161/4409/2711 3162/4411/2713
f 3155/4386/2692 3154/4384/2690 3169/4410/2712 3170/4412/2714
f 3148/4387/2693 3147/4385/2691 3162/4411/2713 3163/4413/2715
f 3156/4388/2694 3155/4386/2692 3170/4412/2714 3171/4397/2701
f 3149/4389/2695 3148/4387/2693 3163/4413/2715 3164/4399/2703
f 3161/4409/2711 3160/4406/2709 3175/4414/2716 3176/4415/2717
f 3169/4410/2712 3168/4408/2710 3183/4416/2718 3184/4417/2719
f 3162/4411/2713 3161/4409/2711 3176/4415/2717 3177/4418/2720
f 3170/4412/2714 3169/4410/2712 3184/4417/2719 3185/4419/2721
f 3163/4413/2715 3162/4411/2713 3177/4418/2720 3178/4420/2722
f 3171/4397/2701 3170/4412/2714 3185/4419/2721 3186/4421/2723
f 3164/4399/2703 3163/4413/2715 3178/4420/2722 3179/4422/2724
f 3172/4398/2702 3171/4397/2701 3186/4421/2723 3187/4423/2725
f 3165/4400/2704 3164/4399/2703 3179/4422/2724 3180/4424/2726
f 3173/4401/2705 3172/4398/2702 3187/4423/2725 3188/4425/2727
f 3166/4402/2706 3165/4400/2704 3180/4424/2726 3181/4426/2728
f 3174/4403/2707 3173/4401/2705 3188/4425/2727 3189/4427/2729
f 3167/4404/2708 3166/4402/2706 3181/4426/2728 3182/4428/2730
f 3160/4406/2709 3370/4429/2598 3175/4414/2716
f 3526/4430/2600 3174/4403/2707 3189/4427/2729
f 3168/4408/2710 3167/4404/2708 3182/4428/2730 3183/4416/2718
f 3180/4424/2726 3179/4422/2724 3194/4431/2731 3195/4432/2732
f 3188/4425/2727 3187/4423/2725 3202/4433/2733 3203/4434/2734
f 3181/4426/2728 3180/4424/2726 3195/4432/2732 3196/4435/2735
f 3189/4427/2729 3188/4425/2727 3203/4434/2734 3204/4436/2736
f 3182/4428/2730 3181/4426/2728 3196/4435/2735 3197/4437/2737
f 3175/4414/2716 3370/4438/2598 3190/4439/2738
f 3526/4440/2600 3189/4427/2729 3204/4436/2736
f 3183/4416/2718 3182/4428/2730 3197/4437/2737 3198/4441/2739
f 3176/4415/2717 3175/4414/2716 3190/4439/2738 3191/4442/2740
f 3184/4417/2719 3183/4416/2718 3198/4441/2739 3199/4443/2741
f 3177/4418/2720 3176/4415/2717 3191/4442/2740 3192/4444/2742
f 3185/4419/2721 3184/4417/2719 3199/4443/2741 3200/4445/2743
f 3178/4420/2722 3177/4418/2720 3192/4444/2742 3193/4446/2744
f 3186/4421/2723 3185/4419/2721 3200/4445/2743 3201/4447/2745
f 3179/4422/2724 3178/4420/2722 3193/4446/2744 3194/4431/2731
f 3187/4423/2725 3186/4421/2723 3201/4447/2745 3202/4433/2733
f 3199/4443/2741 3198/4441/2739 3213/4448/2746 3214/4449/2747
f 3192/4444/2742 3191/4442/2740 3206/4450/2748 3207/4451/2749
f 3200/4445/2743 3199/4443/2741 3214/4449/2747 3215/4452/2750
f 3193/4446/2744 3192/4444/2742 3207/4451/2749 3208/4453/2751
f 3201/4447/2745 3200/4445/2743 3215/4452/2750 3216/4454/2752
f 3194/4431/2731 3193/4446/2744 3208/4453/2751 3209/4455/2753
f 3202/4433/2733 3201/4447/2745 3216/4454/2752 3217/4456/2754
f 3195/4432/2732 3194/4431/2731 3209/4455/2753 3210/4457/2755
f 3203/4434/2734 3202/4433/2733 3217/4456/2754 3218/4458/2756
f 3196/4435/2735 3195/4432/2732 3210/4457/2755 3211/4459/2757
f 3204/4436/2736 3203/4434/2734 3218/4458/2756 3219/4460/2758
f 3197/4437/2737 3196/4435/2735 3211/4459/2757 3212/4461/2759
f 3190/4439/2738 3370/4462/2598 3205/4463/2760
f 3526/4464/2600 3204/4436/2736 3219/4460/2758
f 3198/4441/2739 3197/4437/2737 3212/4461/2759 3213/4448/2746
f 3191/4442/2740 3190/4439/2738 3205/4463/2760 3206/4450/2748
f 3218/4458/2756 3217/4456/2754 3232/4465/2761 3233/4466/2762
f 3211/4459/2757 3210/4457/2755 3225/4467/2763 3226/4468/2764
f 3219/4460/2758 3218/4458/2756 3233/4466/2762 3234/4469/2765
f 3212/4461/2759 3211/4459/2757 3226/4468/2764 3227/4470/2766
f 3205/4463/2760 3370/4471/2598 3220/4472/2767
f 3526/4473/2600 3219/4460/2758 3234/4469/2765
f 3213/4448/2746 3212/4461/2759 3227/4470/2766 3228/4474/2768
f 3206/4450/2748 3205/4463/2760 3220/4472/2767 3221/4475/2769
f 3214/4449/2747 3213/4448/2746 3228/4474/2768 3229/4476/2770
f 3207/4451/2749 3206/4450/2748 3221/4475/2769 3222/4477/2771
f 3215/4452/2750 3214/4449/2747 3229/4476/2770 3230/4478/2772
f 3208/4453/2751 3207/4451/2749 3222/4477/2771 3223/4479/2773
f 3216/4454/2752 3215/4452/2750 3230/4478/2772 3231/4480/2774
f 3209/4455/2753 3208/4453/2751 3223/4479/2773 3224/4481/2775
f 3217/4456/2754 3216/4454/2752 3231/4480/2774 3232/4465/2761
f 3210/4457/2755 3209/4455/2753 3224/4481/2775 3225/4467/2763
f 3230/4478/2772 3229/4476/2770 3244/4482/2776 3245/4483/2777
f 3223/4479/2773 3222/4477/2771 3237/4484/2778 3238/4485/2779
f 3231/4480/2774 3230/4478/2772 3245/4483/2777 3246/4486/2780
f 3224/4481/2775 3223/4479/2773 3238/4485/2779 3239/4487/2781
f 3232/4465/2761 3231/4480/2774 3246/4486/2780 3247/4488/2782
f 3225/4467/2763 3224/4481/2775 3239/4487/2781 3240/4489/2783
f 3233/4466/2762 3232/4465/2761 3247/4488/2782 3248/4490/2784
f 3226/4468/2764 3225/4467/2763 3240/4489/2783 3241/4491/2785
f 3234/4469/2765 3233/4466/2762 3248/4490/2784 3249/4492/2786
f 3227/4470/2766 3226/4468/2764 3241/4491/2785 3242/4493/2787
f 3220/4472/2767 3370/4494/2598 3235/4495/2788
f 3526/4496/2600 3234/4469/2765 3249/4492/2786
f 3228/4474/2768 3227/4470/2766 3242/4493/2787 3243/4497/2789
f 3221/4475/2769 3220/4472/2767 3235/4495/2788 3236/4498/2790
f 3229/4476/2770 3228/4474/2768 3243/4497/2789 3244/4482/2776
f 3222/4477/2771 3221/4475/2769 3236/4498/2790 3237/4484/2778
f 3249/4492/2786 3248/4490/2784 3263/4499/2791 3264/4500/2792
f 3242/4493/2787 3241/4491/2785 3256/4501/2793 3257/4502/2794
f 3235/4495/2788 3370/4503/2598 3250/4504/2795
f 3526/4505/2600 3249/4492/2786 3264/4500/2792
f 3243/4497/2789 3242/4493/2787 3257/4502/2794 3258/4506/2796
f 3236/4498/2790 3235/4495/2788 3250/4504/2795 3251/4507/2797
f 3244/4482/2776 3243/4497/2789 3258/4506/2796 3259/4508/2798
f 3237/4484/2778 3236/4498/2790 3251/4507/2797 3252/4509/2799
f 3245/4483/2777 3244/4482/2776 3259/4508/2798 3260/4510/2800
f 3238/4485/2779 3237/4484/2778 3252/4509/2799 3253/4511/2801
f 3246/4486/2780 3245/4483/2777 3260/4510/2800 3261/4512/2802
f 3239/4487/2781 3238/4485/2779 3253/4511/2801 3254/4513/2803
f 3247/4488/2782 3246/4486/2780 3261/4512/2802 3262/4514/2804
f 3240/4489/2783 3239/4487/2781 3254/4513/2803 3255/4515/2805
f 3248/4490/2784 3247/4488/2782 3262/4514/2804 3263/4499/2791
f 3241/4491/2785 3240/4489/2783 3255/4515/2805 3256/4501/2793
f 3253/4511/2801 3252/4509/2799 3267/4516/2806 3268/4517/2807
f 3261/4512/2802 3260/4510/2800 3275/4518/2808 3276/4519/2809
f 3254/4513/2803 3253/4511/2801 3268/4517/2807 3269/4520/2810
f 3262/4514/2804 3261/4512/2802 3276/4519/2809 3277/4521/2811
f 3255/4515/2805 3254/4513/2803 3269/4520/2810 3270/4522/2812
f 3263/4499/2791 3262/4514/2804 3277/4521/2811 3278/4523/2813
f 3256/4501/2793 3255/4515/2805 3270/4522/2812 3271/4524/2814
f 3264/4500/2792 3263/4499/2791 3278/4523/2813 3279/4525/2815
f 3257/4502/2794 3256/4501/2793 3271/4524/2814 3272/4526/2816
f 3250/4504/2795 3370/4527/2598 3265/4528/2817
f 3526/4529/2600 3264/4500/2792 3279/4525/2815
f 3258/4506/2796 3257/4502/2794 3272/4526/2816 3273/4530/2818
f 3251/4507/2797 3250/4504/2795 3265/4528/2817 3266/4531/2819
f 3259/4508/2798 3258/4506/2796 3273/4530/2818 3274/4532/2820
f 3252/4509/2799 3251/4507/2797 3266/4531/2819 3267/4516/2806
f 3260/4510/2800 3259/4508/2798 3274/4532/2820 3275/4518/2808
f 3272/4526/2816 3271/4524/2814 3286/4533/2821 3287/4534/2822
f 3265/4528/2817 3370/4535/2598 3280/4536/2823
f 3526/4537/2600 3279/4525/2815 3294/4538/2824
f 3273/4530/2818 3272/4526/2816 3287/4534/2822 3288/4539/2825
f 3266/4531/2819 3265/4528/2817 3280/4536/2823 3281/4540/2826
f 3274/4532/2820 3273/4530/2818 3288/4539/2825 3289/4541/2827
f 3267/4516/2806 3266/4531/2819 3281/4540/2826 3282/4542/2828
f 3275/4518/2808 3274/4532/2820 3289/4541/2827 3290/4543/2829
f 3268/4517/2807 3267/4516/2806 3282/4542/2828 3283/4544/2830
f 3276/4519/2809 3275/4518/2808 3290/4543/2829 3291/4545/2831
f 3269/4520/2810 3268/4517/2807 3283/4544/2830 3284/4546/2832
f 3277/4521/2811 3276/4519/2809 3291/4545/2831 3292/4547/2833
f 3270/4522/2812 3269/4520/2810 3284/4546/2832 3285/4548/2834
f 3278/4523/2813 3277/4521/2811 3292/4547/2833 3293/4549/2835
f 3271/4524/2814 3270/4522/2812 3285/4548/2834 3286/4533/2821
f 3279/4525/2815 3278/4523/2813 3293/4549/2835 3294/4538/2824
f 3291/4545/2831 3290/4543/2829 3305/4550/2836 3306/4551/2837
f 3284/4546/2832 3283/4544/2830 3298/4552/2838 3299/4553/2839
f 3292/4547/2833 3291/4545/2831 3306/4551/2837 3307/4554/2840
f 3285/4548/2834 3284/4546/2832 3299/4553/2839 3300/4555/2841
f 3293/4549/2835 3292/4547/2833 3307/4554/2840 3308/4556/2842
f 3286/4533/2821 3285/4548/2834 3300/4555/2841 3301/4557/2843
f 3294/4538/2824 3293/4549/2835 3308/4556/2842 3309/4558/2844
f 3287/4534/2822 3286/4533/2821 3301/4557/2843 3302/4559/2845
f 3280/4536/2823 3370/4560/2598 3295/4561/2846
f 3526/4562/2600 3294/4538/2824 3309/4558/2844
f 3288/4539/2825 3287/4534/2822 3302/4559/2845 3303/4563/2847
f 3281/4540/2826 3280/4536/2823 3295/4561/2846 3296/4564/2848
f 3289/4541/2827 3288/4539/2825 3303/4563/2847 3304/4565/2849
f 3282/4542/2828 3281/4540/2826 3296/4564/2848 3297/4566/2850
f 3290/4543/2829 3289/4541/2827 3304/4565/2849 3305/4550/2836
f 3283/4544/2830 3282/4542/2828 3297/4566/2850 3298/4552/2838
f 3295/4561/2846 3370/4567/2598 3310/4568/2851
f 3526/4569/2600 3309/4558/2844 3324/4570/2852
f 3303/4563/2847 3302/4559/2845 3317/4571/2853 3318/4572/2854
f 3296/4564/2848 3295/4561/2846 3310/4568/2851 3311/4573/2855
f 3304/4565/2849 3303/4563/2847 3318/4572/2854 3319/4574/2856
f 3297/4566/2850 3296/4564/2848 3311/4573/2855 3312/4575/2857
f 3305/4550/2836 3304/4565/2849 3319/4574/2856 3320/4576/2858
f 3298/4552/2838 3297/4566/2850 3312/4575/2857 3313/4577/2859
f 3306/4551/2837 3305/4550/2836 3320/4576/2858 3321/4578/2860
f 3299/4553/2839 3298/4552/2838 3313/4577/2859 3314/4579/2861
f 3307/4554/2840 3306/4551/2837 3321/4578/2860 3322/4580/2862
f 3300/4555/2841 3299/4553/2839 3314/4579/2861 3315/4581/2863
f 3308/4556/2842 3307/4554/2840 3322/4580/2862 3323/4582/2864
f 3301/4557/2843 3300/4555/2841 3315/4581/2863 3316/4583/2865
f 3309/4558/2844 3308/4556/2842 3323/4582/2864 3324/4570/2852
f 3302/4559/2845 3301/4557/2843 3316/4583/2865 3317/4571/2853
f 3314/4579/2861 3313/4577/2859 3328/4584/2866 3329/4585/2867
f 3322/4580/2862 3321/4578/2860 3336/4586/2868 3337/4587/2869
f 3315/4581/2863 3314/4579/2861 3329/4585/2867 3330/4588/2870
f 3323/4582/2864 3322/4580/2862 3337/4587/2869 3338/4589/2871
f 3316/4583/2865 3315/4581/2863 3330/4588/2870 3331/4590/2872
f 3324/4570/2852 3323/4582/2864 3338/4589/2871 3339/4591/2873
f 3317/4571/2853 3316/4583/2865 3331/4590/2872 3332/4592/2874
f 3310/4568/2851 3370/4593/2598 3325/4594/2875
f 3526/4595/2600 3324/4570/2852 3339/4591/2873
f 3318/4572/2854 3317/4571/2853 3332/4592/2874 3333/4596/2876
f 3311/4573/2855 3310/4568/2851 3325/4594/2875 3326/4597/2877
f 3319/4574/2856 3318/4572/2854 3333/4596/2876 3334/4598/2878
f 3312/4575/2857 3311/4573/2855 3326/4597/2877 3327/4599/2879
f 3320/4576/2858 3319/4574/2856 3334/4598/2878 3335/4600/2880
f 3313/4577/2859 3312/4575/2857 3327/4599/2879 3328/4584/2866
f 3321/4578/2860 3320/4576/2858 3335/4600/2880 3336/4586/2868
f 3333/4596/2876 3332/4592/2874 3347/4601/2881 3348/4602/2882
f 3326/4597/2877 3325/4594/2875 3340/4603/2883 3341/4604/2884
f 3334/4598/2878 3333/4596/2876 3348/4602/2882 3349/4605/2885
f 3327/4599/2879 3326/4597/2877 3341/4604/2884 3342/4606/2886
f 3335/4600/2880 3334/4598/2878 3349/4605/2885 3350/4607/2887
f 3328/4584/2866 3327/4599/2879 3342/4606/2886 3343/4608/2888
f 3336/4586/2868 3335/4600/2880 3350/4607/2887 3351/4609/2889
f 3329/4585/2867 3328/4584/2866 3343/4608/2888 3344/4610/2890
f 3337/4587/2869 3336/4586/2868 3351/4609/2889 3352/4611/2891
f 3330/4588/2870 3329/4585/2867 3344/4610/2890 3345/4612/2892
f 3338/4589/2871 3337/4587/2869 3352/4611/2891 3353/4613/2893
f 3331/4590/2872 3330/4588/2870 3345/4612/2892 3346/4614/2894
f 3339/4591/2873 3338/4589/2871 3353/4613/2893 3354/4615/2895
f 3332/4592/2874 3331/4590/2872 3346/4614/2894 3347/4601/2881
f 3325/4594/2875 3370/4616/2598 3340/4603/2883
f 3526/4617/2600 3339/4591/2873 3354/4615/2895
f 3352/4611/2891 3351/4609/2889 3366/4618/2896 3367/4619/2897
f 3345/4612/2892 3344/4610/2890 3359/4620/2898 3360/4621/2899
f 3353/4613/2893 3352/4611/2891 3367/4619/2897 3368/4622/2900
f 3346/4614/2894 3345/4612/2892 3360/4621/2899 3361/4623/2901
f 3354/4615/2895 3353/4613/2893 3368/4622/2900 3369/4624/2902
f 3347/4601/2881 3346/4614/2894 3361/4623/2901 3362/4625/2903
f 3340/4603/2883 3370/4626/2598 3355/4627/2904
f 3526/4628/2600 3354/4615/2895 3369/4624/2902
f 3348/4602/2882 3347/4601/2881 3362/4625/2903 3363/4629/2905
f 3341/4604/2884 3340/4603/2883 3355/4627/2904 3356/4630/2906
f 3349/4605/2885 3348/4602/2882 3363/4629/2905 3364/4631/2907
f 3342/4606/2886 3341/4604/2884 3356/4630/2906 3357/4632/2908
f 3350/4607/2887 3349/4605/2885 3364/4631/2907 3365/4633/2909
f 3343/4608/2888 3342/4606/2886 3357/4632/2908 3358/4634/2910
f 3351/4609/2889 3350/4607/2887 3365/4633/2909 3366/4618/2896
f 3344/4610/2890 3343/4608/2888 3358/4634/2910 3359/4620/2898
f 3364/4631/2907 3363/4629/2905 3379/4635/2911 3380/4636/2912
f 3357/4632/2908 3356/4630/2906 3372/4637/2913 3373/4638/2914
f 3365/4633/2909 3364/4631/2907 3380/4636/2912 3381/4639/2915
f 3358/4634/2910 3357/4632/2908 3373/4638/2914 3374/4640/2916
f 3366/4618/2896 3365/4633/2909 3381/4639/2915 3382/4641/2917
f 3359/4620/2898 3358/4634/2910 3374/4640/2916 3375/4642/2918
f 3367/4619/2897 3366/4618/2896 3382/4641/2917 3383/4643/2919
f 3360/4621/2899 3359/4620/2898 3375/4642/2918 3376/4644/2920
f 3368/4622/2900 3367/4619/2897 3383/4643/2919 3384/4645/2921
f 3361/4623/2901 3360/4621/2899 3376/4644/2920 3377/4646/2922
f 3369/4624/2902 3368/4622/2900 3384/4645/2921 3385/4647/2923
f 3362/4625/2903 3361/4623/2901 3377/4646/2922 3378/4648/2924
f 3355/4627/2904 3370/4649/2598 3371/4650/2925
f 3526/4651/2600 3369/4624/2902 3385/4647/2923
f 3363/4629/2905 3362/4625/2903 3378/4648/2924 3379/4635/2911
f 3356/4630/2906 3355/4627/2904 3371/4650/2925 3372/4637/2913
f 3384/4645/2921 3383/4643/2919 3398/4652/2926 3399/4653/2927
f 3377/4646/2922 3376/4644/2920 3391/4654/2928 3392/4655/2929
f 3385/4647/2923 3384/4645/2921 3399/4653/2927 3400/4656/2930
f 3378/4648/2924 3377/4646/2922 3392/4655/2929 3393/4657/2931
f 3371/4650/2925 3370/4658/2598 3386/4659/2932
f 3526/4660/2600 3385/4647/2923 3400/4656/2930
f 3379/4635/2911 3378/4648/2924 3393/4657/2931 3394/4661/2933
f 3372/4637/2913 3371/4650/2925 3386/4659/2932 3387/4662/2934
f 3380/4636/2912 3379/4635/2911 3394/4661/2933 3395/4663/2935
f 3373/4638/2914 3372/4637/2913 3387/4662/2934 3388/4664/2936
f 3381/4639/2915 3380/4636/2912 3395/4663/2935 3396/4665/2937
f 3374/4640/2916 3373/4638/2914 3388/4664/2936 3389/4666/2938
f 3382/4641/2917 3381/4639/2915 3396/4665/2937 3397/4667/2939
f 3375/4642/2918 3374/4640/2916 3389/4666/2938 3390/4668/2940
f 3383/4643/2919 3382/4641/2917 3397/4667/2939 3398/4652/2926
f 3376/4644/2920 3375/4642/2918 3390/4668/2940 3391/4654/2928
f 3388/4664/2936 3387/4662/2934 3402/4669/2941 3403/4670/2942
f 3396/4665/2937 3395/4663/2935 3410/4671/2943 3411/4672/2944
f 3389/4666/2938 3388/4664/2936 3403/4670/2942 3404/4673/2945
f 3397/4667/2939 3396/4665/2937 3411/4672/2944 3412/4674/2946
f 3390/4668/2940 3389/4666/2938 3404/4673/2945 3405/4675/2947
f 3398/4652/2926 3397/4667/2939 3412/4674/2946 3413/4676/2948
f 3391/4654/2928 3390/4668/2940 3405/4675/2947 3406/4677/2949
f 3399/4653/2927 3398/4652/2926 3413/4676/2948 3414/4678/2950
f 3392/4655/2929 3391/4654/2928 3406/4677/2949 3407/4679/2951
f 3400/4656/2930 3399/4653/2927 3414/4678/2950 3415/4680/2952
f 3393/4657/2931 3392/4655/2929 3407/4679/2951 3408/4681/2953
f 3386/4659/2932 3370/4682/2598 3401/4683/2954
f 3526/4684/2600 3400/4656/2930 3415/4680/2952
f 3394/4661/2933 3393/4657/2931 3408/4681/2953 3409/4685/2955
f 3387/4662/2934 3386/4659/2932 3401/4683/2954 3402/4669/2941
f 3395/4663/2935 3394/4661/2933 3409/4685/2955 3410/4671/2943
f 3407/4686/2951 3406/4687/2949 3421/4688/2956 3422/4689/2957
f 3415/4690/2952 3414/4691/2950 3429/4692/2958 3430/4693/2959
f 3408/4694/2953 3407/4686/2951 3422/4689/2957 3423/4695/2960
f 3401/4696/2954 3370/4697/2598 3416/4698/2961
f 3526/4699/2600 3415/4690/2952 3430/4693/2959
f 3409/4700/2955 3408/4694/2953 3423/4695/2960 3424/4701/2962
f 3402/4702/2941 3401/4696/2954 3416/4698/2961 3417/4703/2963
f 3410/4704/2943 3409/4700/2955 3424/4701/2962 3425/4705/2964
f 3403/4706/2942 3402/4702/2941 3417/4703/2963 3418/4707/2965
f 3411/4708/2944 3410/4704/2943 3425/4705/2964 3426/4709/2966
f 3404/4710/2945 3403/4706/2942 3418/4707/2965 3419/4711/2967
f 3412/4712/2946 3411/4708/2944 3426/4709/2966 3427/4713/2968
f 3405/4714/2947 3404/4710/2945 3419/4711/2967 3420/4715/2969
f 3413/4716/2948 3412/4712/2946 3427/4713/2968 3428/4717/2970
f 3406/4687/2949 3405/4714/2947 3420/4715/2969 3421/4688/2956
f 3414/4691/2950 3413/4716/2948 3428/4717/2970 3429/4692/2958
f 3426/4709/2966 3425/4705/2964 3440/4718/2971 3441/4719/2972
f 3419/4711/2967 3418/4707/2965 3433/4720/2973 3434/4721/2974
f 3427/4713/2968 3426/4709/2966 3441/4719/2972 3442/4722/2975
f 3420/4715/2969 3419/4711/2967 3434/4721/2974 3435/4723/2976
f 3428/4717/2970 3427/4713/2968 3442/4722/2975 3443/4724/2977
f 3421/4688/2956 3420/4715/2969 3435/4723/2976 3436/4725/2978
f 3429/4692/2958 3428/4717/2970 3443/4724/2977 3444/4726/2979
f 3422/4689/2957 3421/4688/2956 3436/4725/2978 3437/4727/2980
f 3430/4693/2959 3429/4692/2958 3444/4726/2979 3445/4728/2981
f 3423/4695/2960 3422/4689/2957 3437/4727/2980 3438/4729/2982
f 3416/4698/2961 3370/4730/2598 3431/4731/2983
f 3526/4732/2600 3430/4693/2959 3445/4728/2981
f 3424/4701/2962 3423/4695/2960 3438/4729/2982 3439/4733/2984
f 3417/4703/2963 3416/4698/2961 3431/4731/2983 3432/4734/2985
f 3425/4705/2964 3424/4701/2962 3439/4733/2984 3440/4718/2971
f 3418/4707/2965 3417/4703/2963 3432/4734/2985 3433/4720/2973
f 3445/4728/2981 3444/4726/2979 3459/4735/2986 3460/4736/2987
f 3438/4729/2982 3437/4727/2980 3452/4737/2988 3453/4738/2989
f 3431/4731/2983 3370/4739/2598 3446/4740/2990
f 3526/4741/2600 3445/4728/2981 3460/4736/2987
f 3439/4733/2984 3438/4729/2982 3453/4738/2989 3454/4742/2991
f 3432/4734/2985 3431/4731/2983 3446/4740/2990 3447/4743/2992
f 3440/4718/2971 3439/4733/2984 3454/4742/2991 3455/4744/2993
f 3433/4720/2973 3432/4734/2985 3447/4743/2992 3448/4745/2994
f 3441/4719/2972 3440/4718/2971 3455/4744/2993 3456/4746/2995
f 3434/4721/2974 3433/4720/2973 3448/4745/2994 3449/4747/2996
f 3442/4722/2975 3441/4719/2972 3456/4746/2995 3457/4748/2997
f 3435/4723/2976 3434/4721/2974 3449/4747/2996 3450/4749/2998
f 3443/4724/2977 3442/4722/2975 3457/4748/2997 3458/4750/2999
f 3436/4725/2978 3435/4723/2976 3450/4749/2998 3451/4751/3000
f 3444/4726/2979 3443/4724/2977 3458/4750/2999 3459/4735/2986
f 3437/4727/2980 3436/4725/2978 3451/4751/3000 3452/4737/2988
f 3449/4747/2996 3448/4745/2994 3463/4752/3001 3464/4753/3002
f 3457/4748/2997 3456/4746/2995 3471/4754/3003 3472/4755/3004
f 3450/4749/2998 3449/4747/2996 3464/4753/3002 3465/4756/3005
f 3458/4750/2999 3457/4748/2997 3472/4755/3004 3473/4757/3006
f 3451/4751/3000 3450/4749/2998 3465/4756/3005 3466/4758/3007
f 3459/4735/2986 3458/4750/2999 3473/4757/3006 3474/4759/3008
f 3452/4737/2988 3451/4751/3000 3466/4758/3007 3467/4760/3009
f 3460/4736/2987 3459/4735/2986 3474/4759/3008 3475/4761/3010
f 3453/4738/2989 3452/4737/2988 3467/4760/3009 3468/4762/3011
f 3446/4740/2990 3370/4763/2598 3461/4764/3012
f 3526/4765/2600 3460/4736/2987 3475/4761/3010
f 3454/4742/2991 3453/4738/2989 3468/4762/3011 3469/4766/3013
f 3447/4743/2992 3446/4740/2990 3461/4764/3012 3462/4767/3014
f 3455/4744/2993 3454/4742/2991 3469/4766/3013 3470/4768/3015
f 3448/4745/2994 3447/4743/2992 3462/4767/3014 3463/4752/3001
f 3456/4746/2995 3455/4744/2993 3470/4768/3015 3471/4754/3003
f 3468/4762/3011 3467/4760/3009 3482/4769/3016 3483/4770/3017
f 3461/4764/3012 3370/4771/2598 3476/4772/3018
f 3526/4773/2600 3475/4761/3010 3490/4774/3019
f 3469/4766/3013 3468/4762/3011 3483/4770/3017 3484/4775/3020
f 3462/4767/3014 3461/4764/3012 3476/4772/3018 3477/4776/3021
f 3470/4768/3015 3469/4766/3013 3484/4775/3020 3485/4777/3022
f 3463/4752/3001 3462/4767/3014 3477/4776/3021 3478/4778/3023
f 3471/4754/3003 3470/4768/3015 3485/4777/3022 3486/4779/3024
f 3464/4753/3002 3463/4752/3001 3478/4778/3023 3479/4780/3025
f 3472/4755/3004 3471/4754/3003 3486/4779/3024 3487/4781/3026
f 3465/4756/3005 3464/4753/3002 3479/4780/3025 3480/4782/3027
f 3473/4757/3006 3472/4755/3004 3487/4781/3026 3488/4783/3028
f 3466/4758/3007 3465/4756/3005 3480/4782/3027 3481/4784/3029
f 3474/4759/3008 3473/4757/3006 3488/4783/3028 3489/4785/3030
f 3467/4760/3009 3466/4758/3007 3481/4784/3029 3482/4769/3016
f 3475/4761/3010 3474/4759/3008 3489/4785/3030 3490/4774/3019
f 3487/4781/3026 3486/4779/3024 3501/4786/3031 3502/4787/3032
f 3480/4782/3027 3479/4780/3025 3494/4788/3033 3495/4789/3034
f 3488/4783/3028 3487/4781/3026 3502/4787/3032 3503/4790/3035
f 3481/4784/3029 3480/4782/3027 3495/4789/3034 3496/4791/3036
f 3489/4785/3030 3488/4783/3028 3503/4790/3035 3504/4792/3037
f 3482/4769/3016 3481/4784/3029 3496/4791/3036 3497/4793/3038
f 3490/4774/3019 3489/4785/3030 3504/4792/3037 3505/4794/3039
f 3483/4770/3017 3482/4769/3016 3497/4793/3038 3498/4795/3040
f 3476/4772/3018 3370/4796/2598 3491/4797/3041
f 3526/4798/2600 3490/4774/3019 3505/4794/3039
f 3484/4775/3020 3483/4770/3017 3498/4795/3040 3499/4799/3042
f 3477/4776/3021 3476/4772/3018 3491/4797/3041 3492/4800/3043
f 3485/4777/3022 3484/4775/3020 3499/4799/3042 3500/4801/3044
f 3478/4778/3023 3477/4776/3021 3492/4800/3043 3493/4802/3045
f 3486/4779/3024 3485/4777/3022 3500/4801/3044 3501/4786/3031
f 3479/4780/3025 3478/4778/3023 3493/4802/3045 3494/4788/3033
f 3526/4803/2600 3505/4794/3039 3520/4804/3046
f 3499/4799/3042 3498/4795/3040 3513/4805/3047 3514/4806/3048
f 3492/4800/3043 3491/4797/3041 3506/4807/3049 3507/4808/3050
f 3500/4801/3044 3499/4799/3042 3514/4806/3048 3515/4809/3051
f 3493/4802/3045 3492/4800/3043 3507/4808/3050 3508/4810/3052
f 3501/4786/3031 3500/4801/3044 3515/4809/3051 3516/4811/3053
f 3494/4788/3033 3493/4802/3045 3508/4810/3052 3509/4812/3054
f 3502/4787/3032 3501/4786/3031 3516/4811/3053 3517/4813/3055
f 3495/4789/3034 3494/4788/3033 3509/4812/3054 3510/4814/3056
f 3503/4790/3035 3502/4787/3032 3517/4813/3055 3518/4815/3057
f 3496/4791/3036 3495/4789/3034 3510/4814/3056 3511/4816/3058
f 3504/4792/3037 3503/4790/3035 3518/4815/3057 3519/4817/3059
f 3497/4793/3038 3496/4791/3036 3511/4816/3058 3512/4818/3060
f 3505/4794/3039 3504/4792/3037 3519/4817/3059 3520/4804/3046
f 3498/4795/3040 3497/4793/3038 3512/4818/3060 3513/4805/3047
f 3491/4797/3041 3370/4819/2598 3506/4807/3049
f 3518/4815/3057 3517/4813/3055 3053/4268/2584 3054/4267/2583
f 3511/4816/3058 3510/4814/3056 3049/4263/2579 3050/4271/2587
f 3519/4817/3059 3518/4815/3057 3054/4267/2583 3524/4273/2589
f 3512/4818/3060 3511/4816/3058 3050/4271/2587 3051/4275/2591
f 3520/4804/3046 3519/4817/3059 3524/4273/2589 3525/4277/2593
f 3513/4805/3047 3512/4818/3060 3051/4275/2591 3521/4279/2595
f 3506/4807/3049 3370/4820/2598 3045/4281/2597
f 3526/4821/2600 3520/4804/3046 3525/4277/2593
f 3514/4806/3048 3513/4805/3047 3521/4279/2595 3522/4285/2601
f 3507/4808/3050 3506/4807/3049 3045/4281/2597 3046/4287/2603
f 3515/4809/3051 3514/4806/3048 3522/4285/2601 3523/4289/2605
f 3508/4810/3052 3507/4808/3050 3046/4287/2603 3047/4291/2607
f 3516/4811/3053 3515/4809/3051 3523/4289/2605 3052/4293/2609
f 3509/4812/3054 3508/4810/3052 3047/4291/2607 3048/4264/2580
f 3517/4813/3055 3516/4811/3053 3052/4293/2609 3053/4268/2584
f 3510/4814/3056 3509/4812/3054 3048/4264/2580 3049/4263/2579
o Sphere.006_Sphere.007
v 1.193378 4.253237 1.704418
v 1.179864 4.245397 1.704413
v 1.167408 4.232664 1.704408
v 1.156491 4.215528 1.704404
v 1.147532 4.194649 1.704401
v 1.140874 4.170828 1.704399
v 1.136775 4.144980 1.704397
v 1.147532 4.041551 1.704401
v 1.156491 4.020672 1.704404
v 1.167408 4.003537 1.704408
v 1.193650 4.253237 1.699174
v 1.180397 4.245397 1.694127
v 1.168182 4.232664 1.689474
v 1.157477 4.215528 1.685398
v 1.148691 4.194649 1.682051
v 1.142162 4.170828 1.679565
v 1.138141 4.144980 1.678034
v 1.136785 4.118100 1.677517
v 1.138141 4.091220 1.678034
v 1.142162 4.065372 1.679565
v 1.148691 4.041551 1.682051
v 1.157477 4.020672 1.685398
v 1.168182 4.003537 1.689474
v 1.180397 3.990804 1.694127
v 1.193650 3.982963 1.699174
v 1.194451 4.253237 1.694132
v 1.181969 4.245397 1.684235
v 1.170465 4.232664 1.675115
v 1.160382 4.215528 1.667122
v 1.152107 4.194649 1.660562
v 1.145959 4.170828 1.655686
v 1.142172 4.144980 1.652685
v 1.140893 4.118100 1.651672
v 1.142172 4.091220 1.652685
v 1.145959 4.065372 1.655686
v 1.152107 4.041551 1.660562
v 1.160382 4.020672 1.667122
v 1.170465 4.003537 1.675115
v 1.181969 3.990804 1.684235
v 1.194452 3.982963 1.694132
v 1.195752 4.253237 1.689484
v 1.184520 4.245397 1.675120
v 1.174169 4.232664 1.661883
v 1.165095 4.215528 1.650279
v 1.157650 4.194649 1.640757
v 1.152117 4.170828 1.633681
v 1.148710 4.144980 1.629323
v 1.147560 4.118100 1.627852
v 1.148710 4.091220 1.629323
v 1.152117 4.065372 1.633681
v 1.157650 4.041551 1.640757
v 1.165095 4.020672 1.650279
v 1.174169 4.003537 1.661883
v 1.184520 3.990804 1.675120
v 1.195752 3.982963 1.689484
v 1.197502 4.253237 1.685412
v 1.187951 4.245397 1.667132
v 1.179150 4.232664 1.650284
v 1.171437 4.215528 1.635518
v 1.165105 4.194649 1.623399
v 1.160401 4.170828 1.614394
v 1.157504 4.144980 1.608849
v 1.156526 4.118100 1.606976
v 1.157504 4.091220 1.608849
v 1.160401 4.065372 1.614394
v 1.165105 4.041551 1.623399
v 1.171437 4.020672 1.635518
v 1.179150 4.003537 1.650284
v 1.187951 3.990804 1.667132
v 1.197502 3.982963 1.685412
v 1.199633 4.253237 1.682070
v 1.192132 4.245397 1.660576
v 1.185220 4.232664 1.640767
v 1.179160 4.215528 1.623405
v 1.174188 4.194649 1.609155
v 1.170493 4.170828 1.598566
v 1.168218 4.144980 1.592046
v 1.167449 4.118100 1.589845
v 1.168218 4.091220 1.592046
v 1.170493 4.065372 1.598566
v 1.174188 4.041551 1.609155
v 1.179160 4.020672 1.623405
v 1.185220 4.003537 1.640767
v 1.192132 3.990804 1.660576
v 1.199633 3.982963 1.682070
v 1.202064 4.253237 1.679587
v 1.196900 4.245397 1.655705
v 1.192141 4.232664 1.633695
v 1.187970 4.215528 1.614404
v 1.184548 4.194649 1.598571
v 1.182004 4.170828 1.586807
v 1.180438 4.144980 1.579563
v 1.179910 4.118100 1.577117
v 1.180438 4.091220 1.579563
v 1.182004 4.065372 1.586807
v 1.184548 4.041551 1.598571
v 1.187970 4.020672 1.614404
v 1.192141 4.003537 1.633695
v 1.196900 3.990804 1.655705
v 1.202064 3.982963 1.679587
v 1.204700 4.253237 1.678058
v 1.202073 4.245397 1.652707
v 1.199652 4.232664 1.629342
v 1.197529 4.215528 1.608863
v 1.195787 4.194649 1.592057
v 1.194493 4.170828 1.579568
v 1.193696 4.144980 1.571878
v 1.193427 4.118100 1.569281
v 1.193696 4.091220 1.571878
v 1.194493 4.065372 1.579568
v 1.195787 4.041551 1.592057
v 1.197529 4.020672 1.608863
v 1.199652 4.003537 1.629342
v 1.202073 3.990804 1.652707
v 1.204700 3.982963 1.678058
v 1.207443 4.253237 1.677543
v 1.207452 4.245397 1.651696
v 1.207460 4.232664 1.627874
v 1.207468 4.215528 1.606995
v 1.207474 4.194649 1.589860
v 1.207479 4.170828 1.577127
v 1.207482 4.144980 1.569286
v 1.207483 4.118100 1.566639
v 1.207482 4.091220 1.569286
v 1.207479 4.065372 1.577127
v 1.207474 4.041551 1.589860
v 1.207468 4.020672 1.606995
v 1.207461 4.003537 1.627874
v 1.207452 3.990804 1.651696
v 1.207443 3.982963 1.677543
v 1.210184 4.253237 1.678060
v 1.212830 4.245397 1.652711
v 1.215269 4.232664 1.629347
v 1.217405 4.215528 1.608870
v 1.219159 4.194649 1.592065
v 1.220463 4.170828 1.579577
v 1.221266 4.144980 1.571888
v 1.221537 4.118100 1.569291
v 1.221266 4.091220 1.571888
v 1.220463 4.065372 1.579577
v 1.219159 4.041551 1.592065
v 1.217405 4.020672 1.608870
v 1.215269 4.003537 1.629347
v 1.212830 3.990804 1.652711
v 1.210184 3.982963 1.678060
v 1.212821 4.253237 1.679591
v 1.218001 4.245397 1.655712
v 1.222775 4.232664 1.633706
v 1.226960 4.215528 1.614418
v 1.230394 4.194649 1.598588
v 1.232946 4.170828 1.586826
v 1.234518 4.144980 1.579582
v 1.235049 4.118100 1.577137
v 1.234518 4.091220 1.579582
v 1.232946 4.065372 1.586826
v 1.230394 4.041551 1.598588
v 1.226960 4.020672 1.614418
v 1.222775 4.003537 1.633706
v 1.218001 3.990804 1.655712
v 1.212821 3.982963 1.679591
v 1.215250 4.253237 1.682075
v 1.222766 4.245397 1.660587
v 1.229693 4.232664 1.640783
v 1.235764 4.215528 1.623425
v 1.240747 4.194649 1.609179
v 1.244449 4.170828 1.598593
v 1.246729 4.144980 1.592075
v 1.247499 4.118100 1.589874
v 1.246729 4.091220 1.592075
v 1.244449 4.065372 1.598593
v 1.240747 4.041551 1.609179
v 1.235764 4.020672 1.623425
v 1.229693 4.003537 1.640783
v 1.222766 3.990804 1.660587
v 1.215250 3.982963 1.682075
v 1.217378 4.253237 1.685419
v 1.226941 4.245397 1.667146
v 1.235754 4.232664 1.650305
v 1.243480 4.215528 1.635544
v 1.249819 4.194649 1.623430
v 1.254529 4.170828 1.614428
v 1.257430 4.144980 1.608885
v 1.258410 4.118100 1.607013
v 1.257430 4.091220 1.608885
v 1.254529 4.065372 1.614428
v 1.249819 4.041551 1.623430
v 1.243480 4.020672 1.635544
v 1.235754 4.003537 1.650305
v 1.226941 3.990804 1.667146
v 1.217378 3.982963 1.685419
v 1.219124 4.253237 1.689493
v 1.230366 4.245397 1.675137
v 1.240728 4.232664 1.661907
v 1.249809 4.215528 1.650310
v 1.257262 4.194649 1.640793
v 1.262800 4.170828 1.633721
v 1.266210 4.144980 1.629366
v 1.267361 4.118100 1.627895
v 1.266210 4.091220 1.629366
v 1.262800 4.065372 1.633721
v 1.257262 4.041551 1.640793
v 1.249809 4.020672 1.650310
v 1.240728 4.003537 1.661907
v 1.230366 3.990804 1.675137
v 1.219124 3.982963 1.689493
v 1.220421 4.253237 1.694141
v 1.232911 4.245397 1.684254
v 1.244421 4.232664 1.675142
v 1.254510 4.215528 1.667156
v 1.262791 4.194649 1.660602
v 1.268943 4.170828 1.655731
v 1.272731 4.144980 1.652732
v 1.274011 4.118100 1.651720
v 1.272731 4.091220 1.652732
v 1.268943 4.065372 1.655731
v 1.262791 4.041551 1.660602
v 1.254510 4.020672 1.667156
v 1.244421 4.003537 1.675142
v 1.232911 3.990804 1.684254
v 1.220422 3.982963 1.694141
v 1.221220 4.253237 1.699184
v 1.234476 4.245397 1.694147
v 1.246694 4.232664 1.689503
v 1.257403 4.215528 1.685434
v 1.266191 4.194649 1.682094
v 1.272722 4.170828 1.679612
v 1.276743 4.144980 1.678085
v 1.278102 4.118100 1.677568
v 1.276743 4.091220 1.678085
v 1.272722 4.065372 1.679612
v 1.266191 4.041551 1.682094
v 1.257403 4.020672 1.685434
v 1.246694 4.003537 1.689503
v 1.234477 3.990804 1.694147
v 1.221220 3.982963 1.699184
v 1.221488 4.253237 1.704428
v 1.235003 4.245397 1.704433
v 1.247458 4.232664 1.704437
v 1.258375 4.215528 1.704441
v 1.267334 4.194649 1.704444
v 1.273992 4.170828 1.704447
v 1.278092 4.144980 1.704448
v 1.279476 4.118100 1.704449
v 1.278092 4.091220 1.704448
v 1.273992 4.065372 1.704447
v 1.267334 4.041551 1.704444
v 1.258375 4.020672 1.704441
v 1.247458 4.003537 1.704437
v 1.235003 3.990804 1.704433
v 1.221488 3.982963 1.704428
v 1.221216 4.253237 1.709673
v 1.234469 4.245397 1.714719
v 1.246683 4.232664 1.719371
v 1.257389 4.215528 1.723449
v 1.266175 4.194649 1.726795
v 1.272704 4.170828 1.729281
v 1.276724 4.144980 1.730812
v 1.278082 4.118100 1.731329
v 1.276724 4.091220 1.730812
v 1.272704 4.065372 1.729281
v 1.266175 4.041551 1.726795
v 1.257389 4.020672 1.723449
v 1.246683 4.003537 1.719371
v 1.234469 3.990804 1.714719
v 1.221216 3.982963 1.709673
v 1.220414 4.253237 1.714714
v 1.232896 4.245397 1.724610
v 1.244400 4.232664 1.733730
v 1.254483 4.215528 1.741725
v 1.262759 4.194649 1.748285
v 1.268908 4.170828 1.753160
v 1.272694 4.144980 1.756161
v 1.273973 4.118100 1.757175
v 1.272694 4.091220 1.756161
v 1.268908 4.065372 1.753160
v 1.262759 4.041551 1.748285
v 1.254483 4.020672 1.741725
v 1.244400 4.003537 1.733730
v 1.232896 3.990804 1.724610
v 1.220414 3.982963 1.714714
v 1.219113 4.253237 1.719361
v 1.230345 4.245397 1.733725
v 1.240697 4.232664 1.746964
v 1.249770 4.215528 1.758567
v 1.257216 4.194649 1.768089
v 1.262749 4.170828 1.775165
v 1.266156 4.144980 1.779523
v 1.267306 4.118100 1.780993
v 1.266156 4.091220 1.779523
v 1.262749 4.065372 1.775165
v 1.257216 4.041551 1.768089
v 1.249770 4.020672 1.758567
v 1.240697 4.003537 1.746964
v 1.230345 3.990804 1.733725
v 1.219113 3.982963 1.719361
v 1.217364 4.253237 1.723434
v 1.226914 4.245397 1.741715
v 1.235715 4.232664 1.758562
v 1.243430 4.215528 1.773329
v 1.249761 4.194649 1.785447
v 1.254464 4.170828 1.794452
v 1.257361 4.144980 1.799998
v 1.258340 4.118100 1.801870
v 1.257361 4.091220 1.799998
v 1.254464 4.065372 1.794452
v 1.249761 4.041551 1.785447
v 1.243430 4.020672 1.773329
v 1.235715 4.003537 1.758562
v 1.226914 3.990804 1.741715
v 1.217364 3.982963 1.723434
v 1.215234 4.253237 1.726776
v 1.222734 4.245397 1.748270
v 1.229647 4.232664 1.768079
v 1.235705 4.215528 1.785442
v 1.240678 4.194649 1.799691
v 1.244372 4.170828 1.810279
v 1.246648 4.144980 1.816800
v 1.247416 4.118100 1.819001
v 1.246648 4.091220 1.816800
v 1.244372 4.065372 1.810279
v 1.240678 4.041551 1.799692
v 1.235705 4.020672 1.785442
v 1.229647 4.003537 1.768079
v 1.222734 3.990804 1.748270
v 1.215234 3.982963 1.726776
v 1.207433 4.255885 1.704423
v 1.212803 4.253237 1.729260
v 1.217965 4.245397 1.753142
v 1.222724 4.232664 1.775150
v 1.226895 4.215528 1.794442
v 1.230317 4.194649 1.810274
v 1.232861 4.170828 1.822039
v 1.234428 4.144980 1.829283
v 1.234957 4.118100 1.831730
v 1.234428 4.091220 1.829283
v 1.232861 4.065372 1.822039
v 1.230317 4.041551 1.810274
v 1.226895 4.020672 1.794442
v 1.222724 4.003537 1.775150
v 1.217965 3.990804 1.753142
v 1.212803 3.982963 1.729260
v 1.210165 4.253237 1.730788
v 1.212793 4.245397 1.756140
v 1.215215 4.232664 1.779504
v 1.217336 4.215528 1.799983
v 1.219078 4.194649 1.816790
v 1.220373 4.170828 1.829278
v 1.221170 4.144980 1.836969
v 1.221439 4.118100 1.839565
v 1.221170 4.091220 1.836969
v 1.220373 4.065372 1.829278
v 1.219078 4.041551 1.816790
v 1.217336 4.020672 1.799983
v 1.215215 4.003537 1.779504
v 1.212793 3.990804 1.756140
v 1.210165 3.982963 1.730788
v 1.207423 4.253237 1.731304
v 1.207414 4.245397 1.757151
v 1.207405 4.232664 1.780972
v 1.207398 4.215528 1.801852
v 1.207391 4.194649 1.818987
v 1.207387 4.170828 1.831720
v 1.207384 4.144980 1.839560
v 1.207383 4.118100 1.842208
v 1.207384 4.091220 1.839560
v 1.207387 4.065372 1.831720
v 1.207391 4.041551 1.818987
v 1.207398 4.020672 1.801852
v 1.207405 4.003537 1.780972
v 1.207414 3.990804 1.757151
v 1.207423 3.982963 1.731304
v 1.204681 4.253237 1.730786
v 1.202036 4.245397 1.756136
v 1.199598 4.232664 1.779498
v 1.197460 4.215528 1.799976
v 1.195706 4.194649 1.816781
v 1.194403 4.170828 1.829269
v 1.193600 4.144980 1.836959
v 1.193329 4.118100 1.839555
v 1.193600 4.091220 1.836959
v 1.194403 4.065372 1.829269
v 1.195706 4.041551 1.816781
v 1.197460 4.020672 1.799976
v 1.199598 4.003537 1.779498
v 1.202036 3.990804 1.756136
v 1.204681 3.982963 1.730786
v 1.202046 4.253237 1.729256
v 1.196865 4.245397 1.753134
v 1.192090 4.232664 1.775139
v 1.187905 4.215528 1.794428
v 1.184472 4.194649 1.810257
v 1.181919 4.170828 1.822020
v 1.180348 4.144980 1.829264
v 1.179818 4.118100 1.831710
v 1.180348 4.091220 1.829264
v 1.181919 4.065372 1.822020
v 1.184472 4.041551 1.810257
v 1.187905 4.020672 1.794428
v 1.192090 4.003537 1.775139
v 1.196865 3.990804 1.753134
v 1.202046 3.982963 1.729256
v 1.199617 4.253237 1.726771
v 1.192100 4.245397 1.748259
v 1.185174 4.232664 1.768063
v 1.179102 4.215528 1.785421
v 1.174119 4.194649 1.799667
v 1.170417 4.170828 1.810252
v 1.168136 4.144980 1.816772
v 1.167367 4.118100 1.818972
v 1.168136 4.091220 1.816772
v 1.170417 4.065372 1.810252
v 1.174119 4.041551 1.799667
v 1.179102 4.020672 1.785421
v 1.185174 4.003537 1.768063
v 1.192100 3.990804 1.748259
v 1.199617 3.982963 1.726771
v 1.197488 4.253237 1.723427
v 1.187924 4.245397 1.741701
v 1.179111 4.232664 1.758541
v 1.171387 4.215528 1.773303
v 1.165047 4.194649 1.785416
v 1.160336 4.170828 1.794418
v 1.157435 4.144980 1.799962
v 1.156456 4.118100 1.801833
v 1.157435 4.091220 1.799962
v 1.160336 4.065372 1.794418
v 1.165047 4.041551 1.785416
v 1.171387 4.020672 1.773303
v 1.179111 4.003537 1.758541
v 1.187924 3.990804 1.741701
v 1.197488 3.982963 1.723427
v 1.195741 4.253237 1.719352
v 1.184499 4.245397 1.733708
v 1.174139 4.232664 1.746940
v 1.165056 4.215528 1.758536
v 1.157604 4.194649 1.768053
v 1.152065 4.170828 1.775125
v 1.148656 4.144980 1.779479
v 1.147504 4.118100 1.780950
v 1.148656 4.091220 1.779479
v 1.152065 4.065372 1.775125
v 1.157604 4.041551 1.768053
v 1.165056 4.020672 1.758536
v 1.174139 4.003537 1.746940
v 1.184499 3.990804 1.733708
v 1.195741 3.982963 1.719352
v 1.194444 4.253237 1.714705
v 1.181955 4.245397 1.724591
v 1.170444 4.232664 1.733703
v 1.160355 4.215528 1.741691
v 1.152075 4.194649 1.748245
v 1.145923 4.170828 1.753115
v 1.142134 4.144980 1.756114
v 1.140855 4.118100 1.757127
v 1.142134 4.091220 1.756114
v 1.145923 4.065372 1.753115
v 1.152075 4.041551 1.748245
v 1.160355 4.020672 1.741691
v 1.170444 4.003537 1.733703
v 1.181955 3.990804 1.724591
v 1.194444 3.982963 1.714705
v 1.193646 4.253237 1.709663
v 1.180389 4.245397 1.714700
v 1.168172 4.232664 1.719342
v 1.157463 4.215528 1.723413
v 1.148675 4.194649 1.726752
v 1.142144 4.170828 1.729234
v 1.138122 4.144980 1.730762
v 1.136765 4.118100 1.731278
v 1.138122 4.091220 1.730762
v 1.142144 4.065372 1.729234
v 1.148675 4.041551 1.726752
v 1.157463 4.020672 1.723413
v 1.168172 4.003537 1.719342
v 1.180389 3.990804 1.714700
v 1.193646 3.982963 1.709663
v 1.135390 4.118100 1.704397
v 1.136775 4.091220 1.704397
v 1.140874 4.065372 1.704399
v 1.179864 3.990804 1.704413
v 1.193378 3.982963 1.704418
v 1.207433 3.980316 1.704423
vn -0.9433 0.3318 -0.0003
vn -0.8847 0.4663 -0.0003
vn -0.8770 0.4714 -0.0924
vn -0.9366 0.3360 -0.0988
vn -0.7846 -0.6200 -0.0003
vn -0.8846 -0.4663 -0.0003
vn -0.8770 -0.4714 -0.0924
vn -0.7761 -0.6253 -0.0816
vn -0.9771 0.2129 -0.0004
vn -0.9710 0.2158 -0.1025
vn -0.6167 -0.7872 -0.0002
vn -0.6083 -0.7912 -0.0633
vn -0.9946 0.1040 -0.0004
vn -0.9889 0.1055 -0.1044
vn -0.3533 -0.9355 -0.0001
vn -0.3478 -0.9369 -0.0352
vn -1.0000 -0.0000 -0.0004
vn -0.9945 -0.0000 -0.1050
vn -0.3533 0.9355 -0.0001
vn -0.0000 1.0000 -0.0000
vn -0.3478 0.9369 -0.0352
vn -0.0000 -1.0000 -0.0000
vn -0.9946 -0.1040 -0.0004
vn -0.9889 -0.1055 -0.1044
vn -0.6167 0.7872 -0.0002
vn -0.6083 0.7912 -0.0633
vn -0.9771 -0.2129 -0.0004
vn -0.9710 -0.2158 -0.1025
vn -0.7846 0.6200 -0.0003
vn -0.7761 0.6253 -0.0816
vn -0.9433 -0.3318 -0.0003
vn -0.9366 -0.3360 -0.0988
vn -0.9517 -0.2248 -0.2090
vn -0.9154 -0.3490 -0.2009
vn -0.7498 0.6411 -0.1637
vn -0.8531 0.4871 -0.1869
vn -0.8531 -0.4871 -0.1869
vn -0.9154 0.3490 -0.2009
vn -0.7498 -0.6411 -0.1637
vn -0.9517 0.2248 -0.2090
vn -0.5827 -0.8029 -0.1260
vn -0.9708 0.1101 -0.2132
vn -0.3312 -0.9410 -0.0698
vn -0.9767 -0.0000 -0.2146
vn -0.3312 0.9410 -0.0698
vn -0.9708 -0.1101 -0.2132
vn -0.5827 0.8029 -0.1260
vn -0.5387 -0.8213 -0.1877
vn -0.3033 -0.9473 -0.1030
vn -0.9359 0.1181 -0.3319
vn -0.9425 -0.0000 -0.3343
vn -0.3033 0.9473 -0.1030
vn -0.9359 -0.1181 -0.3319
vn -0.5387 0.8213 -0.1876
vn -0.9149 -0.2405 -0.3243
vn -0.7028 0.6670 -0.2472
vn -0.8753 -0.3713 -0.3100
vn -0.8090 0.5136 -0.2859
vn -0.8090 -0.5136 -0.2859
vn -0.8753 0.3713 -0.3100
vn -0.7028 -0.6670 -0.2472
vn -0.9149 0.2405 -0.3243
vn -0.8082 -0.4037 -0.4288
vn -0.7378 -0.5507 -0.3903
vn -0.7378 0.5507 -0.3903
vn -0.8082 0.4037 -0.4288
vn -0.6305 -0.7018 -0.3316
vn -0.8517 0.2640 -0.4527
vn -0.4745 -0.8449 -0.2470
vn -0.8754 0.1303 -0.4656
vn -0.2639 -0.9552 -0.1340
vn -0.8828 -0.0000 -0.4697
vn -0.2639 0.9552 -0.1340
vn -0.8754 -0.1303 -0.4656
vn -0.4745 0.8449 -0.2470
vn -0.8517 -0.2640 -0.4527
vn -0.6305 0.7018 -0.3317
vn -0.2129 0.9636 -0.1617
vn -0.2130 -0.9636 -0.1617
vn -0.7812 -0.0000 -0.6243
vn -0.7729 -0.1469 -0.6173
vn -0.3879 0.8709 -0.3017
vn -0.7469 -0.2953 -0.5958
vn -0.5266 0.7424 -0.4142
vn -0.7005 -0.4458 -0.5573
vn -0.6291 0.5967 -0.4983
vn -0.6291 -0.5967 -0.4982
vn -0.7005 0.4458 -0.5573
vn -0.5266 -0.7424 -0.4142
vn -0.7469 0.2953 -0.5958
vn -0.3879 -0.8709 -0.3017
vn -0.7729 0.1469 -0.6173
vn -0.4704 0.6456 -0.6016
vn -0.5339 0.4931 -0.6869
vn -0.4704 -0.6456 -0.6016
vn -0.3852 -0.7829 -0.4885
vn -0.5774 0.3320 -0.7459
vn -0.2779 -0.8953 -0.3481
vn -0.6027 0.1668 -0.7803
vn -0.1509 -0.9712 -0.1845
vn -0.6110 -0.0000 -0.7917
vn -0.1509 0.9712 -0.1845
vn -0.6027 -0.1668 -0.7803
vn -0.2779 0.8953 -0.3481
vn -0.5774 -0.3320 -0.7459
vn -0.3852 0.7829 -0.4885
vn -0.5339 -0.4931 -0.6869
vn -0.3457 -0.0000 -0.9383
vn -0.3401 -0.1851 -0.9220
vn -0.0788 0.9765 -0.2004
vn -0.1460 0.9132 -0.3806
vn -0.3232 -0.3649 -0.8732
vn -0.2056 0.8142 -0.5430
vn -0.2950 -0.5337 -0.7926
vn -0.2557 0.6856 -0.6817
vn -0.2557 -0.6856 -0.6817
vn -0.2950 0.5337 -0.7926
vn -0.2056 -0.8142 -0.5430
vn -0.3232 0.3649 -0.8732
vn -0.1460 -0.9131 -0.3806
vn -0.3401 0.1851 -0.9220
vn -0.0788 -0.9765 -0.2004
vn 0.0003 -0.7014 -0.7128
vn 0.0002 -0.8261 -0.5635
vn 0.0003 0.5503 -0.8350
vn 0.0003 0.3787 -0.9255
vn 0.0001 -0.9197 -0.3925
vn 0.0004 0.1929 -0.9812
vn 0.0001 -0.9785 -0.2062
vn 0.0004 -0.0000 -1.0000
vn 0.0001 0.9785 -0.2062
vn 0.0004 -0.1929 -0.9812
vn 0.0001 0.9198 -0.3925
vn 0.0003 -0.3787 -0.9255
vn 0.0002 0.8261 -0.5635
vn 0.0003 -0.5503 -0.8350
vn 0.0003 0.7014 -0.7128
vn 0.0789 0.9765 -0.2003
vn 0.1463 0.9132 -0.3805
vn 0.3408 -0.1851 -0.9217
vn 0.3238 -0.3649 -0.8729
vn 0.2061 0.8142 -0.5428
vn 0.2956 -0.5337 -0.7923
vn 0.2562 0.6856 -0.6815
vn 0.2562 -0.6856 -0.6815
vn 0.2956 0.5337 -0.7923
vn 0.2060 -0.8142 -0.5428
vn 0.3238 0.3649 -0.8729
vn 0.1463 -0.9131 -0.3805
vn 0.3408 0.1851 -0.9217
vn 0.0789 -0.9765 -0.2003
vn 0.3464 -0.0000 -0.9381
vn 0.5344 0.4931 -0.6865
vn 0.5780 0.3320 -0.7455
vn 0.3856 -0.7829 -0.4882
vn 0.2782 -0.8953 -0.3479
vn 0.6033 0.1668 -0.7799
vn 0.1510 -0.9712 -0.1844
vn 0.6115 -0.0000 -0.7912
vn 0.1510 0.9712 -0.1844
vn 0.6033 -0.1668 -0.7799
vn 0.2782 0.8953 -0.3479
vn 0.5780 -0.3320 -0.7455
vn 0.3856 0.7829 -0.4882
vn 0.5344 -0.4931 -0.6865
vn 0.4708 0.6456 -0.6012
vn 0.4708 -0.6456 -0.6012
vn 0.7733 -0.1469 -0.6168
vn 0.7473 -0.2953 -0.5952
vn 0.3881 0.8709 -0.3014
vn 0.5269 0.7424 -0.4138
vn 0.7009 -0.4458 -0.5568
vn 0.6294 0.5967 -0.4978
vn 0.6294 -0.5967 -0.4978
vn 0.7009 0.4458 -0.5568
vn 0.5269 -0.7424 -0.4138
vn 0.7473 0.2953 -0.5952
vn 0.3881 -0.8709 -0.3014
vn 0.7733 0.1469 -0.6168
vn 0.2131 -0.9636 -0.1615
vn 0.7817 -0.0000 -0.6237
vn 0.2131 0.9636 -0.1615
vn 0.6307 -0.7018 -0.3312
vn 0.4747 -0.8449 -0.2466
vn 0.8521 0.2639 -0.4520
vn 0.8757 0.1303 -0.4650
vn 0.2640 -0.9552 -0.1338
vn 0.8832 -0.0000 -0.4690
vn 0.2640 0.9552 -0.1338
vn 0.8757 -0.1303 -0.4650
vn 0.4746 0.8449 -0.2466
vn 0.8521 -0.2639 -0.4520
vn 0.6307 0.7018 -0.3312
vn 0.8085 -0.4037 -0.4282
vn 0.7381 0.5507 -0.3897
vn 0.7381 -0.5507 -0.3897
vn 0.8085 0.4037 -0.4282
vn 0.9151 -0.2405 -0.3237
vn 0.8755 -0.3713 -0.3093
vn 0.7030 0.6670 -0.2467
vn 0.8092 0.5136 -0.2853
vn 0.8092 -0.5136 -0.2853
vn 0.8755 0.3713 -0.3093
vn 0.7030 -0.6670 -0.2467
vn 0.9151 0.2405 -0.3237
vn 0.5389 -0.8213 -0.1873
vn 0.9361 0.1181 -0.3312
vn 0.3034 -0.9473 -0.1028
vn 0.9427 -0.0000 -0.3336
vn 0.3034 0.9473 -0.1028
vn 0.9361 -0.1181 -0.3312
vn 0.5388 0.8213 -0.1872
vn 0.5828 -0.8029 -0.1256
vn 0.3313 -0.9410 -0.0695
vn 0.9709 0.1101 -0.2126
vn 0.9769 -0.0000 -0.2139
vn 0.3313 0.9410 -0.0695
vn 0.9709 -0.1101 -0.2125
vn 0.5828 0.8029 -0.1256
vn 0.9519 -0.2248 -0.2083
vn 0.7499 0.6411 -0.1631
vn 0.9155 -0.3490 -0.2002
vn 0.8532 0.4871 -0.1863
vn 0.8532 -0.4871 -0.1863
vn 0.9155 0.3490 -0.2002
vn 0.7499 -0.6411 -0.1631
vn 0.9519 0.2248 -0.2083
vn 0.7762 0.6253 -0.0810
vn 0.8771 0.4714 -0.0918
vn 0.9367 -0.3360 -0.0982
vn 0.8771 -0.4714 -0.0918
vn 0.9367 0.3360 -0.0982
vn 0.7762 -0.6253 -0.0810
vn 0.9711 0.2158 -0.1018
vn 0.6083 -0.7912 -0.0629
vn 0.9890 0.1055 -0.1037
vn 0.3478 -0.9369 -0.0350
vn 0.9945 -0.0000 -0.1043
vn 0.3478 0.9369 -0.0350
vn 0.9890 -0.1055 -0.1037
vn 0.6083 0.7912 -0.0629
vn 0.9711 -0.2158 -0.1018
vn 0.9946 0.1040 0.0004
vn 1.0000 -0.0000 0.0004
vn 0.3533 0.9355 0.0001
vn 0.3533 -0.9355 0.0001
vn 0.9946 -0.1040 0.0004
vn 0.6167 0.7872 0.0002
vn 0.9771 -0.2129 0.0004
vn 0.7846 0.6200 0.0003
vn 0.9433 -0.3318 0.0003
vn 0.8846 0.4663 0.0003
vn 0.8846 -0.4663 0.0003
vn 0.9433 0.3318 0.0003
vn 0.7846 -0.6200 0.0003
vn 0.9771 0.2129 0.0004
vn 0.6167 -0.7872 0.0002
vn 0.9366 -0.3360 0.0988
vn 0.8770 -0.4715 0.0924
vn 0.8770 0.4714 0.0924
vn 0.9366 0.3360 0.0988
vn 0.7761 -0.6253 0.0816
vn 0.9710 0.2158 0.1025
vn 0.6083 -0.7912 0.0634
vn 0.9889 0.1055 0.1044
vn 0.3478 -0.9369 0.0352
vn 0.9945 -0.0000 0.1050
vn 0.3478 0.9369 0.0352
vn 0.9889 -0.1055 0.1044
vn 0.6083 0.7912 0.0634
vn 0.9710 -0.2158 0.1025
vn 0.7761 0.6253 0.0816
vn 0.3312 0.9410 0.0698
vn 0.3312 -0.9410 0.0698
vn 0.9767 -0.0000 0.2146
vn 0.9708 -0.1101 0.2133
vn 0.5827 0.8029 0.1260
vn 0.9517 -0.2248 0.2090
vn 0.7498 0.6411 0.1637
vn 0.9153 -0.3490 0.2009
vn 0.8531 0.4871 0.1869
vn 0.8531 -0.4871 0.1869
vn 0.9153 0.3490 0.2009
vn 0.7498 -0.6411 0.1637
vn 0.9517 0.2248 0.2090
vn 0.5827 -0.8029 0.1260
vn 0.9708 0.1101 0.2133
vn 0.8090 0.5136 0.2859
vn 0.8753 0.3713 0.3100
vn 0.8090 -0.5136 0.2859
vn 0.7028 -0.6670 0.2472
vn 0.9149 0.2405 0.3243
vn 0.5387 -0.8213 0.1876
vn 0.9359 0.1181 0.3319
vn 0.3033 -0.9473 0.1030
vn 0.9425 -0.0000 0.3343
vn 0.3033 0.9473 0.1030
vn 0.9359 -0.1181 0.3319
vn 0.5387 0.8213 0.1876
vn 0.9148 -0.2405 0.3243
vn 0.7028 0.6670 0.2472
vn 0.8753 -0.3713 0.3100
vn 0.8828 -0.0000 0.4697
vn 0.8754 -0.1303 0.4656
vn 0.2639 0.9552 0.1340
vn 0.4745 0.8449 0.2470
vn 0.8517 -0.2639 0.4527
vn 0.6305 0.7018 0.3317
vn 0.8082 -0.4037 0.4288
vn 0.7378 0.5507 0.3903
vn 0.7378 -0.5507 0.3903
vn 0.8082 0.4037 0.4288
vn 0.6305 -0.7018 0.3316
vn 0.8517 0.2639 0.4527
vn 0.4745 -0.8449 0.2470
vn 0.8754 0.1303 0.4656
vn 0.2639 -0.9552 0.1340
vn 0.6290 -0.5967 0.4983
vn 0.5266 -0.7424 0.4142
vn 0.7005 0.4458 0.5573
vn 0.7469 0.2953 0.5958
vn 0.3879 -0.8709 0.3017
vn 0.7729 0.1469 0.6173
vn 0.2130 -0.9636 0.1617
vn 0.7812 -0.0000 0.6243
vn 0.2130 0.9636 0.1617
vn 0.7729 -0.1469 0.6173
vn 0.3879 0.8709 0.3017
vn 0.7469 -0.2953 0.5958
vn 0.5266 0.7424 0.4142
vn 0.7005 -0.4458 0.5573
vn 0.6290 0.5967 0.4983
vn 0.6027 -0.1668 0.7803
vn 0.5774 -0.3320 0.7459
vn 0.2779 0.8953 0.3481
vn 0.3852 0.7829 0.4885
vn 0.5339 -0.4931 0.6869
vn 0.4704 0.6456 0.6016
vn 0.4704 -0.6456 0.6016
vn 0.5339 0.4931 0.6869
vn 0.3852 -0.7829 0.4885
vn 0.5774 0.3320 0.7459
vn 0.2779 -0.8953 0.3481
vn 0.6027 0.1668 0.7803
vn 0.1509 -0.9712 0.1845
vn 0.6110 -0.0000 0.7917
vn 0.1509 0.9712 0.1845
vn 0.2057 -0.8142 0.5430
vn 0.1460 -0.9131 0.3806
vn 0.3232 0.3649 0.8732
vn 0.3401 0.1851 0.9220
vn 0.0787 -0.9766 0.2004
vn 0.3457 -0.0000 0.9383
vn 0.0787 0.9766 0.2004
vn 0.3401 -0.1851 0.9220
vn 0.1460 0.9131 0.3806
vn 0.3232 -0.3649 0.8732
vn 0.2057 0.8142 0.5430
vn 0.2950 -0.5337 0.7926
vn 0.2557 0.6856 0.6817
vn 0.2557 -0.6856 0.6816
vn 0.2950 0.5337 0.7926
vn -0.0002 0.9198 0.3925
vn -0.0002 0.8261 0.5635
vn -0.0003 -0.3787 0.9255
vn -0.0003 -0.5503 0.8350
vn -0.0003 0.7014 0.7128
vn -0.0003 -0.7014 0.7128
vn -0.0003 0.5503 0.8350
vn -0.0002 -0.8261 0.5635
vn -0.0003 0.3786 0.9255
vn -0.0001 -0.9197 0.3925
vn -0.0004 0.1929 0.9812
vn -0.0001 -0.9785 0.2062
vn -0.0004 -0.0000 1.0000
vn -0.0001 0.9785 0.2062
vn -0.0004 -0.1929 0.9812
vn -0.3238 0.3649 0.8729
vn -0.3408 0.1851 0.9217
vn -0.1463 -0.9131 0.3805
vn -0.0789 -0.9766 0.2003
vn -0.3464 -0.0000 0.9381
vn -0.0789 0.9766 0.2003
vn -0.3408 -0.1851 0.9217
vn -0.1463 0.9131 0.3805
vn -0.3238 -0.3649 0.8729
vn -0.2060 0.8142 0.5428
vn -0.2956 -0.5337 0.7923
vn -0.2562 0.6856 0.6815
vn -0.2562 -0.6856 0.6815
vn -0.2956 0.5337 0.7923
vn -0.2060 -0.8142 0.5428
vn -0.5780 -0.3320 0.7455
vn -0.5344 -0.4931 0.6865
vn -0.3856 0.7829 0.4882
vn -0.4709 0.6456 0.6012
vn -0.4708 -0.6456 0.6012
vn -0.5344 0.4931 0.6865
vn -0.3856 -0.7829 0.4882
vn -0.5780 0.3320 0.7455
vn -0.2781 -0.8953 0.3479
vn -0.6033 0.1668 0.7799
vn -0.1510 -0.9712 0.1844
vn -0.6115 -0.0000 0.7912
vn -0.1511 0.9712 0.1844
vn -0.6033 -0.1668 0.7799
vn -0.2782 0.8953 0.3479
vn -0.3881 -0.8709 0.3014
vn -0.2130 -0.9636 0.1615
vn -0.7733 0.1469 0.6168
vn -0.7817 -0.0000 0.6237
vn -0.2131 0.9636 0.1615
vn -0.7733 -0.1469 0.6168
vn -0.3881 0.8709 0.3014
vn -0.7473 -0.2953 0.5952
vn -0.5269 0.7424 0.4138
vn -0.7009 -0.4458 0.5568
vn -0.6294 0.5967 0.4978
vn -0.6294 -0.5967 0.4978
vn -0.7009 0.4458 0.5568
vn -0.5269 -0.7424 0.4138
vn -0.7473 0.2953 0.5952
vn -0.6307 0.7018 0.3312
vn -0.7381 0.5507 0.3898
vn -0.8085 -0.4037 0.4282
vn -0.7381 -0.5507 0.3897
vn -0.8085 0.4037 0.4282
vn -0.6307 -0.7018 0.3312
vn -0.8520 0.2640 0.4520
vn -0.4747 -0.8449 0.2466
vn -0.8757 0.1303 0.4650
vn -0.2640 -0.9552 0.1338
vn -0.8832 -0.0000 0.4690
vn -0.2640 0.9552 0.1338
vn -0.8757 -0.1303 0.4650
vn -0.4746 0.8449 0.2466
vn -0.8520 -0.2640 0.4520
vn -0.9361 0.1182 0.3312
vn -0.9427 -0.0000 0.3336
vn -0.3034 0.9473 0.1028
vn -0.3034 -0.9473 0.1028
vn -0.9361 -0.1182 0.3312
vn -0.5389 0.8213 0.1872
vn -0.9151 -0.2405 0.3237
vn -0.7030 0.6670 0.2467
vn -0.8755 -0.3713 0.3093
vn -0.8092 0.5136 0.2853
vn -0.8092 -0.5136 0.2853
vn -0.8755 0.3713 0.3093
vn -0.7030 -0.6670 0.2467
vn -0.9151 0.2405 0.3237
vn -0.5389 -0.8213 0.1873
vn -0.9155 -0.3490 0.2002
vn -0.8532 -0.4871 0.1863
vn -0.8532 0.4871 0.1863
vn -0.9155 0.3490 0.2002
vn -0.7499 -0.6411 0.1632
vn -0.9519 0.2248 0.2083
vn -0.5828 -0.8029 0.1256
vn -0.9709 0.1101 0.2126
vn -0.3313 -0.9410 0.0695
vn -0.9769 -0.0000 0.2139
vn -0.3313 0.9410 0.0695
vn -0.9709 -0.1101 0.2126
vn -0.5828 0.8029 0.1256
vn -0.9519 -0.2248 0.2083
vn -0.7499 0.6411 0.1632
vn -0.3479 -0.9369 0.0350
vn -0.9945 -0.0000 0.1043
vn -0.9890 -0.1055 0.1037
vn -0.3478 0.9369 0.0350
vn -0.6083 0.7912 0.0629
vn -0.9711 -0.2158 0.1018
vn -0.7762 0.6253 0.0810
vn -0.9367 -0.3360 0.0982
vn -0.8771 0.4714 0.0918
vn -0.8771 -0.4715 0.0918
vn -0.9367 0.3360 0.0982
vn -0.7762 -0.6253 0.0810
vn -0.9711 0.2158 0.1018
vn -0.6083 -0.7912 0.0629
vn -0.9890 0.1055 0.1037
vt 0.750000 0.687500
vt 0.750000 0.750000
vt 0.718750 0.750000
vt 0.718750 0.687500
vt 0.750000 0.187500
vt 0.750000 0.250000
vt 0.718750 0.250000
vt 0.718750 0.187500
vt 0.750000 0.625000
vt 0.718750 0.625000
vt 0.750000 0.125000
vt 0.718750 0.125000
vt 0.750000 0.562500
vt 0.718750 0.562500
vt 0.750000 0.062500
vt 0.718750 0.062500
vt 0.750000 0.500000
vt 0.718750 0.500000
vt 0.750000 0.937500
vt 0.734375 1.000000
vt 0.718750 0.937500
vt 0.734375 0.000000
vt 0.750000 0.437500
vt 0.718750 0.437500
vt 0.750000 0.875000
vt 0.718750 0.875000
vt 0.750000 0.375000
vt 0.718750 0.375000
vt 0.750000 0.812500
vt 0.718750 0.812500
vt 0.750000 0.312500
vt 0.718750 0.312500
vt 0.687500 0.375000
vt 0.687500 0.312500
vt 0.687500 0.812500
vt 0.687500 0.750000
vt 0.687500 0.250000
vt 0.687500 0.687500
vt 0.687500 0.187500
vt 0.687500 0.625000
vt 0.687500 0.125000
vt 0.687500 0.562500
vt 0.687500 0.062500
vt 0.687500 0.500000
vt 0.703125 1.000000
vt 0.687500 0.937500
vt 0.703125 0.000000
vt 0.687500 0.437500
vt 0.687500 0.875000
vt 0.656250 0.125000
vt 0.656250 0.062500
vt 0.656250 0.562500
vt 0.656250 0.500000
vt 0.671875 1.000000
vt 0.656250 0.937500
vt 0.671875 0.000000
vt 0.656250 0.437500
vt 0.656250 0.875000
vt 0.656250 0.375000
vt 0.656250 0.812500
vt 0.656250 0.312500
vt 0.656250 0.750000
vt 0.656250 0.250000
vt 0.656250 0.687500
vt 0.656250 0.187500
vt 0.656250 0.625000
vt 0.625000 0.312500
vt 0.625000 0.250000
vt 0.625000 0.750000
vt 0.625000 0.687500
vt 0.625000 0.187500
vt 0.625000 0.625000
vt 0.625000 0.125000
vt 0.625000 0.562500
vt 0.625000 0.062500
vt 0.625000 0.500000
vt 0.640625 1.000000
vt 0.625000 0.937500
vt 0.640625 0.000000
vt 0.625000 0.437500
vt 0.625000 0.875000
vt 0.625000 0.375000
vt 0.625000 0.812500
vt 0.609375 1.000000
vt 0.593750 0.937500
vt 0.609375 0.000000
vt 0.593750 0.062500
vt 0.593750 0.500000
vt 0.593750 0.437500
vt 0.593750 0.875000
vt 0.593750 0.375000
vt 0.593750 0.812500
vt 0.593750 0.312500
vt 0.593750 0.750000
vt 0.593750 0.250000
vt 0.593750 0.687500
vt 0.593750 0.187500
vt 0.593750 0.625000
vt 0.593750 0.125000
vt 0.593750 0.562500
vt 0.562500 0.750000
vt 0.562500 0.687500
vt 0.562500 0.250000
vt 0.562500 0.187500
vt 0.562500 0.625000
vt 0.562500 0.125000
vt 0.562500 0.562500
vt 0.562500 0.062500
vt 0.562500 0.500000
vt 0.578125 1.000000
vt 0.562500 0.937500
vt 0.578125 0.000000
vt 0.562500 0.437500
vt 0.562500 0.875000
vt 0.562500 0.375000
vt 0.562500 0.812500
vt 0.562500 0.312500
vt 0.531250 0.500000
vt 0.531250 0.437500
vt 0.531250 0.937500
vt 0.531250 0.875000
vt 0.531250 0.375000
vt 0.531250 0.812500
vt 0.531250 0.312500
vt 0.531250 0.750000
vt 0.531250 0.250000
vt 0.531250 0.687500
vt 0.531250 0.187500
vt 0.531250 0.625000
vt 0.531250 0.125000
vt 0.531250 0.562500
vt 0.531250 0.062500
vt 0.546875 1.000000
vt 0.546875 0.000000
vt 0.500000 0.250000
vt 0.500000 0.187500
vt 0.500000 0.687500
vt 0.500000 0.625000
vt 0.500000 0.125000
vt 0.500000 0.562500
vt 0.500000 0.062500
vt 0.500000 0.500000
vt 0.515625 1.000000
vt 0.500000 0.937500
vt 0.515625 0.000000
vt 0.500000 0.437500
vt 0.500000 0.875000
vt 0.500000 0.375000
vt 0.500000 0.812500
vt 0.500000 0.312500
vt 0.500000 0.750000
vt 0.468750 0.937500
vt 0.468750 0.875000
vt 0.468750 0.437500
vt 0.468750 0.375000
vt 0.468750 0.812500
vt 0.468750 0.312500
vt 0.468750 0.750000
vt 0.468750 0.250000
vt 0.468750 0.687500
vt 0.468750 0.187500
vt 0.468750 0.625000
vt 0.468750 0.125000
vt 0.468750 0.562500
vt 0.468750 0.062500
vt 0.468750 0.500000
vt 0.484375 1.000000
vt 0.484375 0.000000
vt 0.437500 0.687500
vt 0.437500 0.625000
vt 0.437500 0.187500
vt 0.437500 0.125000
vt 0.437500 0.562500
vt 0.437500 0.062500
vt 0.437500 0.500000
vt 0.453125 1.000000
vt 0.437500 0.937500
vt 0.453125 0.000000
vt 0.437500 0.437500
vt 0.437500 0.875000
vt 0.437500 0.375000
vt 0.437500 0.812500
vt 0.437500 0.312500
vt 0.437500 0.750000
vt 0.437500 0.250000
vt 0.406250 0.437500
vt 0.406250 0.375000
vt 0.406250 0.875000
vt 0.406250 0.812500
vt 0.406250 0.312500
vt 0.406250 0.750000
vt 0.406250 0.250000
vt 0.406250 0.687500
vt 0.406250 0.187500
vt 0.406250 0.625000
vt 0.406250 0.125000
vt 0.406250 0.562500
vt 0.406250 0.062500
vt 0.406250 0.500000
vt 0.421875 1.000000
vt 0.406250 0.937500
vt 0.421875 0.000000
vt 0.375000 0.187500
vt 0.375000 0.125000
vt 0.375000 0.625000
vt 0.375000 0.562500
vt 0.375000 0.062500
vt 0.375000 0.500000
vt 0.390625 1.000000
vt 0.375000 0.937500
vt 0.390625 0.000000
vt 0.375000 0.437500
vt 0.375000 0.875000
vt 0.375000 0.375000
vt 0.375000 0.812500
vt 0.375000 0.312500
vt 0.375000 0.750000
vt 0.375000 0.250000
vt 0.375000 0.687500
vt 0.343750 0.375000
vt 0.343750 0.312500
vt 0.343750 0.812500
vt 0.343750 0.750000
vt 0.343750 0.250000
vt 0.343750 0.687500
vt 0.343750 0.187500
vt 0.343750 0.625000
vt 0.343750 0.125000
vt 0.343750 0.562500
vt 0.343750 0.062500
vt 0.343750 0.500000
vt 0.359375 1.000000
vt 0.343750 0.937500
vt 0.359375 0.000000
vt 0.343750 0.437500
vt 0.343750 0.875000
vt 0.312500 0.125000
vt 0.312500 0.062500
vt 0.312500 0.562500
vt 0.312500 0.500000
vt 0.328125 1.000000
vt 0.312500 0.937500
vt 0.328125 0.000000
vt 0.312500 0.437500
vt 0.312500 0.875000
vt 0.312500 0.375000
vt 0.312500 0.812500
vt 0.312500 0.312500
vt 0.312500 0.750000
vt 0.312500 0.250000
vt 0.312500 0.687500
vt 0.312500 0.187500
vt 0.312500 0.625000
vt 0.281250 0.812500
vt 0.281250 0.750000
vt 0.281250 0.312500
vt 0.281250 0.250000
vt 0.281250 0.687500
vt 0.281250 0.187500
vt 0.281250 0.625000
vt 0.281250 0.125000
vt 0.281250 0.562500
vt 0.281250 0.062500
vt 0.281250 0.500000
vt 0.296875 1.000000
vt 0.281250 0.937500
vt 0.296875 0.000000
vt 0.281250 0.437500
vt 0.281250 0.875000
vt 0.281250 0.375000
vt 0.250000 0.562500
vt 0.250000 0.500000
vt 0.265625 1.000000
vt 0.250000 0.937500
vt 0.265625 0.000000
vt 0.250000 0.062500
vt 0.250000 0.437500
vt 0.250000 0.875000
vt 0.250000 0.375000
vt 0.250000 0.812500
vt 0.250000 0.312500
vt 0.250000 0.750000
vt 0.250000 0.250000
vt 0.250000 0.687500
vt 0.250000 0.187500
vt 0.250000 0.625000
vt 0.250000 0.125000
vt 0.218750 0.312500
vt 0.218750 0.250000
vt 0.218750 0.750000
vt 0.218750 0.687500
vt 0.218750 0.187500
vt 0.218750 0.625000
vt 0.218750 0.125000
vt 0.218750 0.562500
vt 0.218750 0.062500
vt 0.218750 0.500000
vt 0.234375 1.000000
vt 0.218750 0.937500
vt 0.234375 0.000000
vt 0.218750 0.437500
vt 0.218750 0.875000
vt 0.218750 0.375000
vt 0.218750 0.812500
vt 0.203125 1.000000
vt 0.187500 0.937500
vt 0.203125 0.000000
vt 0.187500 0.062500
vt 0.187500 0.500000
vt 0.187500 0.437500
vt 0.187500 0.875000
vt 0.187500 0.375000
vt 0.187500 0.812500
vt 0.187500 0.312500
vt 0.187500 0.750000
vt 0.187500 0.250000
vt 0.187500 0.687500
vt 0.187500 0.187500
vt 0.187500 0.625000
vt 0.187500 0.125000
vt 0.187500 0.562500
vt 0.156250 0.750000
vt 0.156250 0.687500
vt 0.156250 0.250000
vt 0.156250 0.187500
vt 0.156250 0.625000
vt 0.156250 0.125000
vt 0.156250 0.562500
vt 0.156250 0.062500
vt 0.156250 0.500000
vt 0.171875 1.000000
vt 0.156250 0.937500
vt 0.171875 0.000000
vt 0.156250 0.437500
vt 0.156250 0.875000
vt 0.156250 0.375000
vt 0.156250 0.812500
vt 0.156250 0.312500
vt 0.125000 0.500000
vt 0.125000 0.437500
vt 0.125000 0.937500
vt 0.125000 0.875000
vt 0.125000 0.375000
vt 0.125000 0.812500
vt 0.125000 0.312500
vt 0.125000 0.750000
vt 0.125000 0.250000
vt 0.125000 0.687500
vt 0.125000 0.187500
vt 0.125000 0.625000
vt 0.125000 0.125000
vt 0.125000 0.562500
vt 0.125000 0.062500
vt 0.140625 1.000000
vt 0.140625 0.000000
vt 0.093750 0.250000
vt 0.093750 0.187500
vt 0.093750 0.687500
vt 0.093750 0.625000
vt 0.093750 0.125000
vt 0.093750 0.562500
vt 0.093750 0.062500
vt 0.093750 0.500000
vt 0.109375 1.000000
vt 0.093750 0.937500
vt 0.109375 0.000000
vt 0.093750 0.437500
vt 0.093750 0.875000
vt 0.093750 0.375000
vt 0.093750 0.812500
vt 0.093750 0.312500
vt 0.093750 0.750000
vt 0.062500 0.437500
vt 0.062500 0.375000
vt 0.062500 0.875000
vt 0.062500 0.812500
vt 0.062500 0.312500
vt 0.062500 0.750000
vt 0.062500 0.250000
vt 0.062500 0.687500
vt 0.062500 0.187500
vt 0.062500 0.625000
vt 0.062500 0.125000
vt 0.062500 0.562500
vt 0.062500 0.062500
vt 0.062500 0.500000
vt 0.078125 1.000000
vt 0.062500 0.937500
vt 0.078125 0.000000
vt 0.031250 0.187500
vt 0.031250 0.125000
vt 0.031250 0.625000
vt 0.031250 0.562500
vt 0.031250 0.062500
vt 0.031250 0.500000
vt 0.046875 1.000000
vt 0.031250 0.937500
vt 0.046875 0.000000
vt 0.031250 0.437500
vt 0.031250 0.875000
vt 0.031250 0.375000
vt 0.031250 0.812500
vt 0.031250 0.312500
vt 0.031250 0.750000
vt 0.031250 0.250000
vt 0.031250 0.687500
vt 0.000000 0.875000
vt 0.000000 0.812500
vt 0.000000 0.375000
vt 0.000000 0.312500
vt 0.000000 0.750000
vt 0.000000 0.250000
vt 0.000000 0.687500
vt 0.000000 0.187500
vt 0.000000 0.625000
vt 0.000000 0.125000
vt 0.000000 0.562500
vt 0.000000 0.062500
vt 0.000000 0.500000
vt 0.015625 1.000000
vt 0.000000 0.937500
vt 0.015625 0.000000
vt 0.000000 0.437500
vt 1.000000 0.562500
vt 1.000000 0.625000
vt 0.968750 0.625000
vt 0.968750 0.562500
vt 1.000000 0.062500
vt 1.000000 0.125000
vt 0.968750 0.125000
vt 0.968750 0.062500
vt 1.000000 0.500000
vt 0.968750 0.500000
vt 1.000000 0.937500
vt 0.984375 1.000000
vt 0.968750 0.937500
vt 0.984375 0.000000
vt 1.000000 0.437500
vt 0.968750 0.437500
vt 1.000000 0.875000
vt 0.968750 0.875000
vt 1.000000 0.375000
vt 0.968750 0.375000
vt 1.000000 0.812500
vt 0.968750 0.812500
vt 1.000000 0.312500
vt 0.968750 0.312500
vt 1.000000 0.750000
vt 0.968750 0.750000
vt 1.000000 0.250000
vt 0.968750 0.250000
vt 1.000000 0.687500
vt 0.968750 0.687500
vt 1.000000 0.187500
vt 0.968750 0.187500
vt 0.937500 0.375000
vt 0.937500 0.312500
vt 0.937500 0.812500
vt 0.937500 0.750000
vt 0.937500 0.250000
vt 0.937500 0.687500
vt 0.937500 0.187500
vt 0.937500 0.625000
vt 0.937500 0.125000
vt 0.937500 0.562500
vt 0.937500 0.062500
vt 0.937500 0.500000
vt 0.953125 1.000000
vt 0.937500 0.937500
vt 0.953125 0.000000
vt 0.937500 0.437500
vt 0.937500 0.875000
vt 0.906250 0.125000
vt 0.906250 0.062500
vt 0.906250 0.562500
vt 0.906250 0.500000
vt 0.921875 1.000000
vt 0.906250 0.937500
vt 0.921875 0.000000
vt 0.906250 0.437500
vt 0.906250 0.875000
vt 0.906250 0.375000
vt 0.906250 0.812500
vt 0.906250 0.312500
vt 0.906250 0.750000
vt 0.906250 0.250000
vt 0.906250 0.687500
vt 0.906250 0.187500
vt 0.906250 0.625000
vt 0.875000 0.812500
vt 0.875000 0.750000
vt 0.875000 0.312500
vt 0.875000 0.250000
vt 0.875000 0.687500
vt 0.875000 0.187500
vt 0.875000 0.625000
vt 0.875000 0.125000
vt 0.875000 0.562500
vt 0.875000 0.062500
vt 0.875000 0.500000
vt 0.890625 1.000000
vt 0.875000 0.937500
vt 0.890625 0.000000
vt 0.875000 0.437500
vt 0.875000 0.875000
vt 0.875000 0.375000
vt 0.843750 0.562500
vt 0.843750 0.500000
vt 0.859375 1.000000
vt 0.843750 0.937500
vt 0.859375 0.000000
vt 0.843750 0.062500
vt 0.843750 0.437500
vt 0.843750 0.875000
vt 0.843750 0.375000
vt 0.843750 0.812500
vt 0.843750 0.312500
vt 0.843750 0.750000
vt 0.843750 0.250000
vt 0.843750 0.687500
vt 0.843750 0.187500
vt 0.843750 0.625000
vt 0.843750 0.125000
vt 0.812500 0.312500
vt 0.812500 0.250000
vt 0.812500 0.750000
vt 0.812500 0.687500
vt 0.812500 0.187500
vt 0.812500 0.625000
vt 0.812500 0.125000
vt 0.812500 0.562500
vt 0.812500 0.062500
vt 0.812500 0.500000
vt 0.828125 1.000000
vt 0.812500 0.937500
vt 0.828125 0.000000
vt 0.812500 0.437500
vt 0.812500 0.875000
vt 0.812500 0.375000
vt 0.812500 0.812500
vt 0.796875 0.000000
vt 0.781250 0.062500
vt 0.781250 0.500000
vt 0.781250 0.437500
vt 0.781250 0.937500
vt 0.781250 0.875000
vt 0.781250 0.375000
vt 0.781250 0.812500
vt 0.781250 0.312500
vt 0.781250 0.750000
vt 0.781250 0.250000
vt 0.781250 0.687500
vt 0.781250 0.187500
vt 0.781250 0.625000
vt 0.781250 0.125000
vt 0.781250 0.562500
vt 0.796875 1.000000
vt 0.765625 1.000000
vt 0.765625 0.000000
s 1
usemtl None
f 3531/4822/3061 3530/4823/3062 3540/4824/3063 3541/4825/3064
f 3536/4826/3065 3535/4827/3066 3548/4828/3067 3549/4829/3068
f 3532/4830/3069 3531/4822/3061 3541/4825/3064 3542/4831/3070
f 4006/4832/3071 3536/4826/3065 3549/4829/3068 3550/4833/3072
f 3533/4834/3073 3532/4830/3069 3542/4831/3070 3543/4835/3074
f 4007/4836/3075 4006/4832/3071 3550/4833/3072 3551/4837/3076
f 4003/4838/3077 3533/4834/3073 3543/4835/3074 3544/4839/3078
f 3527/4840/3079 3852/4841/3080 3537/4842/3081
f 4008/4843/3082 4007/4836/3075 3551/4837/3076
f 4004/4844/3083 4003/4838/3077 3544/4839/3078 3545/4845/3084
f 3528/4846/3085 3527/4840/3079 3537/4842/3081 3538/4847/3086
f 4005/4848/3087 4004/4844/3083 3545/4845/3084 3546/4849/3088
f 3529/4850/3089 3528/4846/3085 3538/4847/3086 3539/4851/3090
f 3534/4852/3091 4005/4848/3087 3546/4849/3088 3547/4853/3092
f 3530/4823/3062 3529/4850/3089 3539/4851/3090 3540/4824/3063
f 3535/4827/3066 3534/4852/3091 3547/4853/3092 3548/4828/3067
f 3547/4853/3092 3546/4849/3088 3561/4854/3093 3562/4855/3094
f 3540/4824/3063 3539/4851/3090 3554/4856/3095 3555/4857/3096
f 3548/4828/3067 3547/4853/3092 3562/4855/3094 3563/4858/3097
f 3541/4825/3064 3540/4824/3063 3555/4857/3096 3556/4859/3098
f 3549/4829/3068 3548/4828/3067 3563/4858/3097 3564/4860/3099
f 3542/4831/3070 3541/4825/3064 3556/4859/3098 3557/4861/3100
f 3550/4833/3072 3549/4829/3068 3564/4860/3099 3565/4862/3101
f 3543/4835/3074 3542/4831/3070 3557/4861/3100 3558/4863/3102
f 3551/4837/3076 3550/4833/3072 3565/4862/3101 3566/4864/3103
f 3544/4839/3078 3543/4835/3074 3558/4863/3102 3559/4865/3104
f 3537/4842/3081 3852/4866/3080 3552/4867/3105
f 4008/4868/3082 3551/4837/3076 3566/4864/3103
f 3545/4845/3084 3544/4839/3078 3559/4865/3104 3560/4869/3106
f 3538/4847/3086 3537/4842/3081 3552/4867/3105 3553/4870/3107
f 3546/4849/3088 3545/4845/3084 3560/4869/3106 3561/4854/3093
f 3539/4851/3090 3538/4847/3086 3553/4870/3107 3554/4856/3095
f 3566/4864/3103 3565/4862/3101 3580/4871/3108 3581/4872/3109
f 3559/4865/3104 3558/4863/3102 3573/4873/3110 3574/4874/3111
f 3552/4867/3105 3852/4875/3080 3567/4876/3112
f 4008/4877/3082 3566/4864/3103 3581/4872/3109
f 3560/4869/3106 3559/4865/3104 3574/4874/3111 3575/4878/3113
f 3553/4870/3107 3552/4867/3105 3567/4876/3112 3568/4879/3114
f 3561/4854/3093 3560/4869/3106 3575/4878/3113 3576/4880/3115
f 3554/4856/3095 3553/4870/3107 3568/4879/3114 3569/4881/3116
f 3562/4855/3094 3561/4854/3093 3576/4880/3115 3577/4882/3117
f 3555/4857/3096 3554/4856/3095 3569/4881/3116 3570/4883/3118
f 3563/4858/3097 3562/4855/3094 3577/4882/3117 3578/4884/3119
f 3556/4859/3098 3555/4857/3096 3570/4883/3118 3571/4885/3120
f 3564/4860/3099 3563/4858/3097 3578/4884/3119 3579/4886/3121
f 3557/4861/3100 3556/4859/3098 3571/4885/3120 3572/4887/3122
f 3565/4862/3101 3564/4860/3099 3579/4886/3121 3580/4871/3108
f 3558/4863/3102 3557/4861/3100 3572/4887/3122 3573/4873/3110
f 3578/4884/3119 3577/4882/3117 3592/4888/3123 3593/4889/3124
f 3571/4885/3120 3570/4883/3118 3585/4890/3125 3586/4891/3126
f 3579/4886/3121 3578/4884/3119 3593/4889/3124 3594/4892/3127
f 3572/4887/3122 3571/4885/3120 3586/4891/3126 3587/4893/3128
f 3580/4871/3108 3579/4886/3121 3594/4892/3127 3595/4894/3129
f 3573/4873/3110 3572/4887/3122 3587/4893/3128 3588/4895/3130
f 3581/4872/3109 3580/4871/3108 3595/4894/3129 3596/4896/3131
f 3574/4874/3111 3573/4873/3110 3588/4895/3130 3589/4897/3132
f 3567/4876/3112 3852/4898/3080 3582/4899/3133
f 4008/4900/3082 3581/4872/3109 3596/4896/3131
f 3575/4878/3113 3574/4874/3111 3589/4897/3132 3590/4901/3134
f 3568/4879/3114 3567/4876/3112 3582/4899/3133 3583/4902/3135
f 3576/4880/3115 3575/4878/3113 3590/4901/3134 3591/4903/3136
f 3569/4881/3116 3568/4879/3114 3583/4902/3135 3584/4904/3137
f 3577/4882/3117 3576/4880/3115 3591/4903/3136 3592/4888/3123
f 3570/4883/3118 3569/4881/3116 3584/4904/3137 3585/4890/3125
f 3582/4899/3133 3852/4905/3080 3597/4906/3138
f 4008/4907/3082 3596/4896/3131 3611/4908/3139
f 3590/4901/3134 3589/4897/3132 3604/4909/3140 3605/4910/3141
f 3583/4902/3135 3582/4899/3133 3597/4906/3138 3598/4911/3142
f 3591/4903/3136 3590/4901/3134 3605/4910/3141 3606/4912/3143
f 3584/4904/3137 3583/4902/3135 3598/4911/3142 3599/4913/3144
f 3592/4888/3123 3591/4903/3136 3606/4912/3143 3607/4914/3145
f 3585/4890/3125 3584/4904/3137 3599/4913/3144 3600/4915/3146
f 3593/4889/3124 3592/4888/3123 3607/4914/3145 3608/4916/3147
f 3586/4891/3126 3585/4890/3125 3600/4915/3146 3601/4917/3148
f 3594/4892/3127 3593/4889/3124 3608/4916/3147 3609/4918/3149
f 3587/4893/3128 3586/4891/3126 3601/4917/3148 3602/4919/3150
f 3595/4894/3129 3594/4892/3127 3609/4918/3149 3610/4920/3151
f 3588/4895/3130 3587/4893/3128 3602/4919/3150 3603/4921/3152
f 3596/4896/3131 3595/4894/3129 3610/4920/3151 3611/4908/3139
f 3589/4897/3132 3588/4895/3130 3603/4921/3152 3604/4909/3140
f 3601/4917/3148 3600/4915/3146 3615/4922/3153 3616/4923/3154
f 3609/4918/3149 3608/4916/3147 3623/4924/3155 3624/4925/3156
f 3602/4919/3150 3601/4917/3148 3616/4923/3154 3617/4926/3157
f 3610/4920/3151 3609/4918/3149 3624/4925/3156 3625/4927/3158
f 3603/4921/3152 3602/4919/3150 3617/4926/3157 3618/4928/3159
f 3611/4908/3139 3610/4920/3151 3625/4927/3158 3626/4929/3160
f 3604/4909/3140 3603/4921/3152 3618/4928/3159 3619/4930/3161
f 3597/4906/3138 3852/4931/3080 3612/4932/3162
f 4008/4933/3082 3611/4908/3139 3626/4929/3160
f 3605/4910/3141 3604/4909/3140 3619/4930/3161 3620/4934/3163
f 3598/4911/3142 3597/4906/3138 3612/4932/3162 3613/4935/3164
f 3606/4912/3143 3605/4910/3141 3620/4934/3163 3621/4936/3165
f 3599/4913/3144 3598/4911/3142 3613/4935/3164 3614/4937/3166
f 3607/4914/3145 3606/4912/3143 3621/4936/3165 3622/4938/3167
f 3600/4915/3146 3599/4913/3144 3614/4937/3166 3615/4922/3153
f 3608/4916/3147 3607/4914/3145 3622/4938/3167 3623/4924/3155
f 3620/4934/3163 3619/4930/3161 3634/4939/3168 3635/4940/3169
f 3613/4935/3164 3612/4932/3162 3627/4941/3170 3628/4942/3171
f 3621/4936/3165 3620/4934/3163 3635/4940/3169 3636/4943/3172
f 3614/4937/3166 3613/4935/3164 3628/4942/3171 3629/4944/3173
f 3622/4938/3167 3621/4936/3165 3636/4943/3172 3637/4945/3174
f 3615/4922/3153 3614/4937/3166 3629/4944/3173 3630/4946/3175
f 3623/4924/3155 3622/4938/3167 3637/4945/3174 3638/4947/3176
f 3616/4923/3154 3615/4922/3153 3630/4946/3175 3631/4948/3177
f 3624/4925/3156 3623/4924/3155 3638/4947/3176 3639/4949/3178
f 3617/4926/3157 3616/4923/3154 3631/4948/3177 3632/4950/3179
f 3625/4927/3158 3624/4925/3156 3639/4949/3178 3640/4951/3180
f 3618/4928/3159 3617/4926/3157 3632/4950/3179 3633/4952/3181
f 3626/4929/3160 3625/4927/3158 3640/4951/3180 3641/4953/3182
f 3619/4930/3161 3618/4928/3159 3633/4952/3181 3634/4939/3168
f 3612/4932/3162 3852/4954/3080 3627/4941/3170
f 4008/4955/3082 3626/4929/3160 3641/4953/3182
f 3639/4949/3178 3638/4947/3176 3653/4956/3183 3654/4957/3184
f 3632/4950/3179 3631/4948/3177 3646/4958/3185 3647/4959/3186
f 3640/4951/3180 3639/4949/3178 3654/4957/3184 3655/4960/3187
f 3633/4952/3181 3632/4950/3179 3647/4959/3186 3648/4961/3188
f 3641/4953/3182 3640/4951/3180 3655/4960/3187 3656/4962/3189
f 3634/4939/3168 3633/4952/3181 3648/4961/3188 3649/4963/3190
f 3627/4941/3170 3852/4964/3080 3642/4965/3191
f 4008/4966/3082 3641/4953/3182 3656/4962/3189
f 3635/4940/3169 3634/4939/3168 3649/4963/3190 3650/4967/3192
f 3628/4942/3171 3627/4941/3170 3642/4965/3191 3643/4968/3193
f 3636/4943/3172 3635/4940/3169 3650/4967/3192 3651/4969/3194
f 3629/4944/3173 3628/4942/3171 3643/4968/3193 3644/4970/3195
f 3637/4945/3174 3636/4943/3172 3651/4969/3194 3652/4971/3196
f 3630/4946/3175 3629/4944/3173 3644/4970/3195 3645/4972/3197
f 3638/4947/3176 3637/4945/3174 3652/4971/3196 3653/4956/3183
f 3631/4948/3177 3630/4946/3175 3645/4972/3197 3646/4958/3185
f 3643/4968/3193 3642/4965/3191 3657/4973/3198 3658/4974/3199
f 3651/4969/3194 3650/4967/3192 3665/4975/3200 3666/4976/3201
f 3644/4970/3195 3643/4968/3193 3658/4974/3199 3659/4977/3202
f 3652/4971/3196 3651/4969/3194 3666/4976/3201 3667/4978/3203
f 3645/4972/3197 3644/4970/3195 3659/4977/3202 3660/4979/3204
f 3653/4956/3183 3652/4971/3196 3667/4978/3203 3668/4980/3205
f 3646/4958/3185 3645/4972/3197 3660/4979/3204 3661/4981/3206
f 3654/4957/3184 3653/4956/3183 3668/4980/3205 3669/4982/3207
f 3647/4959/3186 3646/4958/3185 3661/4981/3206 3662/4983/3208
f 3655/4960/3187 3654/4957/3184 3669/4982/3207 3670/4984/3209
f 3648/4961/3188 3647/4959/3186 3662/4983/3208 3663/4985/3210
f 3656/4962/3189 3655/4960/3187 3670/4984/3209 3671/4986/3211
f 3649/4963/3190 3648/4961/3188 3663/4985/3210 3664/4987/3212
f 3642/4965/3191 3852/4988/3080 3657/4973/3198
f 4008/4989/3082 3656/4962/3189 3671/4986/3211
f 3650/4967/3192 3649/4963/3190 3664/4987/3212 3665/4975/3200
f 3662/4983/3208 3661/4981/3206 3676/4990/3213 3677/4991/3214
f 3670/4984/3209 3669/4982/3207 3684/4992/3215 3685/4993/3216
f 3663/4985/3210 3662/4983/3208 3677/4991/3214 3678/4994/3217
f 3671/4986/3211 3670/4984/3209 3685/4993/3216 3686/4995/3218
f 3664/4987/3212 3663/4985/3210 3678/4994/3217 3679/4996/3219
f 3657/4973/3198 3852/4997/3080 3672/4998/3220
f 4008/4999/3082 3671/4986/3211 3686/4995/3218
f 3665/4975/3200 3664/4987/3212 3679/4996/3219 3680/5000/3221
f 3658/4974/3199 3657/4973/3198 3672/4998/3220 3673/5001/3222
f 3666/4976/3201 3665/4975/3200 3680/5000/3221 3681/5002/3223
f 3659/4977/3202 3658/4974/3199 3673/5001/3222 3674/5003/3224
f 3667/4978/3203 3666/4976/3201 3681/5002/3223 3682/5004/3225
f 3660/4979/3204 3659/4977/3202 3674/5003/3224 3675/5005/3226
f 3668/4980/3205 3667/4978/3203 3682/5004/3225 3683/5006/3227
f 3661/4981/3206 3660/4979/3204 3675/5005/3226 3676/4990/3213
f 3669/4982/3207 3668/4980/3205 3683/5006/3227 3684/4992/3215
f 3681/5002/3223 3680/5000/3221 3695/5007/3228 3696/5008/3229
f 3674/5003/3224 3673/5001/3222 3688/5009/3230 3689/5010/3231
f 3682/5004/3225 3681/5002/3223 3696/5008/3229 3697/5011/3232
f 3675/5005/3226 3674/5003/3224 3689/5010/3231 3690/5012/3233
f 3683/5006/3227 3682/5004/3225 3697/5011/3232 3698/5013/3234
f 3676/4990/3213 3675/5005/3226 3690/5012/3233 3691/5014/3235
f 3684/4992/3215 3683/5006/3227 3698/5013/3234 3699/5015/3236
f 3677/4991/3214 3676/4990/3213 3691/5014/3235 3692/5016/3237
f 3685/4993/3216 3684/4992/3215 3699/5015/3236 3700/5017/3238
f 3678/4994/3217 3677/4991/3214 3692/5016/3237 3693/5018/3239
f 3686/4995/3218 3685/4993/3216 3700/5017/3238 3701/5019/3240
f 3679/4996/3219 3678/4994/3217 3693/5018/3239 3694/5020/3241
f 3672/4998/3220 3852/5021/3080 3687/5022/3242
f 4008/5023/3082 3686/4995/3218 3701/5019/3240
f 3680/5000/3221 3679/4996/3219 3694/5020/3241 3695/5007/3228
f 3673/5001/3222 3672/4998/3220 3687/5022/3242 3688/5009/3230
f 3700/5017/3238 3699/5015/3236 3714/5024/3243 3715/5025/3244
f 3693/5018/3239 3692/5016/3237 3707/5026/3245 3708/5027/3246
f 3701/5019/3240 3700/5017/3238 3715/5025/3244 3716/5028/3247
f 3694/5020/3241 3693/5018/3239 3708/5027/3246 3709/5029/3248
f 3687/5022/3242 3852/5030/3080 3702/5031/3249
f 4008/5032/3082 3701/5019/3240 3716/5028/3247
f 3695/5007/3228 3694/5020/3241 3709/5029/3248 3710/5033/3250
f 3688/5009/3230 3687/5022/3242 3702/5031/3249 3703/5034/3251
f 3696/5008/3229 3695/5007/3228 3710/5033/3250 3711/5035/3252
f 3689/5010/3231 3688/5009/3230 3703/5034/3251 3704/5036/3253
f 3697/5011/3232 3696/5008/3229 3711/5035/3252 3712/5037/3254
f 3690/5012/3233 3689/5010/3231 3704/5036/3253 3705/5038/3255
f 3698/5013/3234 3697/5011/3232 3712/5037/3254 3713/5039/3256
f 3691/5014/3235 3690/5012/3233 3705/5038/3255 3706/5040/3257
f 3699/5015/3236 3698/5013/3234 3713/5039/3256 3714/5024/3243
f 3692/5016/3237 3691/5014/3235 3706/5040/3257 3707/5026/3245
f 3712/5037/3254 3711/5035/3252 3726/5041/3258 3727/5042/3259
f 3705/5038/3255 3704/5036/3253 3719/5043/3260 3720/5044/3261
f 3713/5039/3256 3712/5037/3254 3727/5042/3259 3728/5045/3262
f 3706/5040/3257 3705/5038/3255 3720/5044/3261 3721/5046/3263
f 3714/5024/3243 3713/5039/3256 3728/5045/3262 3729/5047/3264
f 3707/5026/3245 3706/5040/3257 3721/5046/3263 3722/5048/3265
f 3715/5025/3244 3714/5024/3243 3729/5047/3264 3730/5049/3266
f 3708/5027/3246 3707/5026/3245 3722/5048/3265 3723/5050/3267
f 3716/5028/3247 3715/5025/3244 3730/5049/3266 3731/5051/3268
f 3709/5029/3248 3708/5027/3246 3723/5050/3267 3724/5052/3269
f 3702/5031/3249 3852/5053/3080 3717/5054/3270
f 4008/5055/3082 3716/5028/3247 3731/5051/3268
f 3710/5033/3250 3709/5029/3248 3724/5052/3269 3725/5056/3271
f 3703/5034/3251 3702/5031/3249 3717/5054/3270 3718/5057/3272
f 3711/5035/3252 3710/5033/3250 3725/5056/3271 3726/5041/3258
f 3704/5036/3253 3703/5034/3251 3718/5057/3272 3719/5043/3260
f 3731/5051/3268 3730/5049/3266 3745/5058/3273 3746/5059/3274
f 3724/5052/3269 3723/5050/3267 3738/5060/3275 3739/5061/3276
f 3717/5054/3270 3852/5062/3080 3732/5063/3277
f 4008/5064/3082 3731/5051/3268 3746/5059/3274
f 3725/5056/3271 3724/5052/3269 3739/5061/3276 3740/5065/3278
f 3718/5057/3272 3717/5054/3270 3732/5063/3277 3733/5066/3279
f 3726/5041/3258 3725/5056/3271 3740/5065/3278 3741/5067/3280
f 3719/5043/3260 3718/5057/3272 3733/5066/3279 3734/5068/3281
f 3727/5042/3259 3726/5041/3258 3741/5067/3280 3742/5069/3282
f 3720/5044/3261 3719/5043/3260 3734/5068/3281 3735/5070/3283
f 3728/5045/3262 3727/5042/3259 3742/5069/3282 3743/5071/3284
f 3721/5046/3263 3720/5044/3261 3735/5070/3283 3736/5072/3285
f 3729/5047/3264 3728/5045/3262 3743/5071/3284 3744/5073/3286
f 3722/5048/3265 3721/5046/3263 3736/5072/3285 3737/5074/3287
f 3730/5049/3266 3729/5047/3264 3744/5073/3286 3745/5058/3273
f 3723/5050/3267 3722/5048/3265 3737/5074/3287 3738/5060/3275
f 3735/5070/3283 3734/5068/3281 3749/5075/3288 3750/5076/3289
f 3743/5071/3284 3742/5069/3282 3757/5077/3290 3758/5078/3291
f 3736/5072/3285 3735/5070/3283 3750/5076/3289 3751/5079/3292
f 3744/5073/3286 3743/5071/3284 3758/5078/3291 3759/5080/3293
f 3737/5074/3287 3736/5072/3285 3751/5079/3292 3752/5081/3294
f 3745/5058/3273 3744/5073/3286 3759/5080/3293 3760/5082/3295
f 3738/5060/3275 3737/5074/3287 3752/5081/3294 3753/5083/3296
f 3746/5059/3274 3745/5058/3273 3760/5082/3295 3761/5084/3297
f 3739/5061/3276 3738/5060/3275 3753/5083/3296 3754/5085/3298
f 3732/5063/3277 3852/5086/3080 3747/5087/3299
f 4008/5088/3082 3746/5059/3274 3761/5084/3297
f 3740/5065/3278 3739/5061/3276 3754/5085/3298 3755/5089/3300
f 3733/5066/3279 3732/5063/3277 3747/5087/3299 3748/5090/3301
f 3741/5067/3280 3740/5065/3278 3755/5089/3300 3756/5091/3302
f 3734/5068/3281 3733/5066/3279 3748/5090/3301 3749/5075/3288
f 3742/5069/3282 3741/5067/3280 3756/5091/3302 3757/5077/3290
f 3754/5085/3298 3753/5083/3296 3768/5092/3303 3769/5093/3304
f 3747/5087/3299 3852/5094/3080 3762/5095/3305
f 4008/5096/3082 3761/5084/3297 3776/5097/3306
f 3755/5089/3300 3754/5085/3298 3769/5093/3304 3770/5098/3307
f 3748/5090/3301 3747/5087/3299 3762/5095/3305 3763/5099/3308
f 3756/5091/3302 3755/5089/3300 3770/5098/3307 3771/5100/3309
f 3749/5075/3288 3748/5090/3301 3763/5099/3308 3764/5101/3310
f 3757/5077/3290 3756/5091/3302 3771/5100/3309 3772/5102/3311
f 3750/5076/3289 3749/5075/3288 3764/5101/3310 3765/5103/3312
f 3758/5078/3291 3757/5077/3290 3772/5102/3311 3773/5104/3313
f 3751/5079/3292 3750/5076/3289 3765/5103/3312 3766/5105/3314
f 3759/5080/3293 3758/5078/3291 3773/5104/3313 3774/5106/3315
f 3752/5081/3294 3751/5079/3292 3766/5105/3314 3767/5107/3316
f 3760/5082/3295 3759/5080/3293 3774/5106/3315 3775/5108/3317
f 3753/5083/3296 3752/5081/3294 3767/5107/3316 3768/5092/3303
f 3761/5084/3297 3760/5082/3295 3775/5108/3317 3776/5097/3306
f 3773/5104/3313 3772/5102/3311 3787/5109/3318 3788/5110/3319
f 3766/5105/3314 3765/5103/3312 3780/5111/3320 3781/5112/3321
f 3774/5106/3315 3773/5104/3313 3788/5110/3319 3789/5113/3322
f 3767/5107/3316 3766/5105/3314 3781/5112/3321 3782/5114/3323
f 3775/5108/3317 3774/5106/3315 3789/5113/3322 3790/5115/3324
f 3768/5092/3303 3767/5107/3316 3782/5114/3323 3783/5116/3325
f 3776/5097/3306 3775/5108/3317 3790/5115/3324 3791/5117/3326
f 3769/5093/3304 3768/5092/3303 3783/5116/3325 3784/5118/3327
f 3762/5095/3305 3852/5119/3080 3777/5120/3328
f 4008/5121/3082 3776/5097/3306 3791/5117/3326
f 3770/5098/3307 3769/5093/3304 3784/5118/3327 3785/5122/3329
f 3763/5099/3308 3762/5095/3305 3777/5120/3328 3778/5123/3330
f 3771/5100/3309 3770/5098/3307 3785/5122/3329 3786/5124/3331
f 3764/5101/3310 3763/5099/3308 3778/5123/3330 3779/5125/3332
f 3772/5102/3311 3771/5100/3309 3786/5124/3331 3787/5109/3318
f 3765/5103/3312 3764/5101/3310 3779/5125/3332 3780/5111/3320
f 3777/5120/3328 3852/5126/3080 3792/5127/3333
f 4008/5128/3082 3791/5117/3326 3806/5129/3334
f 3785/5122/3329 3784/5118/3327 3799/5130/3335 3800/5131/3336
f 3778/5123/3330 3777/5120/3328 3792/5127/3333 3793/5132/3337
f 3786/5124/3331 3785/5122/3329 3800/5131/3336 3801/5133/3338
f 3779/5125/3332 3778/5123/3330 3793/5132/3337 3794/5134/3339
f 3787/5109/3318 3786/5124/3331 3801/5133/3338 3802/5135/3340
f 3780/5111/3320 3779/5125/3332 3794/5134/3339 3795/5136/3341
f 3788/5110/3319 3787/5109/3318 3802/5135/3340 3803/5137/3342
f 3781/5112/3321 3780/5111/3320 3795/5136/3341 3796/5138/3343
f 3789/5113/3322 3788/5110/3319 3803/5137/3342 3804/5139/3344
f 3782/5114/3323 3781/5112/3321 3796/5138/3343 3797/5140/3345
f 3790/5115/3324 3789/5113/3322 3804/5139/3344 3805/5141/3346
f 3783/5116/3325 3782/5114/3323 3797/5140/3345 3798/5142/3347
f 3791/5117/3326 3790/5115/3324 3805/5141/3346 3806/5129/3334
f 3784/5118/3327 3783/5116/3325 3798/5142/3347 3799/5130/3335
f 3796/5138/3343 3795/5136/3341 3810/5143/3348 3811/5144/3349
f 3804/5139/3344 3803/5137/3342 3818/5145/3350 3819/5146/3351
f 3797/5140/3345 3796/5138/3343 3811/5144/3349 3812/5147/3352
f 3805/5141/3346 3804/5139/3344 3819/5146/3351 3820/5148/3353
f 3798/5142/3347 3797/5140/3345 3812/5147/3352 3813/5149/3354
f 3806/5129/3334 3805/5141/3346 3820/5148/3353 3821/5150/3355
f 3799/5130/3335 3798/5142/3347 3813/5149/3354 3814/5151/3356
f 3792/5127/3333 3852/5152/3080 3807/5153/3357
f 4008/5154/3082 3806/5129/3334 3821/5150/3355
f 3800/5131/3336 3799/5130/3335 3814/5151/3356 3815/5155/3358
f 3793/5132/3337 3792/5127/3333 3807/5153/3357 3808/5156/3359
f 3801/5133/3338 3800/5131/3336 3815/5155/3358 3816/5157/3360
f 3794/5134/3339 3793/5132/3337 3808/5156/3359 3809/5158/3361
f 3802/5135/3340 3801/5133/3338 3816/5157/3360 3817/5159/3362
f 3795/5136/3341 3794/5134/3339 3809/5158/3361 3810/5143/3348
f 3803/5137/3342 3802/5135/3340 3817/5159/3362 3818/5145/3350
f 3815/5155/3358 3814/5151/3356 3829/5160/3363 3830/5161/3364
f 3808/5156/3359 3807/5153/3357 3822/5162/3365 3823/5163/3366
f 3816/5157/3360 3815/5155/3358 3830/5161/3364 3831/5164/3367
f 3809/5158/3361 3808/5156/3359 3823/5163/3366 3824/5165/3368
f 3817/5159/3362 3816/5157/3360 3831/5164/3367 3832/5166/3369
f 3810/5143/3348 3809/5158/3361 3824/5165/3368 3825/5167/3370
f 3818/5145/3350 3817/5159/3362 3832/5166/3369 3833/5168/3371
f 3811/5144/3349 3810/5143/3348 3825/5167/3370 3826/5169/3372
f 3819/5146/3351 3818/5145/3350 3833/5168/3371 3834/5170/3373
f 3812/5147/3352 3811/5144/3349 3826/5169/3372 3827/5171/3374
f 3820/5148/3353 3819/5146/3351 3834/5170/3373 3835/5172/3375
f 3813/5149/3354 3812/5147/3352 3827/5171/3374 3828/5173/3376
f 3821/5150/3355 3820/5148/3353 3835/5172/3375 3836/5174/3377
f 3814/5151/3356 3813/5149/3354 3828/5173/3376 3829/5160/3363
f 3807/5153/3357 3852/5175/3080 3822/5162/3365
f 4008/5176/3082 3821/5150/3355 3836/5174/3377
f 3834/5170/3373 3833/5168/3371 3848/5177/3378 3849/5178/3379
f 3827/5171/3374 3826/5169/3372 3841/5179/3380 3842/5180/3381
f 3835/5172/3375 3834/5170/3373 3849/5178/3379 3850/5181/3382
f 3828/5173/3376 3827/5171/3374 3842/5180/3381 3843/5182/3383
f 3836/5174/3377 3835/5172/3375 3850/5181/3382 3851/5183/3384
f 3829/5160/3363 3828/5173/3376 3843/5182/3383 3844/5184/3385
f 3822/5162/3365 3852/5185/3080 3837/5186/3386
f 4008/5187/3082 3836/5174/3377 3851/5183/3384
f 3830/5161/3364 3829/5160/3363 3844/5184/3385 3845/5188/3387
f 3823/5163/3366 3822/5162/3365 3837/5186/3386 3838/5189/3388
f 3831/5164/3367 3830/5161/3364 3845/5188/3387 3846/5190/3389
f 3824/5165/3368 3823/5163/3366 3838/5189/3388 3839/5191/3390
f 3832/5166/3369 3831/5164/3367 3846/5190/3389 3847/5192/3391
f 3825/5167/3370 3824/5165/3368 3839/5191/3390 3840/5193/3392
f 3833/5168/3371 3832/5166/3369 3847/5192/3391 3848/5177/3378
f 3826/5169/3372 3825/5167/3370 3840/5193/3392 3841/5179/3380
f 3846/5190/3389 3845/5188/3387 3861/5194/3393 3862/5195/3394
f 3839/5191/3390 3838/5189/3388 3854/5196/3395 3855/5197/3396
f 3847/5192/3391 3846/5190/3389 3862/5195/3394 3863/5198/3397
f 3840/5193/3392 3839/5191/3390 3855/5197/3396 3856/5199/3398
f 3848/5177/3378 3847/5192/3391 3863/5198/3397 3864/5200/3399
f 3841/5179/3380 3840/5193/3392 3856/5199/3398 3857/5201/3400
f 3849/5178/3379 3848/5177/3378 3864/5200/3399 3865/5202/3401
f 3842/5180/3381 3841/5179/3380 3857/5201/3400 3858/5203/3402
f 3850/5181/3382 3849/5178/3379 3865/5202/3401 3866/5204/3403
f 3843/5182/3383 3842/5180/3381 3858/5203/3402 3859/5205/3404
f 3851/5183/3384 3850/5181/3382 3866/5204/3403 3867/5206/3405
f 3844/5184/3385 3843/5182/3383 3859/5205/3404 3860/5207/3406
f 3837/5186/3386 3852/5208/3080 3853/5209/3407
f 4008/5210/3082 3851/5183/3384 3867/5206/3405
f 3845/5188/3387 3844/5184/3385 3860/5207/3406 3861/5194/3393
f 3838/5189/3388 3837/5186/3386 3853/5209/3407 3854/5196/3395
f 3866/5204/3403 3865/5202/3401 3880/5211/3408 3881/5212/3409
f 3859/5205/3404 3858/5203/3402 3873/5213/3410 3874/5214/3411
f 3867/5206/3405 3866/5204/3403 3881/5212/3409 3882/5215/3412
f 3860/5207/3406 3859/5205/3404 3874/5214/3411 3875/5216/3413
f 3853/5209/3407 3852/5217/3080 3868/5218/3414
f 4008/5219/3082 3867/5206/3405 3882/5215/3412
f 3861/5194/3393 3860/5207/3406 3875/5216/3413 3876/5220/3415
f 3854/5196/3395 3853/5209/3407 3868/5218/3414 3869/5221/3416
f 3862/5195/3394 3861/5194/3393 3876/5220/3415 3877/5222/3417
f 3855/5197/3396 3854/5196/3395 3869/5221/3416 3870/5223/3418
f 3863/5198/3397 3862/5195/3394 3877/5222/3417 3878/5224/3419
f 3856/5199/3398 3855/5197/3396 3870/5223/3418 3871/5225/3420
f 3864/5200/3399 3863/5198/3397 3878/5224/3419 3879/5226/3421
f 3857/5201/3400 3856/5199/3398 3871/5225/3420 3872/5227/3422
f 3865/5202/3401 3864/5200/3399 3879/5226/3421 3880/5211/3408
f 3858/5203/3402 3857/5201/3400 3872/5227/3422 3873/5213/3410
f 3870/5223/3418 3869/5221/3416 3884/5228/3423 3885/5229/3424
f 3878/5224/3419 3877/5222/3417 3892/5230/3425 3893/5231/3426
f 3871/5225/3420 3870/5223/3418 3885/5229/3424 3886/5232/3427
f 3879/5226/3421 3878/5224/3419 3893/5231/3426 3894/5233/3428
f 3872/5227/3422 3871/5225/3420 3886/5232/3427 3887/5234/3429
f 3880/5211/3408 3879/5226/3421 3894/5233/3428 3895/5235/3430
f 3873/5213/3410 3872/5227/3422 3887/5234/3429 3888/5236/3431
f 3881/5212/3409 3880/5211/3408 3895/5235/3430 3896/5237/3432
f 3874/5214/3411 3873/5213/3410 3888/5236/3431 3889/5238/3433
f 3882/5215/3412 3881/5212/3409 3896/5237/3432 3897/5239/3434
f 3875/5216/3413 3874/5214/3411 3889/5238/3433 3890/5240/3435
f 3868/5218/3414 3852/5241/3080 3883/5242/3436
f 4008/5243/3082 3882/5215/3412 3897/5239/3434
f 3876/5220/3415 3875/5216/3413 3890/5240/3435 3891/5244/3437
f 3869/5221/3416 3868/5218/3414 3883/5242/3436 3884/5228/3423
f 3877/5222/3417 3876/5220/3415 3891/5244/3437 3892/5230/3425
f 3889/5245/3433 3888/5246/3431 3903/5247/3438 3904/5248/3439
f 3897/5249/3434 3896/5250/3432 3911/5251/3440 3912/5252/3441
f 3890/5253/3435 3889/5245/3433 3904/5248/3439 3905/5254/3442
f 3883/5255/3436 3852/5256/3080 3898/5257/3443
f 4008/5258/3082 3897/5249/3434 3912/5252/3441
f 3891/5259/3437 3890/5253/3435 3905/5254/3442 3906/5260/3444
f 3884/5261/3423 3883/5255/3436 3898/5257/3443 3899/5262/3445
f 3892/5263/3425 3891/5259/3437 3906/5260/3444 3907/5264/3446
f 3885/5265/3424 3884/5261/3423 3899/5262/3445 3900/5266/3447
f 3893/5267/3426 3892/5263/3425 3907/5264/3446 3908/5268/3448
f 3886/5269/3427 3885/5265/3424 3900/5266/3447 3901/5270/3449
f 3894/5271/3428 3893/5267/3426 3908/5268/3448 3909/5272/3450
f 3887/5273/3429 3886/5269/3427 3901/5270/3449 3902/5274/3451
f 3895/5275/3430 3894/5271/3428 3909/5272/3450 3910/5276/3452
f 3888/5246/3431 3887/5273/3429 3902/5274/3451 3903/5247/3438
f 3896/5250/3432 3895/5275/3430 3910/5276/3452 3911/5251/3440
f 3908/5268/3448 3907/5264/3446 3922/5277/3453 3923/5278/3454
f 3901/5270/3449 3900/5266/3447 3915/5279/3455 3916/5280/3456
f 3909/5272/3450 3908/5268/3448 3923/5278/3454 3924/5281/3457
f 3902/5274/3451 3901/5270/3449 3916/5280/3456 3917/5282/3458
f 3910/5276/3452 3909/5272/3450 3924/5281/3457 3925/5283/3459
f 3903/5247/3438 3902/5274/3451 3917/5282/3458 3918/5284/3460
f 3911/5251/3440 3910/5276/3452 3925/5283/3459 3926/5285/3461
f 3904/5248/3439 3903/5247/3438 3918/5284/3460 3919/5286/3462
f 3912/5252/3441 3911/5251/3440 3926/5285/3461 3927/5287/3463
f 3905/5254/3442 3904/5248/3439 3919/5286/3462 3920/5288/3464
f 3898/5257/3443 3852/5289/3080 3913/5290/3465
f 4008/5291/3082 3912/5252/3441 3927/5287/3463
f 3906/5260/3444 3905/5254/3442 3920/5288/3464 3921/5292/3466
f 3899/5262/3445 3898/5257/3443 3913/5290/3465 3914/5293/3467
f 3907/5264/3446 3906/5260/3444 3921/5292/3466 3922/5277/3453
f 3900/5266/3447 3899/5262/3445 3914/5293/3467 3915/5279/3455
f 3927/5287/3463 3926/5285/3461 3941/5294/3468 3942/5295/3469
f 3920/5288/3464 3919/5286/3462 3934/5296/3470 3935/5297/3471
f 3913/5290/3465 3852/5298/3080 3928/5299/3472
f 4008/5300/3082 3927/5287/3463 3942/5295/3469
f 3921/5292/3466 3920/5288/3464 3935/5297/3471 3936/5301/3473
f 3914/5293/3467 3913/5290/3465 3928/5299/3472 3929/5302/3474
f 3922/5277/3453 3921/5292/3466 3936/5301/3473 3937/5303/3475
f 3915/5279/3455 3914/5293/3467 3929/5302/3474 3930/5304/3476
f 3923/5278/3454 3922/5277/3453 3937/5303/3475 3938/5305/3477
f 3916/5280/3456 3915/5279/3455 3930/5304/3476 3931/5306/3478
f 3924/5281/3457 3923/5278/3454 3938/5305/3477 3939/5307/3479
f 3917/5282/3458 3916/5280/3456 3931/5306/3478 3932/5308/3480
f 3925/5283/3459 3924/5281/3457 3939/5307/3479 3940/5309/3481
f 3918/5284/3460 3917/5282/3458 3932/5308/3480 3933/5310/3482
f 3926/5285/3461 3925/5283/3459 3940/5309/3481 3941/5294/3468
f 3919/5286/3462 3918/5284/3460 3933/5310/3482 3934/5296/3470
f 3931/5306/3478 3930/5304/3476 3945/5311/3483 3946/5312/3484
f 3939/5307/3479 3938/5305/3477 3953/5313/3485 3954/5314/3486
f 3932/5308/3480 3931/5306/3478 3946/5312/3484 3947/5315/3487
f 3940/5309/3481 3939/5307/3479 3954/5314/3486 3955/5316/3488
f 3933/5310/3482 3932/5308/3480 3947/5315/3487 3948/5317/3489
f 3941/5294/3468 3940/5309/3481 3955/5316/3488 3956/5318/3490
f 3934/5296/3470 3933/5310/3482 3948/5317/3489 3949/5319/3491
f 3942/5295/3469 3941/5294/3468 3956/5318/3490 3957/5320/3492
f 3935/5297/3471 3934/5296/3470 3949/5319/3491 3950/5321/3493
f 3928/5299/3472 3852/5322/3080 3943/5323/3494
f 4008/5324/3082 3942/5295/3469 3957/5320/3492
f 3936/5301/3473 3935/5297/3471 3950/5321/3493 3951/5325/3495
f 3929/5302/3474 3928/5299/3472 3943/5323/3494 3944/5326/3496
f 3937/5303/3475 3936/5301/3473 3951/5325/3495 3952/5327/3497
f 3930/5304/3476 3929/5302/3474 3944/5326/3496 3945/5311/3483
f 3938/5305/3477 3937/5303/3475 3952/5327/3497 3953/5313/3485
f 3950/5321/3493 3949/5319/3491 3964/5328/3498 3965/5329/3499
f 3943/5323/3494 3852/5330/3080 3958/5331/3500
f 4008/5332/3082 3957/5320/3492 3972/5333/3501
f 3951/5325/3495 3950/5321/3493 3965/5329/3499 3966/5334/3502
f 3944/5326/3496 3943/5323/3494 3958/5331/3500 3959/5335/3503
f 3952/5327/3497 3951/5325/3495 3966/5334/3502 3967/5336/3504
f 3945/5311/3483 3944/5326/3496 3959/5335/3503 3960/5337/3505
f 3953/5313/3485 3952/5327/3497 3967/5336/3504 3968/5338/3506
f 3946/5312/3484 3945/5311/3483 3960/5337/3505 3961/5339/3507
f 3954/5314/3486 3953/5313/3485 3968/5338/3506 3969/5340/3508
f 3947/5315/3487 3946/5312/3484 3961/5339/3507 3962/5341/3509
f 3955/5316/3488 3954/5314/3486 3969/5340/3508 3970/5342/3510
f 3948/5317/3489 3947/5315/3487 3962/5341/3509 3963/5343/3511
f 3956/5318/3490 3955/5316/3488 3970/5342/3510 3971/5344/3512
f 3949/5319/3491 3948/5317/3489 3963/5343/3511 3964/5328/3498
f 3957/5320/3492 3956/5318/3490 3971/5344/3512 3972/5333/3501
f 3969/5340/3508 3968/5338/3506 3983/5345/3513 3984/5346/3514
f 3962/5341/3509 3961/5339/3507 3976/5347/3515 3977/5348/3516
f 3970/5342/3510 3969/5340/3508 3984/5346/3514 3985/5349/3517
f 3963/5343/3511 3962/5341/3509 3977/5348/3516 3978/5350/3518
f 3971/5344/3512 3970/5342/3510 3985/5349/3517 3986/5351/3519
f 3964/5328/3498 3963/5343/3511 3978/5350/3518 3979/5352/3520
f 3972/5333/3501 3971/5344/3512 3986/5351/3519 3987/5353/3521
f 3965/5329/3499 3964/5328/3498 3979/5352/3520 3980/5354/3522
f 3958/5331/3500 3852/5355/3080 3973/5356/3523
f 4008/5357/3082 3972/5333/3501 3987/5353/3521
f 3966/5334/3502 3965/5329/3499 3980/5354/3522 3981/5358/3524
f 3959/5335/3503 3958/5331/3500 3973/5356/3523 3974/5359/3525
f 3967/5336/3504 3966/5334/3502 3981/5358/3524 3982/5360/3526
f 3960/5337/3505 3959/5335/3503 3974/5359/3525 3975/5361/3527
f 3968/5338/3506 3967/5336/3504 3982/5360/3526 3983/5345/3513
f 3961/5339/3507 3960/5337/3505 3975/5361/3527 3976/5347/3515
f 4008/5362/3082 3987/5353/3521 4002/5363/3528
f 3981/5358/3524 3980/5354/3522 3995/5364/3529 3996/5365/3530
f 3974/5359/3525 3973/5356/3523 3988/5366/3531 3989/5367/3532
f 3982/5360/3526 3981/5358/3524 3996/5365/3530 3997/5368/3533
f 3975/5361/3527 3974/5359/3525 3989/5367/3532 3990/5369/3534
f 3983/5345/3513 3982/5360/3526 3997/5368/3533 3998/5370/3535
f 3976/5347/3515 3975/5361/3527 3990/5369/3534 3991/5371/3536
f 3984/5346/3514 3983/5345/3513 3998/5370/3535 3999/5372/3537
f 3977/5348/3516 3976/5347/3515 3991/5371/3536 3992/5373/3538
f 3985/5349/3517 3984/5346/3514 3999/5372/3537 4000/5374/3539
f 3978/5350/3518 3977/5348/3516 3992/5373/3538 3993/5375/3540
f 3986/5351/3519 3985/5349/3517 4000/5374/3539 4001/5376/3541
f 3979/5352/3520 3978/5350/3518 3993/5375/3540 3994/5377/3542
f 3987/5353/3521 3986/5351/3519 4001/5376/3541 4002/5363/3528
f 3980/5354/3522 3979/5352/3520 3994/5377/3542 3995/5364/3529
f 3973/5356/3523 3852/5378/3080 3988/5366/3531
f 4000/5374/3539 3999/5372/3537 3535/4827/3066 3536/4826/3065
f 3993/5375/3540 3992/5373/3538 3531/4822/3061 3532/4830/3069
f 4001/5376/3541 4000/5374/3539 3536/4826/3065 4006/4832/3071
f 3994/5377/3542 3993/5375/3540 3532/4830/3069 3533/4834/3073
f 4002/5363/3528 4001/5376/3541 4006/4832/3071 4007/4836/3075
f 3995/5364/3529 3994/5377/3542 3533/4834/3073 4003/4838/3077
f 3988/5366/3531 3852/5379/3080 3527/4840/3079
f 4008/5380/3082 4002/5363/3528 4007/4836/3075
f 3996/5365/3530 3995/5364/3529 4003/4838/3077 4004/4844/3083
f 3989/5367/3532 3988/5366/3531 3527/4840/3079 3528/4846/3085
f 3997/5368/3533 3996/5365/3530 4004/4844/3083 4005/4848/3087
f 3990/5369/3534 3989/5367/3532 3528/4846/3085 3529/4850/3089
f 3998/5370/3535 3997/5368/3533 4005/4848/3087 3534/4852/3091
f 3991/5371/3536 3990/5369/3534 3529/4850/3089 3530/4823/3062
f 3999/5372/3537 3998/5370/3535 3534/4852/3091 3535/4827/3066
f 3992/5373/3538 3991/5371/3536 3530/4823/3062 3531/4822/3061
o Sphere.007_Sphere.008
v 1.193378 2.621916 1.704418
v 1.179864 2.614075 1.704413
v 1.167408 2.601342 1.704408
v 1.156491 2.584207 1.704404
v 1.147532 2.563328 1.704401
v 1.140874 2.539506 1.704399
v 1.136775 2.513659 1.704397
v 1.147532 2.410229 1.704401
v 1.156491 2.389350 1.704404
v 1.167408 2.372215 1.704408
v 1.193650 2.621916 1.699174
v 1.180397 2.614075 1.694127
v 1.168182 2.601342 1.689474
v 1.157477 2.584207 1.685398
v 1.148691 2.563328 1.682051
v 1.142162 2.539506 1.679565
v 1.138142 2.513659 1.678034
v 1.136785 2.486778 1.677517
v 1.138142 2.459898 1.678034
v 1.142162 2.434051 1.679565
v 1.148691 2.410229 1.682051
v 1.157477 2.389350 1.685398
v 1.168182 2.372215 1.689474
v 1.180397 2.359482 1.694127
v 1.193650 2.351641 1.699174
v 1.194452 2.621916 1.694132
v 1.181969 2.614075 1.684235
v 1.170466 2.601342 1.675115
v 1.160383 2.584207 1.667122
v 1.152107 2.563328 1.660562
v 1.145959 2.539506 1.655686
v 1.142172 2.513659 1.652685
v 1.140893 2.486778 1.651672
v 1.142172 2.459898 1.652685
v 1.145959 2.434051 1.655686
v 1.152107 2.410229 1.660562
v 1.160383 2.389350 1.667122
v 1.170466 2.372215 1.675115
v 1.181969 2.359482 1.684235
v 1.194452 2.351641 1.694132
v 1.195752 2.621916 1.689484
v 1.184521 2.614075 1.675120
v 1.174169 2.601342 1.661883
v 1.165096 2.584207 1.650279
v 1.157650 2.563328 1.640757
v 1.152117 2.539506 1.633681
v 1.148710 2.513659 1.629323
v 1.147560 2.486778 1.627852
v 1.148710 2.459898 1.629323
v 1.152117 2.434051 1.633681
v 1.157650 2.410229 1.640757
v 1.165096 2.389350 1.650279
v 1.174169 2.372215 1.661883
v 1.184521 2.359482 1.675120
v 1.195752 2.351641 1.689484
v 1.197502 2.621916 1.685412
v 1.187951 2.614075 1.667132
v 1.179151 2.601342 1.650284
v 1.171437 2.584207 1.635518
v 1.165105 2.563328 1.623399
v 1.160402 2.539506 1.614394
v 1.157505 2.513659 1.608849
v 1.156526 2.486778 1.606976
v 1.157505 2.459898 1.608849
v 1.160402 2.434051 1.614394
v 1.165105 2.410229 1.623399
v 1.171437 2.389350 1.635518
v 1.179151 2.372215 1.650284
v 1.187951 2.359482 1.667132
v 1.197502 2.351641 1.685412
v 1.199633 2.621916 1.682070
v 1.192132 2.614075 1.660576
v 1.185220 2.601342 1.640767
v 1.179160 2.584207 1.623405
v 1.174188 2.563328 1.609155
v 1.170493 2.539506 1.598566
v 1.168218 2.513659 1.592046
v 1.167449 2.486778 1.589845
v 1.168218 2.459898 1.592046
v 1.170493 2.434051 1.598566
v 1.174188 2.410229 1.609155
v 1.179160 2.389350 1.623405
v 1.185220 2.372215 1.640767
v 1.192132 2.359482 1.660576
v 1.199633 2.351641 1.682070
v 1.202064 2.621916 1.679587
v 1.196900 2.614075 1.655705
v 1.192142 2.601342 1.633695
v 1.187971 2.584207 1.614404
v 1.184548 2.563328 1.598571
v 1.182005 2.539506 1.586807
v 1.180438 2.513659 1.579563
v 1.179910 2.486778 1.577117
v 1.180438 2.459898 1.579563
v 1.182005 2.434051 1.586807
v 1.184548 2.410229 1.598571
v 1.187971 2.389350 1.614404
v 1.192142 2.372215 1.633695
v 1.196900 2.359482 1.655705
v 1.202064 2.351641 1.679587
v 1.204700 2.621916 1.678058
v 1.202074 2.614075 1.652707
v 1.199652 2.601342 1.629342
v 1.197529 2.584207 1.608863
v 1.195788 2.563328 1.592057
v 1.194493 2.539506 1.579568
v 1.193696 2.513659 1.571878
v 1.193427 2.486778 1.569281
v 1.193696 2.459898 1.571878
v 1.194493 2.434051 1.579568
v 1.195788 2.410229 1.592057
v 1.197529 2.389350 1.608863
v 1.199652 2.372215 1.629342
v 1.202074 2.359482 1.652707
v 1.204700 2.351641 1.678058
v 1.207443 2.621916 1.677543
v 1.207452 2.614075 1.651696
v 1.207461 2.601342 1.627874
v 1.207468 2.584207 1.606995
v 1.207474 2.563328 1.589860
v 1.207479 2.539506 1.577127
v 1.207482 2.513659 1.569286
v 1.207483 2.486778 1.566639
v 1.207482 2.459898 1.569286
v 1.207479 2.434051 1.577127
v 1.207474 2.410229 1.589860
v 1.207468 2.389350 1.606995
v 1.207461 2.372215 1.627874
v 1.207452 2.359482 1.651696
v 1.207443 2.351641 1.677543
v 1.210184 2.621916 1.678060
v 1.212831 2.614075 1.652711
v 1.215269 2.601342 1.629347
v 1.217405 2.584207 1.608870
v 1.219159 2.563328 1.592065
v 1.220463 2.539506 1.579577
v 1.221266 2.513659 1.571888
v 1.221537 2.486778 1.569291
v 1.221266 2.459898 1.571888
v 1.220463 2.434051 1.579577
v 1.219159 2.410229 1.592065
v 1.217405 2.389350 1.608870
v 1.215269 2.372215 1.629347
v 1.212831 2.359482 1.652711
v 1.210184 2.351641 1.678060
v 1.212821 2.621916 1.679591
v 1.218001 2.614075 1.655712
v 1.222775 2.601342 1.633706
v 1.226960 2.584207 1.614418
v 1.230394 2.563328 1.598588
v 1.232946 2.539506 1.586826
v 1.234518 2.513659 1.579582
v 1.235049 2.486778 1.577137
v 1.234518 2.459898 1.579582
v 1.232946 2.434051 1.586826
v 1.230394 2.410229 1.598588
v 1.226960 2.389350 1.614418
v 1.222775 2.372215 1.633706
v 1.218001 2.359482 1.655712
v 1.212821 2.351641 1.679591
v 1.215250 2.621916 1.682075
v 1.222766 2.614075 1.660587
v 1.229693 2.601342 1.640783
v 1.235764 2.584207 1.623425
v 1.240747 2.563328 1.609179
v 1.244449 2.539506 1.598593
v 1.246729 2.513659 1.592075
v 1.247499 2.486778 1.589874
v 1.246729 2.459898 1.592075
v 1.244449 2.434051 1.598593
v 1.240747 2.410229 1.609179
v 1.235764 2.389350 1.623425
v 1.229693 2.372215 1.640783
v 1.222766 2.359482 1.660587
v 1.215250 2.351641 1.682075
v 1.217378 2.621916 1.685419
v 1.226941 2.614075 1.667146
v 1.235754 2.601342 1.650305
v 1.243480 2.584207 1.635544
v 1.249819 2.563328 1.623430
v 1.254529 2.539506 1.614428
v 1.257430 2.513659 1.608885
v 1.258410 2.486778 1.607013
v 1.257430 2.459898 1.608885
v 1.254529 2.434051 1.614428
v 1.249819 2.410229 1.623430
v 1.243480 2.389350 1.635544
v 1.235754 2.372215 1.650305
v 1.226941 2.359482 1.667146
v 1.217378 2.351641 1.685419
v 1.219124 2.621916 1.689493
v 1.230366 2.614075 1.675137
v 1.240728 2.601342 1.661907
v 1.249809 2.584207 1.650310
v 1.257262 2.563328 1.640793
v 1.262800 2.539506 1.633721
v 1.266210 2.513659 1.629366
v 1.267362 2.486778 1.627895
v 1.266210 2.459898 1.629366
v 1.262800 2.434051 1.633721
v 1.257262 2.410229 1.640793
v 1.249810 2.389350 1.650310
v 1.240728 2.372215 1.661907
v 1.230366 2.359482 1.675137
v 1.219124 2.351641 1.689493
v 1.220422 2.621916 1.694141
v 1.232911 2.614075 1.684254
v 1.244421 2.601342 1.675142
v 1.254510 2.584207 1.667156
v 1.262791 2.563328 1.660602
v 1.268944 2.539506 1.655731
v 1.272732 2.513659 1.652732
v 1.274011 2.486778 1.651720
v 1.272732 2.459898 1.652732
v 1.268944 2.434051 1.655731
v 1.262791 2.410229 1.660602
v 1.254510 2.389350 1.667156
v 1.244421 2.372215 1.675142
v 1.232911 2.359482 1.684254
v 1.220422 2.351641 1.694141
v 1.221220 2.621916 1.699184
v 1.234477 2.614075 1.694147
v 1.246694 2.601342 1.689503
v 1.257403 2.584207 1.685434
v 1.266191 2.563328 1.682094
v 1.272722 2.539506 1.679612
v 1.276743 2.513659 1.678085
v 1.278102 2.486778 1.677568
v 1.276743 2.459898 1.678085
v 1.272722 2.434051 1.679612
v 1.266191 2.410229 1.682094
v 1.257403 2.389350 1.685434
v 1.246694 2.372215 1.689503
v 1.234477 2.359482 1.694147
v 1.221220 2.351641 1.699184
v 1.221488 2.621916 1.704428
v 1.235003 2.614075 1.704433
v 1.247458 2.601342 1.704437
v 1.258375 2.584207 1.704441
v 1.267334 2.563328 1.704444
v 1.273992 2.539506 1.704447
v 1.278092 2.513659 1.704448
v 1.279476 2.486778 1.704449
v 1.278092 2.459898 1.704448
v 1.273992 2.434051 1.704447
v 1.267334 2.410229 1.704444
v 1.258375 2.389350 1.704441
v 1.247458 2.372215 1.704437
v 1.235003 2.359482 1.704433
v 1.221488 2.351641 1.704428
v 1.221216 2.621916 1.709673
v 1.234469 2.614075 1.714719
v 1.246683 2.601342 1.719371
v 1.257389 2.584207 1.723449
v 1.266175 2.563328 1.726795
v 1.272704 2.539506 1.729281
v 1.276724 2.513659 1.730812
v 1.278082 2.486778 1.731329
v 1.276724 2.459898 1.730812
v 1.272704 2.434051 1.729281
v 1.266175 2.410229 1.726795
v 1.257389 2.389350 1.723449
v 1.246683 2.372215 1.719371
v 1.234469 2.359482 1.714719
v 1.221216 2.351641 1.709673
v 1.220414 2.621916 1.714714
v 1.232897 2.614075 1.724610
v 1.244400 2.601342 1.733730
v 1.254483 2.584207 1.741725
v 1.262759 2.563328 1.748285
v 1.268908 2.539506 1.753160
v 1.272694 2.513659 1.756161
v 1.273973 2.486778 1.757175
v 1.272694 2.459898 1.756161
v 1.268908 2.434051 1.753160
v 1.262759 2.410229 1.748285
v 1.254483 2.389350 1.741725
v 1.244400 2.372215 1.733730
v 1.232897 2.359482 1.724610
v 1.220414 2.351641 1.714714
v 1.219113 2.621916 1.719361
v 1.230345 2.614075 1.733725
v 1.240698 2.601342 1.746964
v 1.249770 2.584207 1.758567
v 1.257216 2.563328 1.768089
v 1.262749 2.539506 1.775165
v 1.266156 2.513659 1.779523
v 1.267306 2.486778 1.780993
v 1.266156 2.459898 1.779523
v 1.262749 2.434051 1.775165
v 1.257216 2.410229 1.768089
v 1.249770 2.389350 1.758567
v 1.240698 2.372215 1.746964
v 1.230345 2.359482 1.733725
v 1.219113 2.351641 1.719361
v 1.217364 2.621916 1.723434
v 1.226914 2.614075 1.741715
v 1.235715 2.601342 1.758562
v 1.243430 2.584207 1.773329
v 1.249761 2.563328 1.785447
v 1.254464 2.539506 1.794452
v 1.257361 2.513659 1.799998
v 1.258340 2.486778 1.801870
v 1.257361 2.459898 1.799998
v 1.254464 2.434051 1.794452
v 1.249761 2.410229 1.785447
v 1.243430 2.389350 1.773329
v 1.235715 2.372215 1.758562
v 1.226914 2.359482 1.741715
v 1.217364 2.351641 1.723434
v 1.215234 2.621916 1.726776
v 1.222734 2.614075 1.748270
v 1.229647 2.601342 1.768079
v 1.235706 2.584207 1.785442
v 1.240678 2.563328 1.799691
v 1.244373 2.539506 1.810279
v 1.246648 2.513659 1.816800
v 1.247416 2.486778 1.819001
v 1.246648 2.459898 1.816800
v 1.244373 2.434051 1.810279
v 1.240679 2.410229 1.799692
v 1.235706 2.389350 1.785442
v 1.229647 2.372215 1.768079
v 1.222734 2.359482 1.748270
v 1.215234 2.351641 1.726776
v 1.207433 2.624563 1.704423
v 1.212803 2.621916 1.729260
v 1.217965 2.614075 1.753142
v 1.222724 2.601342 1.775150
v 1.226895 2.584207 1.794442
v 1.230318 2.563328 1.810274
v 1.232861 2.539506 1.822039
v 1.234428 2.513659 1.829283
v 1.234957 2.486778 1.831730
v 1.234428 2.459898 1.829283
v 1.232861 2.434051 1.822039
v 1.230318 2.410229 1.810274
v 1.226895 2.389350 1.794442
v 1.222724 2.372215 1.775150
v 1.217965 2.359482 1.753142
v 1.212803 2.351641 1.729260
v 1.210165 2.621916 1.730788
v 1.212793 2.614075 1.756140
v 1.215215 2.601342 1.779504
v 1.217336 2.584207 1.799983
v 1.219078 2.563328 1.816790
v 1.220373 2.539506 1.829278
v 1.221170 2.513659 1.836969
v 1.221439 2.486778 1.839565
v 1.221170 2.459898 1.836969
v 1.220373 2.434051 1.829278
v 1.219078 2.410229 1.816790
v 1.217336 2.389350 1.799983
v 1.215215 2.372215 1.779504
v 1.212793 2.359482 1.756140
v 1.210165 2.351641 1.730788
v 1.207423 2.621916 1.731304
v 1.207414 2.614075 1.757151
v 1.207405 2.601342 1.780972
v 1.207398 2.584207 1.801852
v 1.207392 2.563328 1.818987
v 1.207387 2.539506 1.831720
v 1.207384 2.513659 1.839560
v 1.207383 2.486778 1.842208
v 1.207384 2.459898 1.839560
v 1.207387 2.434051 1.831720
v 1.207392 2.410229 1.818987
v 1.207398 2.389350 1.801852
v 1.207405 2.372215 1.780972
v 1.207414 2.359482 1.757151
v 1.207423 2.351641 1.731304
v 1.204681 2.621916 1.730786
v 1.202036 2.614075 1.756136
v 1.199598 2.601342 1.779498
v 1.197460 2.584207 1.799976
v 1.195706 2.563328 1.816781
v 1.194403 2.539506 1.829269
v 1.193600 2.513659 1.836959
v 1.193329 2.486778 1.839555
v 1.193600 2.459898 1.836959
v 1.194403 2.434051 1.829269
v 1.195706 2.410229 1.816781
v 1.197460 2.389350 1.799976
v 1.199598 2.372215 1.779498
v 1.202036 2.359482 1.756136
v 1.204681 2.351641 1.730786
v 1.202046 2.621916 1.729256
v 1.196865 2.614075 1.753134
v 1.192090 2.601342 1.775139
v 1.187905 2.584207 1.794428
v 1.184472 2.563328 1.810257
v 1.181919 2.539506 1.822020
v 1.180348 2.513659 1.829264
v 1.179818 2.486778 1.831710
v 1.180348 2.459898 1.829264
v 1.181919 2.434051 1.822020
v 1.184472 2.410229 1.810257
v 1.187905 2.389350 1.794428
v 1.192090 2.372215 1.775139
v 1.196865 2.359482 1.753134
v 1.202046 2.351641 1.729256
v 1.199617 2.621916 1.726771
v 1.192100 2.614075 1.748259
v 1.185174 2.601342 1.768063
v 1.179102 2.584207 1.785421
v 1.174120 2.563328 1.799667
v 1.170417 2.539506 1.810252
v 1.168136 2.513659 1.816772
v 1.167367 2.486778 1.818972
v 1.168136 2.459898 1.816772
v 1.170417 2.434051 1.810252
v 1.174120 2.410229 1.799667
v 1.179102 2.389350 1.785421
v 1.185174 2.372215 1.768063
v 1.192100 2.359482 1.748259
v 1.199617 2.351641 1.726771
v 1.197488 2.621916 1.723427
v 1.187925 2.614075 1.741701
v 1.179111 2.601342 1.758541
v 1.171387 2.584207 1.773303
v 1.165047 2.563328 1.785416
v 1.160336 2.539506 1.794418
v 1.157435 2.513659 1.799962
v 1.156456 2.486778 1.801833
v 1.157435 2.459898 1.799962
v 1.160336 2.434051 1.794418
v 1.165047 2.410229 1.785416
v 1.171387 2.389350 1.773303
v 1.179111 2.372215 1.758541
v 1.187925 2.359482 1.741701
v 1.197488 2.351641 1.723427
v 1.195742 2.621916 1.719352
v 1.184499 2.614075 1.733708
v 1.174139 2.601342 1.746940
v 1.165056 2.584207 1.758536
v 1.157604 2.563328 1.768053
v 1.152066 2.539506 1.775125
v 1.148656 2.513659 1.779479
v 1.147504 2.486778 1.780950
v 1.148656 2.459898 1.779479
v 1.152066 2.434051 1.775125
v 1.157604 2.410229 1.768053
v 1.165056 2.389350 1.758536
v 1.174139 2.372215 1.746940
v 1.184499 2.359482 1.733708
v 1.195742 2.351641 1.719352
v 1.194444 2.621916 1.714705
v 1.181955 2.614075 1.724591
v 1.170444 2.601342 1.733703
v 1.160355 2.584207 1.741691
v 1.152075 2.563328 1.748245
v 1.145923 2.539506 1.753115
v 1.142134 2.513659 1.756114
v 1.140855 2.486778 1.757127
v 1.142134 2.459898 1.756114
v 1.145923 2.434051 1.753115
v 1.152075 2.410229 1.748245
v 1.160356 2.389350 1.741691
v 1.170444 2.372215 1.733703
v 1.181955 2.359482 1.724591
v 1.194444 2.351641 1.714705
v 1.193646 2.621916 1.709663
v 1.180389 2.614075 1.714700
v 1.168172 2.601342 1.719342
v 1.157463 2.584207 1.723413
v 1.148675 2.563328 1.726752
v 1.142144 2.539506 1.729234
v 1.138122 2.513659 1.730762
v 1.136765 2.486778 1.731278
v 1.138122 2.459898 1.730762
v 1.142144 2.434051 1.729234
v 1.148675 2.410229 1.726752
v 1.157463 2.389350 1.723413
v 1.168172 2.372215 1.719342
v 1.180389 2.359482 1.714700
v 1.193646 2.351641 1.709663
v 1.135390 2.486778 1.704397
v 1.136775 2.459898 1.704397
v 1.140874 2.434051 1.704399
v 1.179864 2.359482 1.704413
v 1.193378 2.351641 1.704418
v 1.207433 2.348994 1.704423
vn -0.9433 0.3318 -0.0003
vn -0.8846 0.4663 -0.0003
vn -0.8770 0.4714 -0.0924
vn -0.9367 0.3360 -0.0988
vn -0.7846 -0.6200 -0.0003
vn -0.8846 -0.4663 -0.0003
vn -0.8770 -0.4714 -0.0924
vn -0.7761 -0.6253 -0.0816
vn -0.9771 0.2129 -0.0004
vn -0.9710 0.2158 -0.1025
vn -0.6167 -0.7872 -0.0002
vn -0.6083 -0.7912 -0.0633
vn -0.9946 0.1040 -0.0004
vn -0.9889 0.1055 -0.1044
vn -0.3533 -0.9355 -0.0001
vn -0.3478 -0.9369 -0.0352
vn -1.0000 -0.0000 -0.0004
vn -0.9945 -0.0000 -0.1050
vn -0.3533 0.9355 -0.0001
vn -0.0000 1.0000 -0.0000
vn -0.3478 0.9369 -0.0352
vn -0.0000 -1.0000 -0.0000
vn -0.9946 -0.1040 -0.0004
vn -0.9889 -0.1055 -0.1044
vn -0.6167 0.7872 -0.0002
vn -0.6083 0.7912 -0.0633
vn -0.9771 -0.2129 -0.0004
vn -0.9710 -0.2158 -0.1025
vn -0.7846 0.6200 -0.0003
vn -0.7761 0.6253 -0.0816
vn -0.9433 -0.3318 -0.0003
vn -0.9367 -0.3360 -0.0988
vn -0.9517 -0.2248 -0.2090
vn -0.9154 -0.3490 -0.2009
vn -0.7498 0.6411 -0.1637
vn -0.8531 0.4871 -0.1869
vn -0.8531 -0.4871 -0.1869
vn -0.9154 0.3490 -0.2009
vn -0.7498 -0.6411 -0.1637
vn -0.9517 0.2248 -0.2090
vn -0.5827 -0.8029 -0.1261
vn -0.9708 0.1101 -0.2132
vn -0.3312 -0.9410 -0.0698
vn -0.9767 -0.0000 -0.2146
vn -0.3312 0.9410 -0.0698
vn -0.9708 -0.1101 -0.2133
vn -0.5827 0.8029 -0.1261
vn -0.5387 -0.8213 -0.1877
vn -0.3033 -0.9473 -0.1030
vn -0.9359 0.1182 -0.3319
vn -0.9425 -0.0000 -0.3343
vn -0.3033 0.9473 -0.1030
vn -0.9359 -0.1182 -0.3319
vn -0.5387 0.8213 -0.1877
vn -0.9149 -0.2405 -0.3243
vn -0.7028 0.6670 -0.2472
vn -0.8753 -0.3713 -0.3100
vn -0.8090 0.5136 -0.2859
vn -0.8090 -0.5136 -0.2859
vn -0.8753 0.3713 -0.3100
vn -0.7028 -0.6670 -0.2472
vn -0.9149 0.2405 -0.3243
vn -0.8082 -0.4037 -0.4288
vn -0.7378 -0.5507 -0.3903
vn -0.7378 0.5507 -0.3903
vn -0.8082 0.4037 -0.4288
vn -0.6305 -0.7018 -0.3316
vn -0.8517 0.2639 -0.4527
vn -0.4745 -0.8449 -0.2470
vn -0.8754 0.1303 -0.4656
vn -0.2639 -0.9552 -0.1340
vn -0.8828 -0.0000 -0.4697
vn -0.2639 0.9552 -0.1340
vn -0.8754 -0.1303 -0.4656
vn -0.4745 0.8449 -0.2470
vn -0.8517 -0.2639 -0.4527
vn -0.6305 0.7018 -0.3316
vn -0.2130 0.9636 -0.1617
vn -0.2130 -0.9636 -0.1617
vn -0.7812 -0.0000 -0.6243
vn -0.7729 -0.1469 -0.6173
vn -0.3879 0.8709 -0.3017
vn -0.7469 -0.2953 -0.5958
vn -0.5266 0.7424 -0.4142
vn -0.7005 -0.4458 -0.5573
vn -0.6291 0.5967 -0.4982
vn -0.6291 -0.5967 -0.4982
vn -0.7005 0.4458 -0.5573
vn -0.5266 -0.7424 -0.4142
vn -0.7469 0.2953 -0.5958
vn -0.3879 -0.8709 -0.3017
vn -0.7729 0.1469 -0.6173
vn -0.4704 0.6456 -0.6016
vn -0.5339 0.4931 -0.6869
vn -0.4704 -0.6456 -0.6016
vn -0.3852 -0.7829 -0.4885
vn -0.5774 0.3320 -0.7459
vn -0.2779 -0.8953 -0.3481
vn -0.6027 0.1668 -0.7803
vn -0.1509 -0.9712 -0.1845
vn -0.6110 -0.0000 -0.7917
vn -0.1509 0.9712 -0.1845
vn -0.6027 -0.1668 -0.7803
vn -0.2779 0.8953 -0.3481
vn -0.5774 -0.3320 -0.7459
vn -0.3852 0.7829 -0.4885
vn -0.5339 -0.4930 -0.6869
vn -0.3457 -0.0000 -0.9383
vn -0.3401 -0.1851 -0.9220
vn -0.0788 0.9765 -0.2004
vn -0.1460 0.9131 -0.3806
vn -0.3232 -0.3649 -0.8732
vn -0.2056 0.8142 -0.5430
vn -0.2950 -0.5337 -0.7926
vn -0.2557 0.6856 -0.6817
vn -0.2557 -0.6856 -0.6816
vn -0.2950 0.5337 -0.7926
vn -0.2056 -0.8142 -0.5430
vn -0.3232 0.3649 -0.8732
vn -0.1460 -0.9131 -0.3806
vn -0.3401 0.1851 -0.9220
vn -0.0788 -0.9765 -0.2004
vn 0.0003 -0.7014 -0.7128
vn 0.0002 -0.8261 -0.5635
vn 0.0003 0.5503 -0.8350
vn 0.0003 0.3787 -0.9255
vn 0.0001 -0.9197 -0.3925
vn 0.0004 0.1929 -0.9812
vn 0.0001 -0.9785 -0.2062
vn 0.0004 -0.0000 -1.0000
vn 0.0001 0.9785 -0.2062
vn 0.0004 -0.1929 -0.9812
vn 0.0001 0.9197 -0.3925
vn 0.0003 -0.3787 -0.9255
vn 0.0002 0.8261 -0.5635
vn 0.0003 -0.5503 -0.8350
vn 0.0003 0.7014 -0.7128
vn 0.0789 0.9765 -0.2003
vn 0.1463 0.9131 -0.3805
vn 0.3408 -0.1851 -0.9217
vn 0.3238 -0.3649 -0.8729
vn 0.2060 0.8142 -0.5428
vn 0.2956 -0.5337 -0.7923
vn 0.2561 0.6856 -0.6815
vn 0.2562 -0.6856 -0.6815
vn 0.2956 0.5337 -0.7923
vn 0.2060 -0.8142 -0.5428
vn 0.3238 0.3649 -0.8729
vn 0.1463 -0.9131 -0.3805
vn 0.3408 0.1851 -0.9217
vn 0.0789 -0.9765 -0.2003
vn 0.3464 -0.0000 -0.9381
vn 0.5344 0.4931 -0.6865
vn 0.5780 0.3320 -0.7455
vn 0.3856 -0.7829 -0.4882
vn 0.2782 -0.8953 -0.3479
vn 0.6033 0.1668 -0.7799
vn 0.1510 -0.9712 -0.1844
vn 0.6115 -0.0000 -0.7912
vn 0.1511 0.9712 -0.1844
vn 0.6033 -0.1669 -0.7799
vn 0.2782 0.8953 -0.3479
vn 0.5780 -0.3320 -0.7455
vn 0.3856 0.7829 -0.4882
vn 0.5344 -0.4931 -0.6865
vn 0.4708 0.6456 -0.6012
vn 0.4708 -0.6456 -0.6012
vn 0.7733 -0.1469 -0.6168
vn 0.7473 -0.2953 -0.5952
vn 0.3882 0.8709 -0.3014
vn 0.5269 0.7424 -0.4138
vn 0.7009 -0.4458 -0.5568
vn 0.6294 0.5967 -0.4978
vn 0.6294 -0.5967 -0.4978
vn 0.7009 0.4458 -0.5568
vn 0.5269 -0.7424 -0.4138
vn 0.7473 0.2953 -0.5952
vn 0.3881 -0.8709 -0.3014
vn 0.7733 0.1469 -0.6168
vn 0.2131 -0.9636 -0.1615
vn 0.7817 -0.0000 -0.6237
vn 0.2131 0.9636 -0.1615
vn 0.6307 -0.7018 -0.3312
vn 0.4747 -0.8449 -0.2466
vn 0.8521 0.2639 -0.4520
vn 0.8757 0.1303 -0.4650
vn 0.2640 -0.9552 -0.1338
vn 0.8832 -0.0000 -0.4690
vn 0.2640 0.9552 -0.1338
vn 0.8757 -0.1303 -0.4650
vn 0.4747 0.8449 -0.2466
vn 0.8521 -0.2639 -0.4520
vn 0.6307 0.7018 -0.3312
vn 0.8085 -0.4037 -0.4282
vn 0.7381 0.5507 -0.3897
vn 0.7381 -0.5507 -0.3897
vn 0.8085 0.4037 -0.4282
vn 0.9151 -0.2405 -0.3237
vn 0.8755 -0.3713 -0.3093
vn 0.7030 0.6670 -0.2467
vn 0.8092 0.5136 -0.2853
vn 0.8092 -0.5136 -0.2853
vn 0.8755 0.3713 -0.3093
vn 0.7030 -0.6670 -0.2467
vn 0.9151 0.2405 -0.3237
vn 0.5389 -0.8213 -0.1873
vn 0.9361 0.1181 -0.3312
vn 0.3034 -0.9473 -0.1028
vn 0.9427 -0.0000 -0.3336
vn 0.3034 0.9473 -0.1028
vn 0.9361 -0.1181 -0.3312
vn 0.5389 0.8213 -0.1873
vn 0.5828 -0.8029 -0.1256
vn 0.3313 -0.9410 -0.0695
vn 0.9709 0.1101 -0.2125
vn 0.9769 -0.0000 -0.2139
vn 0.3313 0.9410 -0.0695
vn 0.9709 -0.1101 -0.2126
vn 0.5828 0.8029 -0.1256
vn 0.9519 -0.2248 -0.2083
vn 0.7499 0.6411 -0.1631
vn 0.9155 -0.3490 -0.2002
vn 0.8532 0.4871 -0.1863
vn 0.8532 -0.4871 -0.1863
vn 0.9155 0.3490 -0.2002
vn 0.7499 -0.6411 -0.1631
vn 0.9519 0.2248 -0.2083
vn 0.7762 0.6253 -0.0810
vn 0.8771 0.4714 -0.0918
vn 0.9367 -0.3360 -0.0982
vn 0.8771 -0.4714 -0.0918
vn 0.9367 0.3360 -0.0982
vn 0.7762 -0.6253 -0.0810
vn 0.9711 0.2158 -0.1018
vn 0.6083 -0.7912 -0.0629
vn 0.9890 0.1055 -0.1037
vn 0.3478 -0.9369 -0.0350
vn 0.9945 -0.0000 -0.1043
vn 0.3478 0.9369 -0.0350
vn 0.9890 -0.1055 -0.1037
vn 0.6083 0.7912 -0.0629
vn 0.9711 -0.2158 -0.1018
vn 0.9946 0.1040 0.0004
vn 1.0000 -0.0000 0.0004
vn 0.3533 0.9355 0.0001
vn 0.3533 -0.9355 0.0001
vn 0.9946 -0.1040 0.0004
vn 0.6167 0.7872 0.0002
vn 0.9771 -0.2129 0.0004
vn 0.7846 0.6200 0.0003
vn 0.9433 -0.3318 0.0003
vn 0.8846 0.4663 0.0003
vn 0.8846 -0.4663 0.0003
vn 0.9433 0.3318 0.0003
vn 0.7846 -0.6200 0.0003
vn 0.9771 0.2129 0.0004
vn 0.6167 -0.7872 0.0002
vn 0.9367 -0.3360 0.0988
vn 0.8770 -0.4714 0.0924
vn 0.8770 0.4714 0.0924
vn 0.9367 0.3360 0.0988
vn 0.7761 -0.6253 0.0816
vn 0.9710 0.2158 0.1025
vn 0.6083 -0.7912 0.0634
vn 0.9889 0.1055 0.1044
vn 0.3478 -0.9369 0.0352
vn 0.9945 -0.0000 0.1050
vn 0.3478 0.9369 0.0352
vn 0.9889 -0.1055 0.1044
vn 0.6083 0.7912 0.0634
vn 0.9710 -0.2158 0.1025
vn 0.7761 0.6253 0.0816
vn 0.3312 0.9410 0.0698
vn 0.3312 -0.9410 0.0698
vn 0.9767 -0.0000 0.2146
vn 0.9708 -0.1101 0.2133
vn 0.5827 0.8029 0.1260
vn 0.9517 -0.2248 0.2090
vn 0.7498 0.6411 0.1637
vn 0.9153 -0.3490 0.2009
vn 0.8531 0.4871 0.1869
vn 0.8531 -0.4871 0.1869
vn 0.9153 0.3490 0.2009
vn 0.7498 -0.6411 0.1637
vn 0.9517 0.2248 0.2090
vn 0.5827 -0.8029 0.1260
vn 0.9708 0.1101 0.2133
vn 0.8090 0.5136 0.2859
vn 0.8753 0.3713 0.3100
vn 0.8090 -0.5136 0.2859
vn 0.7028 -0.6670 0.2472
vn 0.9149 0.2405 0.3243
vn 0.5387 -0.8213 0.1876
vn 0.9359 0.1181 0.3319
vn 0.3033 -0.9473 0.1030
vn 0.9425 -0.0000 0.3343
vn 0.3033 0.9473 0.1030
vn 0.9359 -0.1182 0.3319
vn 0.5387 0.8213 0.1876
vn 0.9149 -0.2405 0.3243
vn 0.7028 0.6670 0.2472
vn 0.8753 -0.3713 0.3100
vn 0.8828 -0.0000 0.4697
vn 0.8754 -0.1303 0.4656
vn 0.2639 0.9552 0.1340
vn 0.4745 0.8449 0.2470
vn 0.8517 -0.2639 0.4527
vn 0.6305 0.7018 0.3317
vn 0.8082 -0.4037 0.4288
vn 0.7378 0.5507 0.3903
vn 0.7378 -0.5507 0.3903
vn 0.8082 0.4037 0.4288
vn 0.6305 -0.7018 0.3317
vn 0.8517 0.2639 0.4527
vn 0.4745 -0.8449 0.2470
vn 0.8754 0.1303 0.4656
vn 0.2639 -0.9552 0.1340
vn 0.6290 -0.5967 0.4983
vn 0.5266 -0.7424 0.4142
vn 0.7005 0.4458 0.5573
vn 0.7469 0.2953 0.5958
vn 0.3879 -0.8709 0.3017
vn 0.7729 0.1469 0.6173
vn 0.2130 -0.9636 0.1617
vn 0.7812 -0.0000 0.6243
vn 0.2130 0.9636 0.1617
vn 0.7729 -0.1469 0.6173
vn 0.3879 0.8709 0.3017
vn 0.7469 -0.2953 0.5958
vn 0.5266 0.7424 0.4142
vn 0.7005 -0.4458 0.5573
vn 0.6290 0.5967 0.4983
vn 0.6027 -0.1669 0.7803
vn 0.5774 -0.3320 0.7459
vn 0.2779 0.8953 0.3481
vn 0.3852 0.7829 0.4885
vn 0.5339 -0.4931 0.6869
vn 0.4704 0.6456 0.6016
vn 0.4704 -0.6456 0.6016
vn 0.5339 0.4931 0.6869
vn 0.3852 -0.7829 0.4885
vn 0.5774 0.3320 0.7459
vn 0.2779 -0.8953 0.3481
vn 0.6027 0.1668 0.7803
vn 0.1509 -0.9712 0.1845
vn 0.6110 -0.0000 0.7917
vn 0.1509 0.9712 0.1845
vn 0.2057 -0.8142 0.5430
vn 0.1460 -0.9131 0.3806
vn 0.3232 0.3649 0.8732
vn 0.3401 0.1851 0.9220
vn 0.0788 -0.9766 0.2004
vn 0.3457 -0.0000 0.9383
vn 0.0787 0.9766 0.2004
vn 0.3401 -0.1851 0.9220
vn 0.1460 0.9131 0.3806
vn 0.3232 -0.3649 0.8732
vn 0.2057 0.8142 0.5430
vn 0.2950 -0.5337 0.7926
vn 0.2557 0.6856 0.6816
vn 0.2557 -0.6856 0.6816
vn 0.2950 0.5337 0.7926
vn -0.0001 0.9197 0.3925
vn -0.0002 0.8261 0.5635
vn -0.0003 -0.3786 0.9255
vn -0.0003 -0.5503 0.8350
vn -0.0003 0.7014 0.7128
vn -0.0003 -0.7014 0.7128
vn -0.0003 0.5503 0.8350
vn -0.0002 -0.8261 0.5635
vn -0.0003 0.3786 0.9255
vn -0.0002 -0.9197 0.3925
vn -0.0004 0.1929 0.9812
vn -0.0001 -0.9785 0.2062
vn -0.0004 -0.0000 1.0000
vn -0.0001 0.9785 0.2062
vn -0.0004 -0.1929 0.9812
vn -0.3238 0.3649 0.8729
vn -0.3408 0.1851 0.9217
vn -0.1463 -0.9131 0.3805
vn -0.0789 -0.9766 0.2003
vn -0.3464 -0.0000 0.9381
vn -0.0789 0.9766 0.2003
vn -0.3408 -0.1851 0.9217
vn -0.1463 0.9131 0.3805
vn -0.3238 -0.3649 0.8729
vn -0.2060 0.8142 0.5428
vn -0.2956 -0.5337 0.7923
vn -0.2562 0.6856 0.6815
vn -0.2562 -0.6856 0.6815
vn -0.2956 0.5337 0.7923
vn -0.2060 -0.8142 0.5428
vn -0.5780 -0.3320 0.7455
vn -0.5344 -0.4930 0.6865
vn -0.3856 0.7829 0.4882
vn -0.4708 0.6456 0.6012
vn -0.4708 -0.6456 0.6012
vn -0.5344 0.4930 0.6865
vn -0.3856 -0.7829 0.4882
vn -0.5780 0.3320 0.7455
vn -0.2781 -0.8953 0.3479
vn -0.6033 0.1668 0.7799
vn -0.1510 -0.9712 0.1844
vn -0.6115 -0.0000 0.7912
vn -0.1511 0.9712 0.1844
vn -0.6033 -0.1668 0.7799
vn -0.2781 0.8953 0.3479
vn -0.3881 -0.8709 0.3014
vn -0.2131 -0.9636 0.1615
vn -0.7733 0.1469 0.6168
vn -0.7817 -0.0000 0.6237
vn -0.2131 0.9636 0.1615
vn -0.7733 -0.1469 0.6168
vn -0.3881 0.8709 0.3014
vn -0.7473 -0.2953 0.5952
vn -0.5269 0.7424 0.4138
vn -0.7009 -0.4458 0.5568
vn -0.6294 0.5967 0.4978
vn -0.6294 -0.5967 0.4978
vn -0.7009 0.4458 0.5568
vn -0.5269 -0.7424 0.4138
vn -0.7473 0.2953 0.5952
vn -0.6307 0.7018 0.3312
vn -0.7381 0.5507 0.3898
vn -0.8085 -0.4037 0.4282
vn -0.7381 -0.5507 0.3898
vn -0.8085 0.4037 0.4282
vn -0.6307 -0.7018 0.3312
vn -0.8520 0.2640 0.4520
vn -0.4747 -0.8449 0.2466
vn -0.8757 0.1303 0.4650
vn -0.2640 -0.9552 0.1338
vn -0.8832 -0.0000 0.4690
vn -0.2640 0.9552 0.1338
vn -0.8757 -0.1303 0.4650
vn -0.4747 0.8449 0.2466
vn -0.8520 -0.2640 0.4520
vn -0.9361 0.1182 0.3312
vn -0.9427 -0.0000 0.3336
vn -0.3034 0.9473 0.1028
vn -0.3034 -0.9473 0.1028
vn -0.9361 -0.1182 0.3312
vn -0.5389 0.8213 0.1873
vn -0.9151 -0.2405 0.3237
vn -0.7030 0.6670 0.2467
vn -0.8755 -0.3713 0.3093
vn -0.8092 0.5136 0.2853
vn -0.8092 -0.5136 0.2853
vn -0.8755 0.3713 0.3093
vn -0.7030 -0.6670 0.2467
vn -0.9151 0.2405 0.3237
vn -0.5389 -0.8213 0.1873
vn -0.9155 -0.3490 0.2002
vn -0.8532 -0.4871 0.1863
vn -0.8532 0.4871 0.1863
vn -0.9155 0.3490 0.2002
vn -0.7499 -0.6411 0.1632
vn -0.9519 0.2248 0.2083
vn -0.5828 -0.8029 0.1256
vn -0.9709 0.1101 0.2126
vn -0.3313 -0.9410 0.0695
vn -0.9769 -0.0000 0.2139
vn -0.3313 0.9410 0.0695
vn -0.9709 -0.1101 0.2126
vn -0.5828 0.8029 0.1256
vn -0.9519 -0.2248 0.2083
vn -0.7499 0.6411 0.1632
vn -0.3478 -0.9369 0.0350
vn -0.9945 -0.0000 0.1043
vn -0.9890 -0.1055 0.1037
vn -0.3478 0.9369 0.0350
vn -0.6083 0.7912 0.0629
vn -0.9711 -0.2158 0.1018
vn -0.7762 0.6253 0.0810
vn -0.9367 -0.3360 0.0982
vn -0.8771 0.4714 0.0918
vn -0.8771 -0.4714 0.0918
vn -0.9367 0.3360 0.0982
vn -0.7762 -0.6253 0.0810
vn -0.9711 0.2158 0.1018
vn -0.6083 -0.7912 0.0629
vn -0.9890 0.1055 0.1037
vt 0.750000 0.687500
vt 0.750000 0.750000
vt 0.718750 0.750000
vt 0.718750 0.687500
vt 0.750000 0.187500
vt 0.750000 0.250000
vt 0.718750 0.250000
vt 0.718750 0.187500
vt 0.750000 0.625000
vt 0.718750 0.625000
vt 0.750000 0.125000
vt 0.718750 0.125000
vt 0.750000 0.562500
vt 0.718750 0.562500
vt 0.750000 0.062500
vt 0.718750 0.062500
vt 0.750000 0.500000
vt 0.718750 0.500000
vt 0.750000 0.937500
vt 0.734375 1.000000
vt 0.718750 0.937500
vt 0.734375 0.000000
vt 0.750000 0.437500
vt 0.718750 0.437500
vt 0.750000 0.875000
vt 0.718750 0.875000
vt 0.750000 0.375000
vt 0.718750 0.375000
vt 0.750000 0.812500
vt 0.718750 0.812500
vt 0.750000 0.312500
vt 0.718750 0.312500
vt 0.687500 0.375000
vt 0.687500 0.312500
vt 0.687500 0.812500
vt 0.687500 0.750000
vt 0.687500 0.250000
vt 0.687500 0.687500
vt 0.687500 0.187500
vt 0.687500 0.625000
vt 0.687500 0.125000
vt 0.687500 0.562500
vt 0.687500 0.062500
vt 0.687500 0.500000
vt 0.703125 1.000000
vt 0.687500 0.937500
vt 0.703125 0.000000
vt 0.687500 0.437500
vt 0.687500 0.875000
vt 0.656250 0.125000
vt 0.656250 0.062500
vt 0.656250 0.562500
vt 0.656250 0.500000
vt 0.671875 1.000000
vt 0.656250 0.937500
vt 0.671875 0.000000
vt 0.656250 0.437500
vt 0.656250 0.875000
vt 0.656250 0.375000
vt 0.656250 0.812500
vt 0.656250 0.312500
vt 0.656250 0.750000
vt 0.656250 0.250000
vt 0.656250 0.687500
vt 0.656250 0.187500
vt 0.656250 0.625000
vt 0.625000 0.312500
vt 0.625000 0.250000
vt 0.625000 0.750000
vt 0.625000 0.687500
vt 0.625000 0.187500
vt 0.625000 0.625000
vt 0.625000 0.125000
vt 0.625000 0.562500
vt 0.625000 0.062500
vt 0.625000 0.500000
vt 0.640625 1.000000
vt 0.625000 0.937500
vt 0.640625 0.000000
vt 0.625000 0.437500
vt 0.625000 0.875000
vt 0.625000 0.375000
vt 0.625000 0.812500
vt 0.609375 1.000000
vt 0.593750 0.937500
vt 0.609375 0.000000
vt 0.593750 0.062500
vt 0.593750 0.500000
vt 0.593750 0.437500
vt 0.593750 0.875000
vt 0.593750 0.375000
vt 0.593750 0.812500
vt 0.593750 0.312500
vt 0.593750 0.750000
vt 0.593750 0.250000
vt 0.593750 0.687500
vt 0.593750 0.187500
vt 0.593750 0.625000
vt 0.593750 0.125000
vt 0.593750 0.562500
vt 0.562500 0.750000
vt 0.562500 0.687500
vt 0.562500 0.250000
vt 0.562500 0.187500
vt 0.562500 0.625000
vt 0.562500 0.125000
vt 0.562500 0.562500
vt 0.562500 0.062500
vt 0.562500 0.500000
vt 0.578125 1.000000
vt 0.562500 0.937500
vt 0.578125 0.000000
vt 0.562500 0.437500
vt 0.562500 0.875000
vt 0.562500 0.375000
vt 0.562500 0.812500
vt 0.562500 0.312500
vt 0.531250 0.500000
vt 0.531250 0.437500
vt 0.531250 0.937500
vt 0.531250 0.875000
vt 0.531250 0.375000
vt 0.531250 0.812500
vt 0.531250 0.312500
vt 0.531250 0.750000
vt 0.531250 0.250000
vt 0.531250 0.687500
vt 0.531250 0.187500
vt 0.531250 0.625000
vt 0.531250 0.125000
vt 0.531250 0.562500
vt 0.531250 0.062500
vt 0.546875 1.000000
vt 0.546875 0.000000
vt 0.500000 0.250000
vt 0.500000 0.187500
vt 0.500000 0.687500
vt 0.500000 0.625000
vt 0.500000 0.125000
vt 0.500000 0.562500
vt 0.500000 0.062500
vt 0.500000 0.500000
vt 0.515625 1.000000
vt 0.500000 0.937500
vt 0.515625 0.000000
vt 0.500000 0.437500
vt 0.500000 0.875000
vt 0.500000 0.375000
vt 0.500000 0.812500
vt 0.500000 0.312500
vt 0.500000 0.750000
vt 0.468750 0.937500
vt 0.468750 0.875000
vt 0.468750 0.437500
vt 0.468750 0.375000
vt 0.468750 0.812500
vt 0.468750 0.312500
vt 0.468750 0.750000
vt 0.468750 0.250000
vt 0.468750 0.687500
vt 0.468750 0.187500
vt 0.468750 0.625000
vt 0.468750 0.125000
vt 0.468750 0.562500
vt 0.468750 0.062500
vt 0.468750 0.500000
vt 0.484375 1.000000
vt 0.484375 0.000000
vt 0.437500 0.687500
vt 0.437500 0.625000
vt 0.437500 0.187500
vt 0.437500 0.125000
vt 0.437500 0.562500
vt 0.437500 0.062500
vt 0.437500 0.500000
vt 0.453125 1.000000
vt 0.437500 0.937500
vt 0.453125 0.000000
vt 0.437500 0.437500
vt 0.437500 0.875000
vt 0.437500 0.375000
vt 0.437500 0.812500
vt 0.437500 0.312500
vt 0.437500 0.750000
vt 0.437500 0.250000
vt 0.406250 0.437500
vt 0.406250 0.375000
vt 0.406250 0.875000
vt 0.406250 0.812500
vt 0.406250 0.312500
vt 0.406250 0.750000
vt 0.406250 0.250000
vt 0.406250 0.687500
vt 0.406250 0.187500
vt 0.406250 0.625000
vt 0.406250 0.125000
vt 0.406250 0.562500
vt 0.406250 0.062500
vt 0.406250 0.500000
vt 0.421875 1.000000
vt 0.406250 0.937500
vt 0.421875 0.000000
vt 0.375000 0.187500
vt 0.375000 0.125000
vt 0.375000 0.625000
vt 0.375000 0.562500
vt 0.375000 0.062500
vt 0.375000 0.500000
vt 0.390625 1.000000
vt 0.375000 0.937500
vt 0.390625 0.000000
vt 0.375000 0.437500
vt 0.375000 0.875000
vt 0.375000 0.375000
vt 0.375000 0.812500
vt 0.375000 0.312500
vt 0.375000 0.750000
vt 0.375000 0.250000
vt 0.375000 0.687500
vt 0.343750 0.375000
vt 0.343750 0.312500
vt 0.343750 0.812500
vt 0.343750 0.750000
vt 0.343750 0.250000
vt 0.343750 0.687500
vt 0.343750 0.187500
vt 0.343750 0.625000
vt 0.343750 0.125000
vt 0.343750 0.562500
vt 0.343750 0.062500
vt 0.343750 0.500000
vt 0.359375 1.000000
vt 0.343750 0.937500
vt 0.359375 0.000000
vt 0.343750 0.437500
vt 0.343750 0.875000
vt 0.312500 0.125000
vt 0.312500 0.062500
vt 0.312500 0.562500
vt 0.312500 0.500000
vt 0.328125 1.000000
vt 0.312500 0.937500
vt 0.328125 0.000000
vt 0.312500 0.437500
vt 0.312500 0.875000
vt 0.312500 0.375000
vt 0.312500 0.812500
vt 0.312500 0.312500
vt 0.312500 0.750000
vt 0.312500 0.250000
vt 0.312500 0.687500
vt 0.312500 0.187500
vt 0.312500 0.625000
vt 0.281250 0.812500
vt 0.281250 0.750000
vt 0.281250 0.312500
vt 0.281250 0.250000
vt 0.281250 0.687500
vt 0.281250 0.187500
vt 0.281250 0.625000
vt 0.281250 0.125000
vt 0.281250 0.562500
vt 0.281250 0.062500
vt 0.281250 0.500000
vt 0.296875 1.000000
vt 0.281250 0.937500
vt 0.296875 0.000000
vt 0.281250 0.437500
vt 0.281250 0.875000
vt 0.281250 0.375000
vt 0.250000 0.562500
vt 0.250000 0.500000
vt 0.265625 1.000000
vt 0.250000 0.937500
vt 0.265625 0.000000
vt 0.250000 0.062500
vt 0.250000 0.437500
vt 0.250000 0.875000
vt 0.250000 0.375000
vt 0.250000 0.812500
vt 0.250000 0.312500
vt 0.250000 0.750000
vt 0.250000 0.250000
vt 0.250000 0.687500
vt 0.250000 0.187500
vt 0.250000 0.625000
vt 0.250000 0.125000
vt 0.218750 0.312500
vt 0.218750 0.250000
vt 0.218750 0.750000
vt 0.218750 0.687500
vt 0.218750 0.187500
vt 0.218750 0.625000
vt 0.218750 0.125000
vt 0.218750 0.562500
vt 0.218750 0.062500
vt 0.218750 0.500000
vt 0.234375 1.000000
vt 0.218750 0.937500
vt 0.234375 0.000000
vt 0.218750 0.437500
vt 0.218750 0.875000
vt 0.218750 0.375000
vt 0.218750 0.812500
vt 0.203125 1.000000
vt 0.187500 0.937500
vt 0.203125 0.000000
vt 0.187500 0.062500
vt 0.187500 0.500000
vt 0.187500 0.437500
vt 0.187500 0.875000
vt 0.187500 0.375000
vt 0.187500 0.812500
vt 0.187500 0.312500
vt 0.187500 0.750000
vt 0.187500 0.250000
vt 0.187500 0.687500
vt 0.187500 0.187500
vt 0.187500 0.625000
vt 0.187500 0.125000
vt 0.187500 0.562500
vt 0.156250 0.750000
vt 0.156250 0.687500
vt 0.156250 0.250000
vt 0.156250 0.187500
vt 0.156250 0.625000
vt 0.156250 0.125000
vt 0.156250 0.562500
vt 0.156250 0.062500
vt 0.156250 0.500000
vt 0.171875 1.000000
vt 0.156250 0.937500
vt 0.171875 0.000000
vt 0.156250 0.437500
vt 0.156250 0.875000
vt 0.156250 0.375000
vt 0.156250 0.812500
vt 0.156250 0.312500
vt 0.125000 0.500000
vt 0.125000 0.437500
vt 0.125000 0.937500
vt 0.125000 0.875000
vt 0.125000 0.375000
vt 0.125000 0.812500
vt 0.125000 0.312500
vt 0.125000 0.750000
vt 0.125000 0.250000
vt 0.125000 0.687500
vt 0.125000 0.187500
vt 0.125000 0.625000
vt 0.125000 0.125000
vt 0.125000 0.562500
vt 0.125000 0.062500
vt 0.140625 1.000000
vt 0.140625 0.000000
vt 0.093750 0.250000
vt 0.093750 0.187500
vt 0.093750 0.687500
vt 0.093750 0.625000
vt 0.093750 0.125000
vt 0.093750 0.562500
vt 0.093750 0.062500
vt 0.093750 0.500000
vt 0.109375 1.000000
vt 0.093750 0.937500
vt 0.109375 0.000000
vt 0.093750 0.437500
vt 0.093750 0.875000
vt 0.093750 0.375000
vt 0.093750 0.812500
vt 0.093750 0.312500
vt 0.093750 0.750000
vt 0.062500 0.437500
vt 0.062500 0.375000
vt 0.062500 0.875000
vt 0.062500 0.812500
vt 0.062500 0.312500
vt 0.062500 0.750000
vt 0.062500 0.250000
vt 0.062500 0.687500
vt 0.062500 0.187500
vt 0.062500 0.625000
vt 0.062500 0.125000
vt 0.062500 0.562500
vt 0.062500 0.062500
vt 0.062500 0.500000
vt 0.078125 1.000000
vt 0.062500 0.937500
vt 0.078125 0.000000
vt 0.031250 0.187500
vt 0.031250 0.125000
vt 0.031250 0.625000
vt 0.031250 0.562500
vt 0.031250 0.062500
vt 0.031250 0.500000
vt 0.046875 1.000000
vt 0.031250 0.937500
vt 0.046875 0.000000
vt 0.031250 0.437500
vt 0.031250 0.875000
vt 0.031250 0.375000
vt 0.031250 0.812500
vt 0.031250 0.312500
vt 0.031250 0.750000
vt 0.031250 0.250000
vt 0.031250 0.687500
vt 0.000000 0.875000
vt 0.000000 0.812500
vt 0.000000 0.375000
vt 0.000000 0.312500
vt 0.000000 0.750000
vt 0.000000 0.250000
vt 0.000000 0.687500
vt 0.000000 0.187500
vt 0.000000 0.625000
vt 0.000000 0.125000
vt 0.000000 0.562500
vt 0.000000 0.062500
vt 0.000000 0.500000
vt 0.015625 1.000000
vt 0.000000 0.937500
vt 0.015625 0.000000
vt 0.000000 0.437500
vt 1.000000 0.562500
vt 1.000000 0.625000
vt 0.968750 0.625000
vt 0.968750 0.562500
vt 1.000000 0.062500
vt 1.000000 0.125000
vt 0.968750 0.125000
vt 0.968750 0.062500
vt 1.000000 0.500000
vt 0.968750 0.500000
vt 1.000000 0.937500
vt 0.984375 1.000000
vt 0.968750 0.937500
vt 0.984375 0.000000
vt 1.000000 0.437500
vt 0.968750 0.437500
vt 1.000000 0.875000
vt 0.968750 0.875000
vt 1.000000 0.375000
vt 0.968750 0.375000
vt 1.000000 0.812500
vt 0.968750 0.812500
vt 1.000000 0.312500
vt 0.968750 0.312500
vt 1.000000 0.750000
vt 0.968750 0.750000
vt 1.000000 0.250000
vt 0.968750 0.250000
vt 1.000000 0.687500
vt 0.968750 0.687500
vt 1.000000 0.187500
vt 0.968750 0.187500
vt 0.937500 0.375000
vt 0.937500 0.312500
vt 0.937500 0.812500
vt 0.937500 0.750000
vt 0.937500 0.250000
vt 0.937500 0.687500
vt 0.937500 0.187500
vt 0.937500 0.625000
vt 0.937500 0.125000
vt 0.937500 0.562500
vt 0.937500 0.062500
vt 0.937500 0.500000
vt 0.953125 1.000000
vt 0.937500 0.937500
vt 0.953125 0.000000
vt 0.937500 0.437500
vt 0.937500 0.875000
vt 0.906250 0.125000
vt 0.906250 0.062500
vt 0.906250 0.562500
vt 0.906250 0.500000
vt 0.921875 1.000000
vt 0.906250 0.937500
vt 0.921875 0.000000
vt 0.906250 0.437500
vt 0.906250 0.875000
vt 0.906250 0.375000
vt 0.906250 0.812500
vt 0.906250 0.312500
vt 0.906250 0.750000
vt 0.906250 0.250000
vt 0.906250 0.687500
vt 0.906250 0.187500
vt 0.906250 0.625000
vt 0.875000 0.812500
vt 0.875000 0.750000
vt 0.875000 0.312500
vt 0.875000 0.250000
vt 0.875000 0.687500
vt 0.875000 0.187500
vt 0.875000 0.625000
vt 0.875000 0.125000
vt 0.875000 0.562500
vt 0.875000 0.062500
vt 0.875000 0.500000
vt 0.890625 1.000000
vt 0.875000 0.937500
vt 0.890625 0.000000
vt 0.875000 0.437500
vt 0.875000 0.875000
vt 0.875000 0.375000
vt 0.843750 0.562500
vt 0.843750 0.500000
vt 0.859375 1.000000
vt 0.843750 0.937500
vt 0.859375 0.000000
vt 0.843750 0.062500
vt 0.843750 0.437500
vt 0.843750 0.875000
vt 0.843750 0.375000
vt 0.843750 0.812500
vt 0.843750 0.312500
vt 0.843750 0.750000
vt 0.843750 0.250000
vt 0.843750 0.687500
vt 0.843750 0.187500
vt 0.843750 0.625000
vt 0.843750 0.125000
vt 0.812500 0.312500
vt 0.812500 0.250000
vt 0.812500 0.750000
vt 0.812500 0.687500
vt 0.812500 0.187500
vt 0.812500 0.625000
vt 0.812500 0.125000
vt 0.812500 0.562500
vt 0.812500 0.062500
vt 0.812500 0.500000
vt 0.828125 1.000000
vt 0.812500 0.937500
vt 0.828125 0.000000
vt 0.812500 0.437500
vt 0.812500 0.875000
vt 0.812500 0.375000
vt 0.812500 0.812500
vt 0.796875 0.000000
vt 0.781250 0.062500
vt 0.781250 0.500000
vt 0.781250 0.437500
vt 0.781250 0.937500
vt 0.781250 0.875000
vt 0.781250 0.375000
vt 0.781250 0.812500
vt 0.781250 0.312500
vt 0.781250 0.750000
vt 0.781250 0.250000
vt 0.781250 0.687500
vt 0.781250 0.187500
vt 0.781250 0.625000
vt 0.781250 0.125000
vt 0.781250 0.562500
vt 0.796875 1.000000
vt 0.765625 1.000000
vt 0.765625 0.000000
s 1
usemtl None
f 4013/5381/3543 4012/5382/3544 4022/5383/3545 4023/5384/3546
f 4018/5385/3547 4017/5386/3548 4030/5387/3549 4031/5388/3550
f 4014/5389/3551 4013/5381/3543 4023/5384/3546 4024/5390/3552
f 4488/5391/3553 4018/5385/3547 4031/5388/3550 4032/5392/3554
f 4015/5393/3555 4014/5389/3551 4024/5390/3552 4025/5394/3556
f 4489/5395/3557 4488/5391/3553 4032/5392/3554 4033/5396/3558
f 4485/5397/3559 4015/5393/3555 4025/5394/3556 4026/5398/3560
f 4009/5399/3561 4334/5400/3562 4019/5401/3563
f 4490/5402/3564 4489/5395/3557 4033/5396/3558
f 4486/5403/3565 4485/5397/3559 4026/5398/3560 4027/5404/3566
f 4010/5405/3567 4009/5399/3561 4019/5401/3563 4020/5406/3568
f 4487/5407/3569 4486/5403/3565 4027/5404/3566 4028/5408/3570
f 4011/5409/3571 4010/5405/3567 4020/5406/3568 4021/5410/3572
f 4016/5411/3573 4487/5407/3569 4028/5408/3570 4029/5412/3574
f 4012/5382/3544 4011/5409/3571 4021/5410/3572 4022/5383/3545
f 4017/5386/3548 4016/5411/3573 4029/5412/3574 4030/5387/3549
f 4029/5412/3574 4028/5408/3570 4043/5413/3575 4044/5414/3576
f 4022/5383/3545 4021/5410/3572 4036/5415/3577 4037/5416/3578
f 4030/5387/3549 4029/5412/3574 4044/5414/3576 4045/5417/3579
f 4023/5384/3546 4022/5383/3545 4037/5416/3578 4038/5418/3580
f 4031/5388/3550 4030/5387/3549 4045/5417/3579 4046/5419/3581
f 4024/5390/3552 4023/5384/3546 4038/5418/3580 4039/5420/3582
f 4032/5392/3554 4031/5388/3550 4046/5419/3581 4047/5421/3583
f 4025/5394/3556 4024/5390/3552 4039/5420/3582 4040/5422/3584
f 4033/5396/3558 4032/5392/3554 4047/5421/3583 4048/5423/3585
f 4026/5398/3560 4025/5394/3556 4040/5422/3584 4041/5424/3586
f 4019/5401/3563 4334/5425/3562 4034/5426/3587
f 4490/5427/3564 4033/5396/3558 4048/5423/3585
f 4027/5404/3566 4026/5398/3560 4041/5424/3586 4042/5428/3588
f 4020/5406/3568 4019/5401/3563 4034/5426/3587 4035/5429/3589
f 4028/5408/3570 4027/5404/3566 4042/5428/3588 4043/5413/3575
f 4021/5410/3572 4020/5406/3568 4035/5429/3589 4036/5415/3577
f 4048/5423/3585 4047/5421/3583 4062/5430/3590 4063/5431/3591
f 4041/5424/3586 4040/5422/3584 4055/5432/3592 4056/5433/3593
f 4034/5426/3587 4334/5434/3562 4049/5435/3594
f 4490/5436/3564 4048/5423/3585 4063/5431/3591
f 4042/5428/3588 4041/5424/3586 4056/5433/3593 4057/5437/3595
f 4035/5429/3589 4034/5426/3587 4049/5435/3594 4050/5438/3596
f 4043/5413/3575 4042/5428/3588 4057/5437/3595 4058/5439/3597
f 4036/5415/3577 4035/5429/3589 4050/5438/3596 4051/5440/3598
f 4044/5414/3576 4043/5413/3575 4058/5439/3597 4059/5441/3599
f 4037/5416/3578 4036/5415/3577 4051/5440/3598 4052/5442/3600
f 4045/5417/3579 4044/5414/3576 4059/5441/3599 4060/5443/3601
f 4038/5418/3580 4037/5416/3578 4052/5442/3600 4053/5444/3602
f 4046/5419/3581 4045/5417/3579 4060/5443/3601 4061/5445/3603
f 4039/5420/3582 4038/5418/3580 4053/5444/3602 4054/5446/3604
f 4047/5421/3583 4046/5419/3581 4061/5445/3603 4062/5430/3590
f 4040/5422/3584 4039/5420/3582 4054/5446/3604 4055/5432/3592
f 4060/5443/3601 4059/5441/3599 4074/5447/3605 4075/5448/3606
f 4053/5444/3602 4052/5442/3600 4067/5449/3607 4068/5450/3608
f 4061/5445/3603 4060/5443/3601 4075/5448/3606 4076/5451/3609
f 4054/5446/3604 4053/5444/3602 4068/5450/3608 4069/5452/3610
f 4062/5430/3590 4061/5445/3603 4076/5451/3609 4077/5453/3611
f 4055/5432/3592 4054/5446/3604 4069/5452/3610 4070/5454/3612
f 4063/5431/3591 4062/5430/3590 4077/5453/3611 4078/5455/3613
f 4056/5433/3593 4055/5432/3592 4070/5454/3612 4071/5456/3614
f 4049/5435/3594 4334/5457/3562 4064/5458/3615
f 4490/5459/3564 4063/5431/3591 4078/5455/3613
f 4057/5437/3595 4056/5433/3593 4071/5456/3614 4072/5460/3616
f 4050/5438/3596 4049/5435/3594 4064/5458/3615 4065/5461/3617
f 4058/5439/3597 4057/5437/3595 4072/5460/3616 4073/5462/3618
f 4051/5440/3598 4050/5438/3596 4065/5461/3617 4066/5463/3619
f 4059/5441/3599 4058/5439/3597 4073/5462/3618 4074/5447/3605
f 4052/5442/3600 4051/5440/3598 4066/5463/3619 4067/5449/3607
f 4064/5458/3615 4334/5464/3562 4079/5465/3620
f 4490/5466/3564 4078/5455/3613 4093/5467/3621
f 4072/5460/3616 4071/5456/3614 4086/5468/3622 4087/5469/3623
f 4065/5461/3617 4064/5458/3615 4079/5465/3620 4080/5470/3624
f 4073/5462/3618 4072/5460/3616 4087/5469/3623 4088/5471/3625
f 4066/5463/3619 4065/5461/3617 4080/5470/3624 4081/5472/3626
f 4074/5447/3605 4073/5462/3618 4088/5471/3625 4089/5473/3627
f 4067/5449/3607 4066/5463/3619 4081/5472/3626 4082/5474/3628
f 4075/5448/3606 4074/5447/3605 4089/5473/3627 4090/5475/3629
f 4068/5450/3608 4067/5449/3607 4082/5474/3628 4083/5476/3630
f 4076/5451/3609 4075/5448/3606 4090/5475/3629 4091/5477/3631
f 4069/5452/3610 4068/5450/3608 4083/5476/3630 4084/5478/3632
f 4077/5453/3611 4076/5451/3609 4091/5477/3631 4092/5479/3633
f 4070/5454/3612 4069/5452/3610 4084/5478/3632 4085/5480/3634
f 4078/5455/3613 4077/5453/3611 4092/5479/3633 4093/5467/3621
f 4071/5456/3614 4070/5454/3612 4085/5480/3634 4086/5468/3622
f 4083/5476/3630 4082/5474/3628 4097/5481/3635 4098/5482/3636
f 4091/5477/3631 4090/5475/3629 4105/5483/3637 4106/5484/3638
f 4084/5478/3632 4083/5476/3630 4098/5482/3636 4099/5485/3639
f 4092/5479/3633 4091/5477/3631 4106/5484/3638 4107/5486/3640
f 4085/5480/3634 4084/5478/3632 4099/5485/3639 4100/5487/3641
f 4093/5467/3621 4092/5479/3633 4107/5486/3640 4108/5488/3642
f 4086/5468/3622 4085/5480/3634 4100/5487/3641 4101/5489/3643
f 4079/5465/3620 4334/5490/3562 4094/5491/3644
f 4490/5492/3564 4093/5467/3621 4108/5488/3642
f 4087/5469/3623 4086/5468/3622 4101/5489/3643 4102/5493/3645
f 4080/5470/3624 4079/5465/3620 4094/5491/3644 4095/5494/3646
f 4088/5471/3625 4087/5469/3623 4102/5493/3645 4103/5495/3647
f 4081/5472/3626 4080/5470/3624 4095/5494/3646 4096/5496/3648
f 4089/5473/3627 4088/5471/3625 4103/5495/3647 4104/5497/3649
f 4082/5474/3628 4081/5472/3626 4096/5496/3648 4097/5481/3635
f 4090/5475/3629 4089/5473/3627 4104/5497/3649 4105/5483/3637
f 4102/5493/3645 4101/5489/3643 4116/5498/3650 4117/5499/3651
f 4095/5494/3646 4094/5491/3644 4109/5500/3652 4110/5501/3653
f 4103/5495/3647 4102/5493/3645 4117/5499/3651 4118/5502/3654
f 4096/5496/3648 4095/5494/3646 4110/5501/3653 4111/5503/3655
f 4104/5497/3649 4103/5495/3647 4118/5502/3654 4119/5504/3656
f 4097/5481/3635 4096/5496/3648 4111/5503/3655 4112/5505/3657
f 4105/5483/3637 4104/5497/3649 4119/5504/3656 4120/5506/3658
f 4098/5482/3636 4097/5481/3635 4112/5505/3657 4113/5507/3659
f 4106/5484/3638 4105/5483/3637 4120/5506/3658 4121/5508/3660
f 4099/5485/3639 4098/5482/3636 4113/5507/3659 4114/5509/3661
f 4107/5486/3640 4106/5484/3638 4121/5508/3660 4122/5510/3662
f 4100/5487/3641 4099/5485/3639 4114/5509/3661 4115/5511/3663
f 4108/5488/3642 4107/5486/3640 4122/5510/3662 4123/5512/3664
f 4101/5489/3643 4100/5487/3641 4115/5511/3663 4116/5498/3650
f 4094/5491/3644 4334/5513/3562 4109/5500/3652
f 4490/5514/3564 4108/5488/3642 4123/5512/3664
f 4121/5508/3660 4120/5506/3658 4135/5515/3665 4136/5516/3666
f 4114/5509/3661 4113/5507/3659 4128/5517/3667 4129/5518/3668
f 4122/5510/3662 4121/5508/3660 4136/5516/3666 4137/5519/3669
f 4115/5511/3663 4114/5509/3661 4129/5518/3668 4130/5520/3670
f 4123/5512/3664 4122/5510/3662 4137/5519/3669 4138/5521/3671
f 4116/5498/3650 4115/5511/3663 4130/5520/3670 4131/5522/3672
f 4109/5500/3652 4334/5523/3562 4124/5524/3673
f 4490/5525/3564 4123/5512/3664 4138/5521/3671
f 4117/5499/3651 4116/5498/3650 4131/5522/3672 4132/5526/3674
f 4110/5501/3653 4109/5500/3652 4124/5524/3673 4125/5527/3675
f 4118/5502/3654 4117/5499/3651 4132/5526/3674 4133/5528/3676
f 4111/5503/3655 4110/5501/3653 4125/5527/3675 4126/5529/3677
f 4119/5504/3656 4118/5502/3654 4133/5528/3676 4134/5530/3678
f 4112/5505/3657 4111/5503/3655 4126/5529/3677 4127/5531/3679
f 4120/5506/3658 4119/5504/3656 4134/5530/3678 4135/5515/3665
f 4113/5507/3659 4112/5505/3657 4127/5531/3679 4128/5517/3667
f 4125/5527/3675 4124/5524/3673 4139/5532/3680 4140/5533/3681
f 4133/5528/3676 4132/5526/3674 4147/5534/3682 4148/5535/3683
f 4126/5529/3677 4125/5527/3675 4140/5533/3681 4141/5536/3684
f 4134/5530/3678 4133/5528/3676 4148/5535/3683 4149/5537/3685
f 4127/5531/3679 4126/5529/3677 4141/5536/3684 4142/5538/3686
f 4135/5515/3665 4134/5530/3678 4149/5537/3685 4150/5539/3687
f 4128/5517/3667 4127/5531/3679 4142/5538/3686 4143/5540/3688
f 4136/5516/3666 4135/5515/3665 4150/5539/3687 4151/5541/3689
f 4129/5518/3668 4128/5517/3667 4143/5540/3688 4144/5542/3690
f 4137/5519/3669 4136/5516/3666 4151/5541/3689 4152/5543/3691
f 4130/5520/3670 4129/5518/3668 4144/5542/3690 4145/5544/3692
f 4138/5521/3671 4137/5519/3669 4152/5543/3691 4153/5545/3693
f 4131/5522/3672 4130/5520/3670 4145/5544/3692 4146/5546/3694
f 4124/5524/3673 4334/5547/3562 4139/5532/3680
f 4490/5548/3564 4138/5521/3671 4153/5545/3693
f 4132/5526/3674 4131/5522/3672 4146/5546/3694 4147/5534/3682
f 4144/5542/3690 4143/5540/3688 4158/5549/3695 4159/5550/3696
f 4152/5543/3691 4151/5541/3689 4166/5551/3697 4167/5552/3698
f 4145/5544/3692 4144/5542/3690 4159/5550/3696 4160/5553/3699
f 4153/5545/3693 4152/5543/3691 4167/5552/3698 4168/5554/3700
f 4146/5546/3694 4145/5544/3692 4160/5553/3699 4161/5555/3701
f 4139/5532/3680 4334/5556/3562 4154/5557/3702
f 4490/5558/3564 4153/5545/3693 4168/5554/3700
f 4147/5534/3682 4146/5546/3694 4161/5555/3701 4162/5559/3703
f 4140/5533/3681 4139/5532/3680 4154/5557/3702 4155/5560/3704
f 4148/5535/3683 4147/5534/3682 4162/5559/3703 4163/5561/3705
f 4141/5536/3684 4140/5533/3681 4155/5560/3704 4156/5562/3706
f 4149/5537/3685 4148/5535/3683 4163/5561/3705 4164/5563/3707
f 4142/5538/3686 4141/5536/3684 4156/5562/3706 4157/5564/3708
f 4150/5539/3687 4149/5537/3685 4164/5563/3707 4165/5565/3709
f 4143/5540/3688 4142/5538/3686 4157/5564/3708 4158/5549/3695
f 4151/5541/3689 4150/5539/3687 4165/5565/3709 4166/5551/3697
f 4163/5561/3705 4162/5559/3703 4177/5566/3710 4178/5567/3711
f 4156/5562/3706 4155/5560/3704 4170/5568/3712 4171/5569/3713
f 4164/5563/3707 4163/5561/3705 4178/5567/3711 4179/5570/3714
f 4157/5564/3708 4156/5562/3706 4171/5569/3713 4172/5571/3715
f 4165/5565/3709 4164/5563/3707 4179/5570/3714 4180/5572/3716
f 4158/5549/3695 4157/5564/3708 4172/5571/3715 4173/5573/3717
f 4166/5551/3697 4165/5565/3709 4180/5572/3716 4181/5574/3718
f 4159/5550/3696 4158/5549/3695 4173/5573/3717 4174/5575/3719
f 4167/5552/3698 4166/5551/3697 4181/5574/3718 4182/5576/3720
f 4160/5553/3699 4159/5550/3696 4174/5575/3719 4175/5577/3721
f 4168/5554/3700 4167/5552/3698 4182/5576/3720 4183/5578/3722
f 4161/5555/3701 4160/5553/3699 4175/5577/3721 4176/5579/3723
f 4154/5557/3702 4334/5580/3562 4169/5581/3724
f 4490/5582/3564 4168/5554/3700 4183/5578/3722
f 4162/5559/3703 4161/5555/3701 4176/5579/3723 4177/5566/3710
f 4155/5560/3704 4154/5557/3702 4169/5581/3724 4170/5568/3712
f 4182/5576/3720 4181/5574/3718 4196/5583/3725 4197/5584/3726
f 4175/5577/3721 4174/5575/3719 4189/5585/3727 4190/5586/3728
f 4183/5578/3722 4182/5576/3720 4197/5584/3726 4198/5587/3729
f 4176/5579/3723 4175/5577/3721 4190/5586/3728 4191/5588/3730
f 4169/5581/3724 4334/5589/3562 4184/5590/3731
f 4490/5591/3564 4183/5578/3722 4198/5587/3729
f 4177/5566/3710 4176/5579/3723 4191/5588/3730 4192/5592/3732
f 4170/5568/3712 4169/5581/3724 4184/5590/3731 4185/5593/3733
f 4178/5567/3711 4177/5566/3710 4192/5592/3732 4193/5594/3734
f 4171/5569/3713 4170/5568/3712 4185/5593/3733 4186/5595/3735
f 4179/5570/3714 4178/5567/3711 4193/5594/3734 4194/5596/3736
f 4172/5571/3715 4171/5569/3713 4186/5595/3735 4187/5597/3737
f 4180/5572/3716 4179/5570/3714 4194/5596/3736 4195/5598/3738
f 4173/5573/3717 4172/5571/3715 4187/5597/3737 4188/5599/3739
f 4181/5574/3718 4180/5572/3716 4195/5598/3738 4196/5583/3725
f 4174/5575/3719 4173/5573/3717 4188/5599/3739 4189/5585/3727
f 4194/5596/3736 4193/5594/3734 4208/5600/3740 4209/5601/3741
f 4187/5597/3737 4186/5595/3735 4201/5602/3742 4202/5603/3743
f 4195/5598/3738 4194/5596/3736 4209/5601/3741 4210/5604/3744
f 4188/5599/3739 4187/5597/3737 4202/5603/3743 4203/5605/3745
f 4196/5583/3725 4195/5598/3738 4210/5604/3744 4211/5606/3746
f 4189/5585/3727 4188/5599/3739 4203/5605/3745 4204/5607/3747
f 4197/5584/3726 4196/5583/3725 4211/5606/3746 4212/5608/3748
f 4190/5586/3728 4189/5585/3727 4204/5607/3747 4205/5609/3749
f 4198/5587/3729 4197/5584/3726 4212/5608/3748 4213/5610/3750
f 4191/5588/3730 4190/5586/3728 4205/5609/3749 4206/5611/3751
f 4184/5590/3731 4334/5612/3562 4199/5613/3752
f 4490/5614/3564 4198/5587/3729 4213/5610/3750
f 4192/5592/3732 4191/5588/3730 4206/5611/3751 4207/5615/3753
f 4185/5593/3733 4184/5590/3731 4199/5613/3752 4200/5616/3754
f 4193/5594/3734 4192/5592/3732 4207/5615/3753 4208/5600/3740
f 4186/5595/3735 4185/5593/3733 4200/5616/3754 4201/5602/3742
f 4213/5610/3750 4212/5608/3748 4227/5617/3755 4228/5618/3756
f 4206/5611/3751 4205/5609/3749 4220/5619/3757 4221/5620/3758
f 4199/5613/3752 4334/5621/3562 4214/5622/3759
f 4490/5623/3564 4213/5610/3750 4228/5618/3756
f 4207/5615/3753 4206/5611/3751 4221/5620/3758 4222/5624/3760
f 4200/5616/3754 4199/5613/3752 4214/5622/3759 4215/5625/3761
f 4208/5600/3740 4207/5615/3753 4222/5624/3760 4223/5626/3762
f 4201/5602/3742 4200/5616/3754 4215/5625/3761 4216/5627/3763
f 4209/5601/3741 4208/5600/3740 4223/5626/3762 4224/5628/3764
f 4202/5603/3743 4201/5602/3742 4216/5627/3763 4217/5629/3765
f 4210/5604/3744 4209/5601/3741 4224/5628/3764 4225/5630/3766
f 4203/5605/3745 4202/5603/3743 4217/5629/3765 4218/5631/3767
f 4211/5606/3746 4210/5604/3744 4225/5630/3766 4226/5632/3768
f 4204/5607/3747 4203/5605/3745 4218/5631/3767 4219/5633/3769
f 4212/5608/3748 4211/5606/3746 4226/5632/3768 4227/5617/3755
f 4205/5609/3749 4204/5607/3747 4219/5633/3769 4220/5619/3757
f 4217/5629/3765 4216/5627/3763 4231/5634/3770 4232/5635/3771
f 4225/5630/3766 4224/5628/3764 4239/5636/3772 4240/5637/3773
f 4218/5631/3767 4217/5629/3765 4232/5635/3771 4233/5638/3774
f 4226/5632/3768 4225/5630/3766 4240/5637/3773 4241/5639/3775
f 4219/5633/3769 4218/5631/3767 4233/5638/3774 4234/5640/3776
f 4227/5617/3755 4226/5632/3768 4241/5639/3775 4242/5641/3777
f 4220/5619/3757 4219/5633/3769 4234/5640/3776 4235/5642/3778
f 4228/5618/3756 4227/5617/3755 4242/5641/3777 4243/5643/3779
f 4221/5620/3758 4220/5619/3757 4235/5642/3778 4236/5644/3780
f 4214/5622/3759 4334/5645/3562 4229/5646/3781
f 4490/5647/3564 4228/5618/3756 4243/5643/3779
f 4222/5624/3760 4221/5620/3758 4236/5644/3780 4237/5648/3782
f 4215/5625/3761 4214/5622/3759 4229/5646/3781 4230/5649/3783
f 4223/5626/3762 4222/5624/3760 4237/5648/3782 4238/5650/3784
f 4216/5627/3763 4215/5625/3761 4230/5649/3783 4231/5634/3770
f 4224/5628/3764 4223/5626/3762 4238/5650/3784 4239/5636/3772
f 4236/5644/3780 4235/5642/3778 4250/5651/3785 4251/5652/3786
f 4229/5646/3781 4334/5653/3562 4244/5654/3787
f 4490/5655/3564 4243/5643/3779 4258/5656/3788
f 4237/5648/3782 4236/5644/3780 4251/5652/3786 4252/5657/3789
f 4230/5649/3783 4229/5646/3781 4244/5654/3787 4245/5658/3790
f 4238/5650/3784 4237/5648/3782 4252/5657/3789 4253/5659/3791
f 4231/5634/3770 4230/5649/3783 4245/5658/3790 4246/5660/3792
f 4239/5636/3772 4238/5650/3784 4253/5659/3791 4254/5661/3793
f 4232/5635/3771 4231/5634/3770 4246/5660/3792 4247/5662/3794
f 4240/5637/3773 4239/5636/3772 4254/5661/3793 4255/5663/3795
f 4233/5638/3774 4232/5635/3771 4247/5662/3794 4248/5664/3796
f 4241/5639/3775 4240/5637/3773 4255/5663/3795 4256/5665/3797
f 4234/5640/3776 4233/5638/3774 4248/5664/3796 4249/5666/3798
f 4242/5641/3777 4241/5639/3775 4256/5665/3797 4257/5667/3799
f 4235/5642/3778 4234/5640/3776 4249/5666/3798 4250/5651/3785
f 4243/5643/3779 4242/5641/3777 4257/5667/3799 4258/5656/3788
f 4255/5663/3795 4254/5661/3793 4269/5668/3800 4270/5669/3801
f 4248/5664/3796 4247/5662/3794 4262/5670/3802 4263/5671/3803
f 4256/5665/3797 4255/5663/3795 4270/5669/3801 4271/5672/3804
f 4249/5666/3798 4248/5664/3796 4263/5671/3803 4264/5673/3805
f 4257/5667/3799 4256/5665/3797 4271/5672/3804 4272/5674/3806
f 4250/5651/3785 4249/5666/3798 4264/5673/3805 4265/5675/3807
f 4258/5656/3788 4257/5667/3799 4272/5674/3806 4273/5676/3808
f 4251/5652/3786 4250/5651/3785 4265/5675/3807 4266/5677/3809
f 4244/5654/3787 4334/5678/3562 4259/5679/3810
f 4490/5680/3564 4258/5656/3788 4273/5676/3808
f 4252/5657/3789 4251/5652/3786 4266/5677/3809 4267/5681/3811
f 4245/5658/3790 4244/5654/3787 4259/5679/3810 4260/5682/3812
f 4253/5659/3791 4252/5657/3789 4267/5681/3811 4268/5683/3813
f 4246/5660/3792 4245/5658/3790 4260/5682/3812 4261/5684/3814
f 4254/5661/3793 4253/5659/3791 4268/5683/3813 4269/5668/3800
f 4247/5662/3794 4246/5660/3792 4261/5684/3814 4262/5670/3802
f 4259/5679/3810 4334/5685/3562 4274/5686/3815
f 4490/5687/3564 4273/5676/3808 4288/5688/3816
f 4267/5681/3811 4266/5677/3809 4281/5689/3817 4282/5690/3818
f 4260/5682/3812 4259/5679/3810 4274/5686/3815 4275/5691/3819
f 4268/5683/3813 4267/5681/3811 4282/5690/3818 4283/5692/3820
f 4261/5684/3814 4260/5682/3812 4275/5691/3819 4276/5693/3821
f 4269/5668/3800 4268/5683/3813 4283/5692/3820 4284/5694/3822
f 4262/5670/3802 4261/5684/3814 4276/5693/3821 4277/5695/3823
f 4270/5669/3801 4269/5668/3800 4284/5694/3822 4285/5696/3824
f 4263/5671/3803 4262/5670/3802 4277/5695/3823 4278/5697/3825
f 4271/5672/3804 4270/5669/3801 4285/5696/3824 4286/5698/3826
f 4264/5673/3805 4263/5671/3803 4278/5697/3825 4279/5699/3827
f 4272/5674/3806 4271/5672/3804 4286/5698/3826 4287/5700/3828
f 4265/5675/3807 4264/5673/3805 4279/5699/3827 4280/5701/3829
f 4273/5676/3808 4272/5674/3806 4287/5700/3828 4288/5688/3816
f 4266/5677/3809 4265/5675/3807 4280/5701/3829 4281/5689/3817
f 4278/5697/3825 4277/5695/3823 4292/5702/3830 4293/5703/3831
f 4286/5698/3826 4285/5696/3824 4300/5704/3832 4301/5705/3833
f 4279/5699/3827 4278/5697/3825 4293/5703/3831 4294/5706/3834
f 4287/5700/3828 4286/5698/3826 4301/5705/3833 4302/5707/3835
f 4280/5701/3829 4279/5699/3827 4294/5706/3834 4295/5708/3836
f 4288/5688/3816 4287/5700/3828 4302/5707/3835 4303/5709/3837
f 4281/5689/3817 4280/5701/3829 4295/5708/3836 4296/5710/3838
f 4274/5686/3815 4334/5711/3562 4289/5712/3839
f 4490/5713/3564 4288/5688/3816 4303/5709/3837
f 4282/5690/3818 4281/5689/3817 4296/5710/3838 4297/5714/3840
f 4275/5691/3819 4274/5686/3815 4289/5712/3839 4290/5715/3841
f 4283/5692/3820 4282/5690/3818 4297/5714/3840 4298/5716/3842
f 4276/5693/3821 4275/5691/3819 4290/5715/3841 4291/5717/3843
f 4284/5694/3822 4283/5692/3820 4298/5716/3842 4299/5718/3844
f 4277/5695/3823 4276/5693/3821 4291/5717/3843 4292/5702/3830
f 4285/5696/3824 4284/5694/3822 4299/5718/3844 4300/5704/3832
f 4297/5714/3840 4296/5710/3838 4311/5719/3845 4312/5720/3846
f 4290/5715/3841 4289/5712/3839 4304/5721/3847 4305/5722/3848
f 4298/5716/3842 4297/5714/3840 4312/5720/3846 4313/5723/3849
f 4291/5717/3843 4290/5715/3841 4305/5722/3848 4306/5724/3850
f 4299/5718/3844 4298/5716/3842 4313/5723/3849 4314/5725/3851
f 4292/5702/3830 4291/5717/3843 4306/5724/3850 4307/5726/3852
f 4300/5704/3832 4299/5718/3844 4314/5725/3851 4315/5727/3853
f 4293/5703/3831 4292/5702/3830 4307/5726/3852 4308/5728/3854
f 4301/5705/3833 4300/5704/3832 4315/5727/3853 4316/5729/3855
f 4294/5706/3834 4293/5703/3831 4308/5728/3854 4309/5730/3856
f 4302/5707/3835 4301/5705/3833 4316/5729/3855 4317/5731/3857
f 4295/5708/3836 4294/5706/3834 4309/5730/3856 4310/5732/3858
f 4303/5709/3837 4302/5707/3835 4317/5731/3857 4318/5733/3859
f 4296/5710/3838 4295/5708/3836 4310/5732/3858 4311/5719/3845
f 4289/5712/3839 4334/5734/3562 4304/5721/3847
f 4490/5735/3564 4303/5709/3837 4318/5733/3859
f 4316/5729/3855 4315/5727/3853 4330/5736/3860 4331/5737/3861
f 4309/5730/3856 4308/5728/3854 4323/5738/3862 4324/5739/3863
f 4317/5731/3857 4316/5729/3855 4331/5737/3861 4332/5740/3864
f 4310/5732/3858 4309/5730/3856 4324/5739/3863 4325/5741/3865
f 4318/5733/3859 4317/5731/3857 4332/5740/3864 4333/5742/3866
f 4311/5719/3845 4310/5732/3858 4325/5741/3865 4326/5743/3867
f 4304/5721/3847 4334/5744/3562 4319/5745/3868
f 4490/5746/3564 4318/5733/3859 4333/5742/3866
f 4312/5720/3846 4311/5719/3845 4326/5743/3867 4327/5747/3869
f 4305/5722/3848 4304/5721/3847 4319/5745/3868 4320/5748/3870
f 4313/5723/3849 4312/5720/3846 4327/5747/3869 4328/5749/3871
f 4306/5724/3850 4305/5722/3848 4320/5748/3870 4321/5750/3872
f 4314/5725/3851 4313/5723/3849 4328/5749/3871 4329/5751/3873
f 4307/5726/3852 4306/5724/3850 4321/5750/3872 4322/5752/3874
f 4315/5727/3853 4314/5725/3851 4329/5751/3873 4330/5736/3860
f 4308/5728/3854 4307/5726/3852 4322/5752/3874 4323/5738/3862
f 4328/5749/3871 4327/5747/3869 4343/5753/3875 4344/5754/3876
f 4321/5750/3872 4320/5748/3870 4336/5755/3877 4337/5756/3878
f 4329/5751/3873 4328/5749/3871 4344/5754/3876 4345/5757/3879
f 4322/5752/3874 4321/5750/3872 4337/5756/3878 4338/5758/3880
f 4330/5736/3860 4329/5751/3873 4345/5757/3879 4346/5759/3881
f 4323/5738/3862 4322/5752/3874 4338/5758/3880 4339/5760/3882
f 4331/5737/3861 4330/5736/3860 4346/5759/3881 4347/5761/3883
f 4324/5739/3863 4323/5738/3862 4339/5760/3882 4340/5762/3884
f 4332/5740/3864 4331/5737/3861 4347/5761/3883 4348/5763/3885
f 4325/5741/3865 4324/5739/3863 4340/5762/3884 4341/5764/3886
f 4333/5742/3866 4332/5740/3864 4348/5763/3885 4349/5765/3887
f 4326/5743/3867 4325/5741/3865 4341/5764/3886 4342/5766/3888
f 4319/5745/3868 4334/5767/3562 4335/5768/3889
f 4490/5769/3564 4333/5742/3866 4349/5765/3887
f 4327/5747/3869 4326/5743/3867 4342/5766/3888 4343/5753/3875
f 4320/5748/3870 4319/5745/3868 4335/5768/3889 4336/5755/3877
f 4348/5763/3885 4347/5761/3883 4362/5770/3890 4363/5771/3891
f 4341/5764/3886 4340/5762/3884 4355/5772/3892 4356/5773/3893
f 4349/5765/3887 4348/5763/3885 4363/5771/3891 4364/5774/3894
f 4342/5766/3888 4341/5764/3886 4356/5773/3893 4357/5775/3895
f 4335/5768/3889 4334/5776/3562 4350/5777/3896
f 4490/5778/3564 4349/5765/3887 4364/5774/3894
f 4343/5753/3875 4342/5766/3888 4357/5775/3895 4358/5779/3897
f 4336/5755/3877 4335/5768/3889 4350/5777/3896 4351/5780/3898
f 4344/5754/3876 4343/5753/3875 4358/5779/3897 4359/5781/3899
f 4337/5756/3878 4336/5755/3877 4351/5780/3898 4352/5782/3900
f 4345/5757/3879 4344/5754/3876 4359/5781/3899 4360/5783/3901
f 4338/5758/3880 4337/5756/3878 4352/5782/3900 4353/5784/3902
f 4346/5759/3881 4345/5757/3879 4360/5783/3901 4361/5785/3903
f 4339/5760/3882 4338/5758/3880 4353/5784/3902 4354/5786/3904
f 4347/5761/3883 4346/5759/3881 4361/5785/3903 4362/5770/3890
f 4340/5762/3884 4339/5760/3882 4354/5786/3904 4355/5772/3892
f 4352/5782/3900 4351/5780/3898 4366/5787/3905 4367/5788/3906
f 4360/5783/3901 4359/5781/3899 4374/5789/3907 4375/5790/3908
f 4353/5784/3902 4352/5782/3900 4367/5788/3906 4368/5791/3909
f 4361/5785/3903 4360/5783/3901 4375/5790/3908 4376/5792/3910
f 4354/5786/3904 4353/5784/3902 4368/5791/3909 4369/5793/3911
f 4362/5770/3890 4361/5785/3903 4376/5792/3910 4377/5794/3912
f 4355/5772/3892 4354/5786/3904 4369/5793/3911 4370/5795/3913
f 4363/5771/3891 4362/5770/3890 4377/5794/3912 4378/5796/3914
f 4356/5773/3893 4355/5772/3892 4370/5795/3913 4371/5797/3915
f 4364/5774/3894 4363/5771/3891 4378/5796/3914 4379/5798/3916
f 4357/5775/3895 4356/5773/3893 4371/5797/3915 4372/5799/3917
f 4350/5777/3896 4334/5800/3562 4365/5801/3918
f 4490/5802/3564 4364/5774/3894 4379/5798/3916
f 4358/5779/3897 4357/5775/3895 4372/5799/3917 4373/5803/3919
f 4351/5780/3898 4350/5777/3896 4365/5801/3918 4366/5787/3905
f 4359/5781/3899 4358/5779/3897 4373/5803/3919 4374/5789/3907
f 4371/5804/3915 4370/5805/3913 4385/5806/3920 4386/5807/3921
f 4379/5808/3916 4378/5809/3914 4393/5810/3922 4394/5811/3923
f 4372/5812/3917 4371/5804/3915 4386/5807/3921 4387/5813/3924
f 4365/5814/3918 4334/5815/3562 4380/5816/3925
f 4490/5817/3564 4379/5808/3916 4394/5811/3923
f 4373/5818/3919 4372/5812/3917 4387/5813/3924 4388/5819/3926
f 4366/5820/3905 4365/5814/3918 4380/5816/3925 4381/5821/3927
f 4374/5822/3907 4373/5818/3919 4388/5819/3926 4389/5823/3928
f 4367/5824/3906 4366/5820/3905 4381/5821/3927 4382/5825/3929
f 4375/5826/3908 4374/5822/3907 4389/5823/3928 4390/5827/3930
f 4368/5828/3909 4367/5824/3906 4382/5825/3929 4383/5829/3931
f 4376/5830/3910 4375/5826/3908 4390/5827/3930 4391/5831/3932
f 4369/5832/3911 4368/5828/3909 4383/5829/3931 4384/5833/3933
f 4377/5834/3912 4376/5830/3910 4391/5831/3932 4392/5835/3934
f 4370/5805/3913 4369/5832/3911 4384/5833/3933 4385/5806/3920
f 4378/5809/3914 4377/5834/3912 4392/5835/3934 4393/5810/3922
f 4390/5827/3930 4389/5823/3928 4404/5836/3935 4405/5837/3936
f 4383/5829/3931 4382/5825/3929 4397/5838/3937 4398/5839/3938
f 4391/5831/3932 4390/5827/3930 4405/5837/3936 4406/5840/3939
f 4384/5833/3933 4383/5829/3931 4398/5839/3938 4399/5841/3940
f 4392/5835/3934 4391/5831/3932 4406/5840/3939 4407/5842/3941
f 4385/5806/3920 4384/5833/3933 4399/5841/3940 4400/5843/3942
f 4393/5810/3922 4392/5835/3934 4407/5842/3941 4408/5844/3943
f 4386/5807/3921 4385/5806/3920 4400/5843/3942 4401/5845/3944
f 4394/5811/3923 4393/5810/3922 4408/5844/3943 4409/5846/3945
f 4387/5813/3924 4386/5807/3921 4401/5845/3944 4402/5847/3946
f 4380/5816/3925 4334/5848/3562 4395/5849/3947
f 4490/5850/3564 4394/5811/3923 4409/5846/3945
f 4388/5819/3926 4387/5813/3924 4402/5847/3946 4403/5851/3948
f 4381/5821/3927 4380/5816/3925 4395/5849/3947 4396/5852/3949
f 4389/5823/3928 4388/5819/3926 4403/5851/3948 4404/5836/3935
f 4382/5825/3929 4381/5821/3927 4396/5852/3949 4397/5838/3937
f 4409/5846/3945 4408/5844/3943 4423/5853/3950 4424/5854/3951
f 4402/5847/3946 4401/5845/3944 4416/5855/3952 4417/5856/3953
f 4395/5849/3947 4334/5857/3562 4410/5858/3954
f 4490/5859/3564 4409/5846/3945 4424/5854/3951
f 4403/5851/3948 4402/5847/3946 4417/5856/3953 4418/5860/3955
f 4396/5852/3949 4395/5849/3947 4410/5858/3954 4411/5861/3956
f 4404/5836/3935 4403/5851/3948 4418/5860/3955 4419/5862/3957
f 4397/5838/3937 4396/5852/3949 4411/5861/3956 4412/5863/3958
f 4405/5837/3936 4404/5836/3935 4419/5862/3957 4420/5864/3959
f 4398/5839/3938 4397/5838/3937 4412/5863/3958 4413/5865/3960
f 4406/5840/3939 4405/5837/3936 4420/5864/3959 4421/5866/3961
f 4399/5841/3940 4398/5839/3938 4413/5865/3960 4414/5867/3962
f 4407/5842/3941 4406/5840/3939 4421/5866/3961 4422/5868/3963
f 4400/5843/3942 4399/5841/3940 4414/5867/3962 4415/5869/3964
f 4408/5844/3943 4407/5842/3941 4422/5868/3963 4423/5853/3950
f 4401/5845/3944 4400/5843/3942 4415/5869/3964 4416/5855/3952
f 4413/5865/3960 4412/5863/3958 4427/5870/3965 4428/5871/3966
f 4421/5866/3961 4420/5864/3959 4435/5872/3967 4436/5873/3968
f 4414/5867/3962 4413/5865/3960 4428/5871/3966 4429/5874/3969
f 4422/5868/3963 4421/5866/3961 4436/5873/3968 4437/5875/3970
f 4415/5869/3964 4414/5867/3962 4429/5874/3969 4430/5876/3971
f 4423/5853/3950 4422/5868/3963 4437/5875/3970 4438/5877/3972
f 4416/5855/3952 4415/5869/3964 4430/5876/3971 4431/5878/3973
f 4424/5854/3951 4423/5853/3950 4438/5877/3972 4439/5879/3974
f 4417/5856/3953 4416/5855/3952 4431/5878/3973 4432/5880/3975
f 4410/5858/3954 4334/5881/3562 4425/5882/3976
f 4490/5883/3564 4424/5854/3951 4439/5879/3974
f 4418/5860/3955 4417/5856/3953 4432/5880/3975 4433/5884/3977
f 4411/5861/3956 4410/5858/3954 4425/5882/3976 4426/5885/3978
f 4419/5862/3957 4418/5860/3955 4433/5884/3977 4434/5886/3979
f 4412/5863/3958 4411/5861/3956 4426/5885/3978 4427/5870/3965
f 4420/5864/3959 4419/5862/3957 4434/5886/3979 4435/5872/3967
f 4432/5880/3975 4431/5878/3973 4446/5887/3980 4447/5888/3981
f 4425/5882/3976 4334/5889/3562 4440/5890/3982
f 4490/5891/3564 4439/5879/3974 4454/5892/3983
f 4433/5884/3977 4432/5880/3975 4447/5888/3981 4448/5893/3984
f 4426/5885/3978 4425/5882/3976 4440/5890/3982 4441/5894/3985
f 4434/5886/3979 4433/5884/3977 4448/5893/3984 4449/5895/3986
f 4427/5870/3965 4426/5885/3978 4441/5894/3985 4442/5896/3987
f 4435/5872/3967 4434/5886/3979 4449/5895/3986 4450/5897/3988
f 4428/5871/3966 4427/5870/3965 4442/5896/3987 4443/5898/3989
f 4436/5873/3968 4435/5872/3967 4450/5897/3988 4451/5899/3990
f 4429/5874/3969 4428/5871/3966 4443/5898/3989 4444/5900/3991
f 4437/5875/3970 4436/5873/3968 4451/5899/3990 4452/5901/3992
f 4430/5876/3971 4429/5874/3969 4444/5900/3991 4445/5902/3993
f 4438/5877/3972 4437/5875/3970 4452/5901/3992 4453/5903/3994
f 4431/5878/3973 4430/5876/3971 4445/5902/3993 4446/5887/3980
f 4439/5879/3974 4438/5877/3972 4453/5903/3994 4454/5892/3983
f 4451/5899/3990 4450/5897/3988 4465/5904/3995 4466/5905/3996
f 4444/5900/3991 4443/5898/3989 4458/5906/3997 4459/5907/3998
f 4452/5901/3992 4451/5899/3990 4466/5905/3996 4467/5908/3999
f 4445/5902/3993 4444/5900/3991 4459/5907/3998 4460/5909/4000
f 4453/5903/3994 4452/5901/3992 4467/5908/3999 4468/5910/4001
f 4446/5887/3980 4445/5902/3993 4460/5909/4000 4461/5911/4002
f 4454/5892/3983 4453/5903/3994 4468/5910/4001 4469/5912/4003
f 4447/5888/3981 4446/5887/3980 4461/5911/4002 4462/5913/4004
f 4440/5890/3982 4334/5914/3562 4455/5915/4005
f 4490/5916/3564 4454/5892/3983 4469/5912/4003
f 4448/5893/3984 4447/5888/3981 4462/5913/4004 4463/5917/4006
f 4441/5894/3985 4440/5890/3982 4455/5915/4005 4456/5918/4007
f 4449/5895/3986 4448/5893/3984 4463/5917/4006 4464/5919/4008
f 4442/5896/3987 4441/5894/3985 4456/5918/4007 4457/5920/4009
f 4450/5897/3988 4449/5895/3986 4464/5919/4008 4465/5904/3995
f 4443/5898/3989 4442/5896/3987 4457/5920/4009 4458/5906/3997
f 4490/5921/3564 4469/5912/4003 4484/5922/4010
f 4463/5917/4006 4462/5913/4004 4477/5923/4011 4478/5924/4012
f 4456/5918/4007 4455/5915/4005 4470/5925/4013 4471/5926/4014
f 4464/5919/4008 4463/5917/4006 4478/5924/4012 4479/5927/4015
f 4457/5920/4009 4456/5918/4007 4471/5926/4014 4472/5928/4016
f 4465/5904/3995 4464/5919/4008 4479/5927/4015 4480/5929/4017
f 4458/5906/3997 4457/5920/4009 4472/5928/4016 4473/5930/4018
f 4466/5905/3996 4465/5904/3995 4480/5929/4017 4481/5931/4019
f 4459/5907/3998 4458/5906/3997 4473/5930/4018 4474/5932/4020
f 4467/5908/3999 4466/5905/3996 4481/5931/4019 4482/5933/4021
f 4460/5909/4000 4459/5907/3998 4474/5932/4020 4475/5934/4022
f 4468/5910/4001 4467/5908/3999 4482/5933/4021 4483/5935/4023
f 4461/5911/4002 4460/5909/4000 4475/5934/4022 4476/5936/4024
f 4469/5912/4003 4468/5910/4001 4483/5935/4023 4484/5922/4010
f 4462/5913/4004 4461/5911/4002 4476/5936/4024 4477/5923/4011
f 4455/5915/4005 4334/5937/3562 4470/5925/4013
f 4482/5933/4021 4481/5931/4019 4017/5386/3548 4018/5385/3547
f 4475/5934/4022 4474/5932/4020 4013/5381/3543 4014/5389/3551
f 4483/5935/4023 4482/5933/4021 4018/5385/3547 4488/5391/3553
f 4476/5936/4024 4475/5934/4022 4014/5389/3551 4015/5393/3555
f 4484/5922/4010 4483/5935/4023 4488/5391/3553 4489/5395/3557
f 4477/5923/4011 4476/5936/4024 4015/5393/3555 4485/5397/3559
f 4470/5925/4013 4334/5938/3562 4009/5399/3561
f 4490/5939/3564 4484/5922/4010 4489/5395/3557
f 4478/5924/4012 4477/5923/4011 4485/5397/3559 4486/5403/3565
f 4471/5926/4014 4470/5925/4013 4009/5399/3561 4010/5405/3567
f 4479/5927/4015 4478/5924/4012 4486/5403/3565 4487/5407/3569
f 4472/5928/4016 4471/5926/4014 4010/5405/3567 4011/5409/3571
f 4480/5929/4017 4479/5927/4015 4487/5407/3569 4016/5411/3573
f 4473/5930/4018 4472/5928/4016 4011/5409/3571 4012/5382/3544
f 4481/5931/4019 4480/5929/4017 4016/5411/3573 4017/5386/3548
f 4474/5932/4020 4473/5930/4018 4012/5382/3544 4013/5381/3543
o Sphere.008_Sphere.009
v 1.194193 2.621916 -0.549708
v 1.180679 2.614075 -0.549713
v 1.168223 2.601342 -0.549718
v 1.157306 2.584207 -0.549722
v 1.148347 2.563328 -0.549725
v 1.141689 2.539506 -0.549727
v 1.137590 2.513659 -0.549729
v 1.148347 2.410229 -0.549725
v 1.157306 2.389350 -0.549722
v 1.168223 2.372215 -0.549718
v 1.194465 2.621916 -0.554952
v 1.181212 2.614075 -0.559999
v 1.168997 2.601342 -0.564651
v 1.158292 2.584207 -0.568728
v 1.149506 2.563328 -0.572074
v 1.142977 2.539506 -0.574561
v 1.138956 2.513659 -0.576092
v 1.137600 2.486778 -0.576609
v 1.138956 2.459898 -0.576092
v 1.142977 2.434051 -0.574561
v 1.149506 2.410229 -0.572074
v 1.158292 2.389350 -0.568728
v 1.168997 2.372215 -0.564651
v 1.181212 2.359482 -0.559999
v 1.194465 2.351641 -0.554952
v 1.195266 2.621916 -0.559994
v 1.182784 2.614075 -0.569890
v 1.171281 2.601342 -0.579010
v 1.161197 2.584207 -0.587004
v 1.152922 2.563328 -0.593564
v 1.146774 2.539506 -0.598439
v 1.142987 2.513659 -0.601441
v 1.141708 2.486778 -0.602454
v 1.142987 2.459898 -0.601441
v 1.146774 2.434051 -0.598439
v 1.152922 2.410229 -0.593564
v 1.161197 2.389350 -0.587004
v 1.171281 2.372215 -0.579010
v 1.182784 2.359482 -0.569890
v 1.195267 2.351641 -0.559994
v 1.196567 2.621916 -0.564641
v 1.185336 2.614075 -0.579005
v 1.174984 2.601342 -0.592243
v 1.165910 2.584207 -0.603846
v 1.158465 2.563328 -0.613369
v 1.152931 2.539506 -0.620445
v 1.149525 2.513659 -0.624802
v 1.148375 2.486778 -0.626274
v 1.149525 2.459898 -0.624802
v 1.152932 2.434051 -0.620445
v 1.158465 2.410229 -0.613369
v 1.165910 2.389350 -0.603846
v 1.174984 2.372215 -0.592243
v 1.185336 2.359482 -0.579005
v 1.196567 2.351641 -0.564641
v 1.198317 2.621916 -0.568714
v 1.188766 2.614075 -0.586994
v 1.179965 2.601342 -0.603841
v 1.172252 2.584207 -0.618608
v 1.165920 2.563328 -0.630726
v 1.161216 2.539506 -0.639732
v 1.158319 2.513659 -0.645277
v 1.157341 2.486778 -0.647150
v 1.158319 2.459898 -0.645277
v 1.161216 2.434051 -0.639732
v 1.165920 2.410229 -0.630726
v 1.172252 2.389350 -0.618608
v 1.179965 2.372215 -0.603841
v 1.188766 2.359482 -0.586994
v 1.198317 2.351641 -0.568714
v 1.200448 2.621916 -0.572056
v 1.192947 2.614075 -0.593550
v 1.186035 2.601342 -0.613359
v 1.179975 2.584207 -0.630721
v 1.175003 2.563328 -0.644971
v 1.171308 2.539506 -0.655559
v 1.169033 2.513659 -0.662079
v 1.168264 2.486778 -0.664281
v 1.169033 2.459898 -0.662079
v 1.171308 2.434051 -0.655559
v 1.175003 2.410229 -0.644971
v 1.179975 2.389350 -0.630721
v 1.186035 2.372215 -0.613359
v 1.192947 2.359482 -0.593550
v 1.200448 2.351641 -0.572056
v 1.202879 2.621916 -0.574539
v 1.197715 2.614075 -0.598421
v 1.192956 2.601342 -0.620431
v 1.188785 2.584207 -0.639722
v 1.185363 2.563328 -0.655554
v 1.182819 2.539506 -0.667318
v 1.181253 2.513659 -0.674563
v 1.180725 2.486778 -0.677009
v 1.181253 2.459898 -0.674563
v 1.182819 2.434051 -0.667318
v 1.185363 2.410229 -0.655554
v 1.188785 2.389350 -0.639722
v 1.192956 2.372215 -0.620431
v 1.197715 2.359482 -0.598421
v 1.202879 2.351641 -0.574539
v 1.205515 2.621916 -0.576068
v 1.202888 2.614075 -0.601419
v 1.200467 2.601342 -0.624784
v 1.198344 2.584207 -0.645263
v 1.196602 2.563328 -0.662069
v 1.195308 2.539506 -0.674558
v 1.194511 2.513659 -0.682248
v 1.194242 2.486778 -0.684845
v 1.194511 2.459898 -0.682248
v 1.195308 2.434051 -0.674558
v 1.196602 2.410229 -0.662069
v 1.198344 2.389350 -0.645263
v 1.200467 2.372215 -0.624784
v 1.202888 2.359482 -0.601419
v 1.205515 2.351641 -0.576068
v 1.208258 2.621916 -0.576583
v 1.208267 2.614075 -0.602430
v 1.208275 2.601342 -0.626252
v 1.208283 2.584207 -0.647131
v 1.208289 2.563328 -0.664266
v 1.208294 2.539506 -0.676999
v 1.208297 2.513659 -0.684840
v 1.208298 2.486778 -0.687487
v 1.208297 2.459898 -0.684840
v 1.208294 2.434051 -0.676999
v 1.208289 2.410229 -0.664266
v 1.208283 2.389350 -0.647131
v 1.208276 2.372215 -0.626252
v 1.208267 2.359482 -0.602430
v 1.208258 2.351641 -0.576583
v 1.210999 2.621916 -0.576066
v 1.213645 2.614075 -0.601415
v 1.216084 2.601342 -0.624778
v 1.218220 2.584207 -0.645255
v 1.219974 2.563328 -0.662061
v 1.221278 2.539506 -0.674548
v 1.222081 2.513659 -0.682238
v 1.222352 2.486778 -0.684835
v 1.222081 2.459898 -0.682238
v 1.221278 2.434051 -0.674548
v 1.219974 2.410229 -0.662061
v 1.218220 2.389350 -0.645255
v 1.216084 2.372215 -0.624778
v 1.213645 2.359482 -0.601415
v 1.210999 2.351641 -0.576066
v 1.213636 2.621916 -0.574535
v 1.218816 2.614075 -0.598413
v 1.223590 2.601342 -0.620420
v 1.227775 2.584207 -0.639708
v 1.231209 2.563328 -0.655538
v 1.233761 2.539506 -0.667300
v 1.235333 2.513659 -0.674543
v 1.235864 2.486778 -0.676989
v 1.235333 2.459898 -0.674543
v 1.233761 2.434051 -0.667300
v 1.231209 2.410229 -0.655538
v 1.227775 2.389350 -0.639708
v 1.223590 2.372215 -0.620420
v 1.218816 2.359482 -0.598413
v 1.213636 2.351641 -0.574535
v 1.216065 2.621916 -0.572050
v 1.223581 2.614075 -0.593539
v 1.230508 2.601342 -0.613343
v 1.236579 2.584207 -0.630701
v 1.241562 2.563328 -0.644947
v 1.245264 2.539506 -0.655533
v 1.247544 2.513659 -0.662051
v 1.248314 2.486778 -0.664252
v 1.247544 2.459898 -0.662051
v 1.245264 2.434051 -0.655533
v 1.241562 2.410229 -0.644947
v 1.236579 2.389350 -0.630701
v 1.230508 2.372215 -0.613343
v 1.223581 2.359482 -0.593539
v 1.216065 2.351641 -0.572050
v 1.218193 2.621916 -0.568707
v 1.227756 2.614075 -0.586980
v 1.236569 2.601342 -0.603821
v 1.244295 2.584207 -0.618582
v 1.250634 2.563328 -0.630696
v 1.255344 2.539506 -0.639698
v 1.258245 2.513659 -0.645241
v 1.259225 2.486778 -0.647113
v 1.258245 2.459898 -0.645241
v 1.255344 2.434051 -0.639698
v 1.250634 2.410229 -0.630696
v 1.244295 2.389350 -0.618582
v 1.236569 2.372215 -0.603821
v 1.227756 2.359482 -0.586980
v 1.218193 2.351641 -0.568707
v 1.219939 2.621916 -0.564633
v 1.231181 2.614075 -0.578989
v 1.241543 2.601342 -0.592219
v 1.250624 2.584207 -0.603816
v 1.258077 2.563328 -0.613333
v 1.263615 2.539506 -0.620405
v 1.267025 2.513659 -0.624760
v 1.268176 2.486778 -0.626230
v 1.267025 2.459898 -0.624760
v 1.263615 2.434051 -0.620405
v 1.258077 2.410229 -0.613333
v 1.250624 2.389350 -0.603816
v 1.241543 2.372215 -0.592219
v 1.231181 2.359482 -0.578989
v 1.219939 2.351641 -0.564633
v 1.221236 2.621916 -0.559984
v 1.233726 2.614075 -0.569872
v 1.245236 2.601342 -0.578984
v 1.255325 2.584207 -0.586970
v 1.263606 2.563328 -0.593524
v 1.269758 2.539506 -0.598395
v 1.273546 2.513659 -0.601393
v 1.274826 2.486778 -0.602406
v 1.273546 2.459898 -0.601393
v 1.269758 2.434051 -0.598395
v 1.263606 2.410229 -0.593524
v 1.255325 2.389350 -0.586970
v 1.245236 2.372215 -0.578984
v 1.233726 2.359482 -0.569872
v 1.221237 2.351641 -0.559984
v 1.222035 2.621916 -0.554942
v 1.235291 2.614075 -0.559979
v 1.247509 2.601342 -0.564623
v 1.258218 2.584207 -0.568692
v 1.267006 2.563328 -0.572032
v 1.273537 2.539506 -0.574513
v 1.277558 2.513659 -0.576041
v 1.278917 2.486778 -0.576558
v 1.277558 2.459898 -0.576041
v 1.273537 2.434051 -0.574513
v 1.267006 2.410229 -0.572032
v 1.258218 2.389350 -0.568692
v 1.247509 2.372215 -0.564623
v 1.235292 2.359482 -0.559979
v 1.222035 2.351641 -0.554942
v 1.222303 2.621916 -0.549698
v 1.235818 2.614075 -0.549693
v 1.248273 2.601342 -0.549689
v 1.259190 2.584207 -0.549685
v 1.268149 2.563328 -0.549682
v 1.274807 2.539506 -0.549679
v 1.278907 2.513659 -0.549678
v 1.280291 2.486778 -0.549677
v 1.278907 2.459898 -0.549678
v 1.274807 2.434051 -0.549679
v 1.268149 2.410229 -0.549682
v 1.259190 2.389350 -0.549685
v 1.248273 2.372215 -0.549689
v 1.235818 2.359482 -0.549693
v 1.222303 2.351641 -0.549698
v 1.222031 2.621916 -0.544453
v 1.235284 2.614075 -0.539406
v 1.247498 2.601342 -0.534755
v 1.258204 2.584207 -0.530677
v 1.266990 2.563328 -0.527331
v 1.273519 2.539506 -0.524844
v 1.277539 2.513659 -0.523314
v 1.278897 2.486778 -0.522797
v 1.277539 2.459898 -0.523314
v 1.273519 2.434051 -0.524844
v 1.266990 2.410229 -0.527331
v 1.258204 2.389350 -0.530677
v 1.247498 2.372215 -0.534755
v 1.235284 2.359482 -0.539406
v 1.222031 2.351641 -0.544453
v 1.221229 2.621916 -0.539411
v 1.233711 2.614075 -0.529516
v 1.245215 2.601342 -0.520396
v 1.255298 2.584207 -0.512401
v 1.263574 2.563328 -0.505841
v 1.269723 2.539506 -0.500966
v 1.273509 2.513659 -0.497965
v 1.274788 2.486778 -0.496951
v 1.273509 2.459898 -0.497965
v 1.269723 2.434051 -0.500966
v 1.263574 2.410229 -0.505841
v 1.255298 2.389350 -0.512401
v 1.245215 2.372215 -0.520396
v 1.233711 2.359482 -0.529516
v 1.221229 2.351641 -0.539411
v 1.219928 2.621916 -0.534765
v 1.231160 2.614075 -0.520401
v 1.241512 2.601342 -0.507162
v 1.250585 2.584207 -0.495559
v 1.258031 2.563328 -0.486036
v 1.263564 2.539506 -0.478961
v 1.266971 2.513659 -0.474603
v 1.268121 2.486778 -0.473132
v 1.266971 2.459898 -0.474603
v 1.263564 2.434051 -0.478961
v 1.258031 2.410229 -0.486036
v 1.250585 2.389350 -0.495559
v 1.241512 2.372215 -0.507162
v 1.231160 2.359482 -0.520401
v 1.219928 2.351641 -0.534765
v 1.218179 2.621916 -0.530692
v 1.227729 2.614075 -0.512411
v 1.236530 2.601342 -0.495564
v 1.244245 2.584207 -0.480797
v 1.250576 2.563328 -0.468679
v 1.255279 2.539506 -0.459674
v 1.258176 2.513659 -0.454128
v 1.259155 2.486778 -0.452256
v 1.258176 2.459898 -0.454128
v 1.255279 2.434051 -0.459674
v 1.250576 2.410229 -0.468679
v 1.244245 2.389350 -0.480797
v 1.236530 2.372215 -0.495564
v 1.227729 2.359482 -0.512411
v 1.218179 2.351641 -0.530692
v 1.216049 2.621916 -0.527349
v 1.223549 2.614075 -0.505856
v 1.230462 2.601342 -0.486046
v 1.236521 2.584207 -0.468684
v 1.241493 2.563328 -0.454434
v 1.245188 2.539506 -0.443847
v 1.247463 2.513659 -0.437326
v 1.248231 2.486778 -0.435125
v 1.247463 2.459898 -0.437326
v 1.245188 2.434051 -0.443847
v 1.241493 2.410229 -0.454434
v 1.236521 2.389350 -0.468684
v 1.230462 2.372215 -0.486046
v 1.223549 2.359482 -0.505856
v 1.216049 2.351641 -0.527349
v 1.208248 2.624563 -0.549703
v 1.213618 2.621916 -0.524866
v 1.218780 2.614075 -0.500984
v 1.223539 2.601342 -0.478976
v 1.227710 2.584207 -0.459684
v 1.231133 2.563328 -0.443852
v 1.233676 2.539506 -0.432087
v 1.235243 2.513659 -0.424842
v 1.235772 2.486778 -0.422396
v 1.235243 2.459898 -0.424842
v 1.233676 2.434051 -0.432087
v 1.231133 2.410229 -0.443852
v 1.227710 2.389350 -0.459684
v 1.223539 2.372215 -0.478976
v 1.218780 2.359482 -0.500984
v 1.213618 2.351641 -0.524866
v 1.210980 2.621916 -0.523338
v 1.213608 2.614075 -0.497986
v 1.216030 2.601342 -0.474622
v 1.218151 2.584207 -0.454142
v 1.219893 2.563328 -0.437336
v 1.221188 2.539506 -0.424847
v 1.221985 2.513659 -0.417157
v 1.222254 2.486778 -0.414561
v 1.221985 2.459898 -0.417157
v 1.221188 2.434051 -0.424847
v 1.219893 2.410229 -0.437336
v 1.218151 2.389350 -0.454142
v 1.216030 2.372215 -0.474622
v 1.213608 2.359482 -0.497986
v 1.210980 2.351641 -0.523338
v 1.208238 2.621916 -0.522822
v 1.208229 2.614075 -0.496975
v 1.208220 2.601342 -0.473154
v 1.208213 2.584207 -0.452274
v 1.208206 2.563328 -0.435139
v 1.208202 2.539506 -0.422406
v 1.208199 2.513659 -0.414566
v 1.208198 2.486778 -0.411918
v 1.208199 2.459898 -0.414566
v 1.208202 2.434051 -0.422406
v 1.208206 2.410229 -0.435139
v 1.208213 2.389350 -0.452274
v 1.208220 2.372215 -0.473154
v 1.208229 2.359482 -0.496975
v 1.208238 2.351641 -0.522822
v 1.205496 2.621916 -0.523340
v 1.202851 2.614075 -0.497990
v 1.200413 2.601342 -0.474628
v 1.198275 2.584207 -0.454150
v 1.196521 2.563328 -0.437344
v 1.195218 2.539506 -0.424857
v 1.194415 2.513659 -0.417167
v 1.194144 2.486778 -0.414571
v 1.194415 2.459898 -0.417167
v 1.195218 2.434051 -0.424857
v 1.196521 2.410229 -0.437344
v 1.198275 2.389350 -0.454150
v 1.200413 2.372215 -0.474628
v 1.202851 2.359482 -0.497990
v 1.205496 2.351641 -0.523340
v 1.202861 2.621916 -0.524870
v 1.197680 2.614075 -0.500992
v 1.192905 2.601342 -0.478987
v 1.188720 2.584207 -0.459698
v 1.185287 2.563328 -0.443868
v 1.182734 2.539506 -0.432105
v 1.181163 2.513659 -0.424862
v 1.180633 2.486778 -0.422416
v 1.181163 2.459898 -0.424862
v 1.182734 2.434051 -0.432105
v 1.185287 2.410229 -0.443868
v 1.188720 2.389350 -0.459698
v 1.192905 2.372215 -0.478987
v 1.197680 2.359482 -0.500992
v 1.202861 2.351641 -0.524870
v 1.200432 2.621916 -0.527355
v 1.192915 2.614075 -0.505867
v 1.185989 2.601342 -0.486062
v 1.179917 2.584207 -0.468704
v 1.174935 2.563328 -0.454458
v 1.171232 2.539506 -0.443873
v 1.168951 2.513659 -0.437354
v 1.168182 2.486778 -0.435154
v 1.168951 2.459898 -0.437354
v 1.171232 2.434051 -0.443873
v 1.174935 2.410229 -0.454458
v 1.179917 2.389350 -0.468704
v 1.185989 2.372215 -0.486062
v 1.192915 2.359482 -0.505867
v 1.200432 2.351641 -0.527355
v 1.198303 2.621916 -0.530699
v 1.188739 2.614075 -0.512425
v 1.179926 2.601342 -0.495584
v 1.172202 2.584207 -0.480823
v 1.165862 2.563328 -0.468709
v 1.161151 2.539506 -0.459708
v 1.158250 2.513659 -0.454164
v 1.157271 2.486778 -0.452293
v 1.158250 2.459898 -0.454164
v 1.161151 2.434051 -0.459708
v 1.165862 2.410229 -0.468709
v 1.172202 2.389350 -0.480823
v 1.179926 2.372215 -0.495584
v 1.188739 2.359482 -0.512425
v 1.198303 2.351641 -0.530699
v 1.196556 2.621916 -0.534773
v 1.185314 2.614075 -0.520417
v 1.174953 2.601342 -0.507186
v 1.165871 2.584207 -0.495589
v 1.158419 2.563328 -0.486072
v 1.152880 2.539506 -0.479001
v 1.149471 2.513659 -0.474646
v 1.148319 2.486778 -0.473176
v 1.149471 2.459898 -0.474646
v 1.152880 2.434051 -0.479001
v 1.158419 2.410229 -0.486072
v 1.165871 2.389350 -0.495589
v 1.174954 2.372215 -0.507186
v 1.185314 2.359482 -0.520417
v 1.196556 2.351641 -0.534773
v 1.195259 2.621916 -0.539421
v 1.182770 2.614075 -0.529534
v 1.171259 2.601342 -0.520422
v 1.161170 2.584207 -0.512435
v 1.152890 2.563328 -0.505881
v 1.146738 2.539506 -0.501010
v 1.142949 2.513659 -0.498012
v 1.141670 2.486778 -0.496999
v 1.142949 2.459898 -0.498012
v 1.146738 2.434051 -0.501010
v 1.152890 2.410229 -0.505881
v 1.161170 2.389350 -0.512435
v 1.171259 2.372215 -0.520422
v 1.182770 2.359482 -0.529534
v 1.195259 2.351641 -0.539421
v 1.194461 2.621916 -0.544463
v 1.181204 2.614075 -0.539426
v 1.168987 2.601342 -0.534783
v 1.158278 2.584207 -0.530713
v 1.149490 2.563328 -0.527373
v 1.142959 2.539506 -0.524892
v 1.138937 2.513659 -0.523364
v 1.137580 2.486778 -0.522848
v 1.138937 2.459898 -0.523364
v 1.142959 2.434051 -0.524892
v 1.149490 2.410229 -0.527373
v 1.158278 2.389350 -0.530713
v 1.168987 2.372215 -0.534783
v 1.181204 2.359482 -0.539426
v 1.194461 2.351641 -0.544463
v 1.136205 2.486778 -0.549729
v 1.137590 2.459898 -0.549729
v 1.141689 2.434051 -0.549727
v 1.180679 2.359482 -0.549713
v 1.194193 2.351641 -0.549708
v 1.208248 2.348994 -0.549703
vn -0.9433 0.3318 -0.0003
vn -0.8846 0.4663 -0.0003
vn -0.8770 0.4714 -0.0924
vn -0.9367 0.3360 -0.0988
vn -0.7846 -0.6200 -0.0003
vn -0.8846 -0.4663 -0.0003
vn -0.8770 -0.4714 -0.0924
vn -0.7761 -0.6253 -0.0816
vn -0.9771 0.2129 -0.0004
vn -0.9710 0.2158 -0.1025
vn -0.6167 -0.7872 -0.0002
vn -0.6083 -0.7912 -0.0633
vn -0.9946 0.1040 -0.0004
vn -0.9889 0.1055 -0.1044
vn -0.3533 -0.9355 -0.0001
vn -0.3478 -0.9369 -0.0352
vn -1.0000 -0.0000 -0.0004
vn -0.9945 -0.0000 -0.1050
vn -0.3533 0.9355 -0.0001
vn -0.0000 1.0000 -0.0000
vn -0.3478 0.9369 -0.0352
vn -0.0000 -1.0000 -0.0000
vn -0.9946 -0.1040 -0.0004
vn -0.9889 -0.1055 -0.1044
vn -0.6167 0.7872 -0.0002
vn -0.6083 0.7912 -0.0633
vn -0.9771 -0.2129 -0.0004
vn -0.9710 -0.2158 -0.1025
vn -0.7846 0.6200 -0.0003
vn -0.7761 0.6253 -0.0816
vn -0.9433 -0.3318 -0.0003
vn -0.9367 -0.3360 -0.0988
vn -0.9517 -0.2248 -0.2090
vn -0.9154 -0.3490 -0.2009
vn -0.7498 0.6411 -0.1637
vn -0.8531 0.4871 -0.1869
vn -0.8531 -0.4871 -0.1869
vn -0.9154 0.3490 -0.2009
vn -0.7498 -0.6411 -0.1637
vn -0.9517 0.2248 -0.2090
vn -0.5827 -0.8029 -0.1261
vn -0.9708 0.1101 -0.2132
vn -0.3312 -0.9410 -0.0698
vn -0.9767 -0.0000 -0.2146
vn -0.3312 0.9410 -0.0698
vn -0.9708 -0.1101 -0.2132
vn -0.5827 0.8029 -0.1261
vn -0.5387 -0.8213 -0.1877
vn -0.3033 -0.9473 -0.1030
vn -0.9359 0.1182 -0.3319
vn -0.9425 -0.0000 -0.3343
vn -0.3033 0.9473 -0.1030
vn -0.9359 -0.1182 -0.3319
vn -0.5387 0.8213 -0.1877
vn -0.9149 -0.2405 -0.3243
vn -0.7028 0.6670 -0.2472
vn -0.8753 -0.3713 -0.3100
vn -0.8090 0.5136 -0.2859
vn -0.8090 -0.5136 -0.2859
vn -0.8753 0.3713 -0.3100
vn -0.7028 -0.6670 -0.2472
vn -0.9149 0.2405 -0.3243
vn -0.8082 -0.4037 -0.4288
vn -0.7378 -0.5507 -0.3903
vn -0.7378 0.5507 -0.3903
vn -0.8082 0.4037 -0.4288
vn -0.6305 -0.7018 -0.3316
vn -0.8517 0.2639 -0.4527
vn -0.4745 -0.8449 -0.2470
vn -0.8754 0.1303 -0.4656
vn -0.2639 -0.9552 -0.1340
vn -0.8828 -0.0000 -0.4697
vn -0.2639 0.9552 -0.1340
vn -0.8754 -0.1303 -0.4656
vn -0.4745 0.8449 -0.2470
vn -0.8517 -0.2639 -0.4527
vn -0.6305 0.7018 -0.3316
vn -0.2129 0.9636 -0.1617
vn -0.2130 -0.9636 -0.1617
vn -0.7812 -0.0000 -0.6243
vn -0.7729 -0.1469 -0.6173
vn -0.3879 0.8709 -0.3017
vn -0.7469 -0.2953 -0.5958
vn -0.5266 0.7424 -0.4142
vn -0.7005 -0.4458 -0.5573
vn -0.6291 0.5967 -0.4982
vn -0.6291 -0.5967 -0.4982
vn -0.7005 0.4458 -0.5573
vn -0.5266 -0.7424 -0.4142
vn -0.7469 0.2953 -0.5958
vn -0.3879 -0.8709 -0.3017
vn -0.7729 0.1469 -0.6173
vn -0.4704 0.6456 -0.6016
vn -0.5339 0.4930 -0.6869
vn -0.4704 -0.6456 -0.6016
vn -0.3852 -0.7829 -0.4885
vn -0.5774 0.3320 -0.7459
vn -0.2779 -0.8953 -0.3481
vn -0.6027 0.1668 -0.7803
vn -0.1509 -0.9712 -0.1845
vn -0.6110 -0.0000 -0.7917
vn -0.1509 0.9712 -0.1845
vn -0.6027 -0.1668 -0.7803
vn -0.2779 0.8953 -0.3481
vn -0.5774 -0.3320 -0.7459
vn -0.3852 0.7830 -0.4885
vn -0.5339 -0.4930 -0.6869
vn -0.3457 -0.0000 -0.9383
vn -0.3401 -0.1851 -0.9220
vn -0.0788 0.9765 -0.2004
vn -0.1460 0.9131 -0.3806
vn -0.3232 -0.3649 -0.8732
vn -0.2056 0.8142 -0.5430
vn -0.2950 -0.5337 -0.7926
vn -0.2557 0.6856 -0.6816
vn -0.2557 -0.6856 -0.6816
vn -0.2950 0.5337 -0.7926
vn -0.2056 -0.8142 -0.5430
vn -0.3232 0.3649 -0.8732
vn -0.1460 -0.9131 -0.3806
vn -0.3401 0.1851 -0.9220
vn -0.0788 -0.9765 -0.2004
vn 0.0003 -0.7014 -0.7128
vn 0.0002 -0.8261 -0.5635
vn 0.0003 0.5503 -0.8350
vn 0.0003 0.3787 -0.9255
vn 0.0001 -0.9197 -0.3925
vn 0.0004 0.1929 -0.9812
vn 0.0001 -0.9785 -0.2062
vn 0.0004 -0.0000 -1.0000
vn 0.0001 0.9785 -0.2062
vn 0.0004 -0.1929 -0.9812
vn 0.0001 0.9197 -0.3925
vn 0.0003 -0.3787 -0.9255
vn 0.0002 0.8261 -0.5635
vn 0.0003 -0.5503 -0.8350
vn 0.0003 0.7014 -0.7128
vn 0.0789 0.9765 -0.2003
vn 0.1463 0.9131 -0.3805
vn 0.3408 -0.1851 -0.9217
vn 0.3238 -0.3649 -0.8729
vn 0.2060 0.8142 -0.5428
vn 0.2956 -0.5337 -0.7923
vn 0.2562 0.6856 -0.6815
vn 0.2562 -0.6856 -0.6815
vn 0.2956 0.5337 -0.7923
vn 0.2060 -0.8142 -0.5428
vn 0.3238 0.3649 -0.8729
vn 0.1463 -0.9131 -0.3805
vn 0.3408 0.1851 -0.9217
vn 0.0789 -0.9765 -0.2003
vn 0.3464 -0.0000 -0.9381
vn 0.5344 0.4931 -0.6865
vn 0.5780 0.3320 -0.7455
vn 0.3856 -0.7829 -0.4882
vn 0.2782 -0.8953 -0.3479
vn 0.6033 0.1669 -0.7799
vn 0.1510 -0.9712 -0.1844
vn 0.6115 -0.0000 -0.7912
vn 0.1511 0.9712 -0.1844
vn 0.6033 -0.1669 -0.7799
vn 0.2782 0.8953 -0.3479
vn 0.5780 -0.3320 -0.7455
vn 0.3856 0.7829 -0.4882
vn 0.5344 -0.4931 -0.6865
vn 0.4708 0.6456 -0.6012
vn 0.4708 -0.6456 -0.6012
vn 0.7733 -0.1469 -0.6168
vn 0.7473 -0.2953 -0.5952
vn 0.3882 0.8709 -0.3014
vn 0.5269 0.7424 -0.4138
vn 0.7009 -0.4458 -0.5568
vn 0.6294 0.5967 -0.4978
vn 0.6294 -0.5967 -0.4978
vn 0.7009 0.4458 -0.5568
vn 0.5269 -0.7424 -0.4138
vn 0.7473 0.2953 -0.5952
vn 0.3882 -0.8709 -0.3014
vn 0.7733 0.1469 -0.6168
vn 0.2131 -0.9636 -0.1615
vn 0.7817 -0.0000 -0.6237
vn 0.2131 0.9636 -0.1615
vn 0.6307 -0.7018 -0.3312
vn 0.4747 -0.8449 -0.2466
vn 0.8521 0.2639 -0.4520
vn 0.8757 0.1303 -0.4650
vn 0.2640 -0.9552 -0.1338
vn 0.8832 -0.0000 -0.4690
vn 0.2640 0.9552 -0.1338
vn 0.8757 -0.1303 -0.4650
vn 0.4747 0.8449 -0.2466
vn 0.8521 -0.2639 -0.4520
vn 0.6307 0.7018 -0.3312
vn 0.8085 -0.4037 -0.4282
vn 0.7381 0.5507 -0.3897
vn 0.7381 -0.5507 -0.3897
vn 0.8085 0.4037 -0.4282
vn 0.9151 -0.2405 -0.3237
vn 0.8755 -0.3713 -0.3093
vn 0.7030 0.6670 -0.2467
vn 0.8092 0.5136 -0.2853
vn 0.8092 -0.5136 -0.2853
vn 0.8755 0.3713 -0.3093
vn 0.7030 -0.6670 -0.2467
vn 0.9151 0.2405 -0.3237
vn 0.5389 -0.8213 -0.1873
vn 0.9361 0.1181 -0.3312
vn 0.3034 -0.9473 -0.1028
vn 0.9427 -0.0000 -0.3336
vn 0.3034 0.9473 -0.1028
vn 0.9361 -0.1181 -0.3312
vn 0.5389 0.8213 -0.1873
vn 0.5828 -0.8029 -0.1256
vn 0.3313 -0.9410 -0.0695
vn 0.9709 0.1101 -0.2125
vn 0.9769 -0.0000 -0.2139
vn 0.3313 0.9410 -0.0695
vn 0.9709 -0.1101 -0.2125
vn 0.5828 0.8029 -0.1256
vn 0.9519 -0.2248 -0.2083
vn 0.7499 0.6411 -0.1631
vn 0.9155 -0.3490 -0.2002
vn 0.8532 0.4871 -0.1863
vn 0.8532 -0.4871 -0.1863
vn 0.9155 0.3490 -0.2002
vn 0.7499 -0.6411 -0.1631
vn 0.9519 0.2248 -0.2083
vn 0.7762 0.6253 -0.0810
vn 0.8771 0.4714 -0.0918
vn 0.9367 -0.3360 -0.0982
vn 0.8771 -0.4714 -0.0918
vn 0.9367 0.3360 -0.0982
vn 0.7762 -0.6253 -0.0810
vn 0.9711 0.2158 -0.1018
vn 0.6083 -0.7912 -0.0629
vn 0.9890 0.1055 -0.1037
vn 0.3478 -0.9369 -0.0350
vn 0.9945 -0.0000 -0.1043
vn 0.3478 0.9369 -0.0350
vn 0.9890 -0.1055 -0.1037
vn 0.6083 0.7912 -0.0629
vn 0.9711 -0.2158 -0.1018
vn 0.9946 0.1040 0.0004
vn 1.0000 -0.0000 0.0004
vn 0.3533 0.9355 0.0001
vn 0.3533 -0.9355 0.0001
vn 0.9946 -0.1040 0.0004
vn 0.6167 0.7872 0.0002
vn 0.9771 -0.2129 0.0004
vn 0.7846 0.6200 0.0003
vn 0.9433 -0.3318 0.0003
vn 0.8846 0.4663 0.0003
vn 0.8846 -0.4663 0.0003
vn 0.9433 0.3318 0.0003
vn 0.7846 -0.6200 0.0003
vn 0.9771 0.2129 0.0004
vn 0.6167 -0.7872 0.0002
vn 0.9367 -0.3360 0.0988
vn 0.8770 -0.4714 0.0924
vn 0.8770 0.4714 0.0924
vn 0.9367 0.3360 0.0988
vn 0.7761 -0.6253 0.0816
vn 0.9710 0.2158 0.1025
vn 0.6083 -0.7912 0.0634
vn 0.9889 0.1055 0.1044
vn 0.3478 -0.9369 0.0352
vn 0.9945 -0.0000 0.1050
vn 0.3478 0.9369 0.0352
vn 0.9889 -0.1055 0.1044
vn 0.6083 0.7912 0.0634
vn 0.9710 -0.2158 0.1025
vn 0.7761 0.6253 0.0816
vn 0.3312 0.9410 0.0698
vn 0.3312 -0.9410 0.0698
vn 0.9767 -0.0000 0.2146
vn 0.9708 -0.1101 0.2133
vn 0.5827 0.8029 0.1260
vn 0.9517 -0.2248 0.2090
vn 0.7498 0.6411 0.1637
vn 0.9153 -0.3490 0.2009
vn 0.8531 0.4871 0.1869
vn 0.8531 -0.4871 0.1869
vn 0.9153 0.3490 0.2009
vn 0.7498 -0.6411 0.1637
vn 0.9517 0.2248 0.2090
vn 0.5827 -0.8029 0.1260
vn 0.9708 0.1101 0.2133
vn 0.8090 0.5136 0.2859
vn 0.8753 0.3713 0.3100
vn 0.8090 -0.5136 0.2859
vn 0.7028 -0.6670 0.2472
vn 0.9149 0.2405 0.3243
vn 0.5387 -0.8213 0.1876
vn 0.9359 0.1182 0.3319
vn 0.3033 -0.9473 0.1030
vn 0.9425 -0.0000 0.3343
vn 0.3033 0.9473 0.1030
vn 0.9359 -0.1182 0.3319
vn 0.5387 0.8213 0.1876
vn 0.9149 -0.2405 0.3243
vn 0.7028 0.6670 0.2472
vn 0.8753 -0.3713 0.3100
vn 0.8828 -0.0000 0.4697
vn 0.8754 -0.1303 0.4656
vn 0.2639 0.9552 0.1340
vn 0.4745 0.8449 0.2470
vn 0.8517 -0.2639 0.4527
vn 0.6305 0.7018 0.3316
vn 0.8082 -0.4037 0.4288
vn 0.7378 0.5507 0.3903
vn 0.7378 -0.5507 0.3903
vn 0.8082 0.4037 0.4288
vn 0.6305 -0.7018 0.3316
vn 0.8517 0.2639 0.4527
vn 0.4745 -0.8449 0.2470
vn 0.8754 0.1303 0.4656
vn 0.2639 -0.9552 0.1340
vn 0.6290 -0.5967 0.4983
vn 0.5266 -0.7424 0.4142
vn 0.7005 0.4458 0.5573
vn 0.7469 0.2953 0.5958
vn 0.3879 -0.8709 0.3017
vn 0.7729 0.1469 0.6173
vn 0.2130 -0.9636 0.1617
vn 0.7812 -0.0000 0.6243
vn 0.2130 0.9636 0.1617
vn 0.7729 -0.1469 0.6173
vn 0.3879 0.8709 0.3017
vn 0.7469 -0.2953 0.5958
vn 0.5266 0.7424 0.4142
vn 0.7005 -0.4458 0.5573
vn 0.6290 0.5967 0.4983
vn 0.6027 -0.1668 0.7803
vn 0.5774 -0.3320 0.7459
vn 0.2779 0.8953 0.3481
vn 0.3852 0.7829 0.4885
vn 0.5339 -0.4931 0.6869
vn 0.4704 0.6456 0.6016
vn 0.4704 -0.6456 0.6016
vn 0.5339 0.4931 0.6869
vn 0.3852 -0.7829 0.4885
vn 0.5774 0.3320 0.7459
vn 0.2779 -0.8953 0.3481
vn 0.6027 0.1668 0.7803
vn 0.1509 -0.9712 0.1845
vn 0.6110 -0.0000 0.7917
vn 0.1509 0.9712 0.1845
vn 0.2057 -0.8142 0.5430
vn 0.1460 -0.9131 0.3806
vn 0.3232 0.3649 0.8732
vn 0.3401 0.1851 0.9220
vn 0.0788 -0.9765 0.2004
vn 0.3457 -0.0000 0.9383
vn 0.0787 0.9766 0.2004
vn 0.3401 -0.1851 0.9220
vn 0.1460 0.9131 0.3806
vn 0.3232 -0.3649 0.8732
vn 0.2057 0.8142 0.5430
vn 0.2950 -0.5337 0.7926
vn 0.2557 0.6856 0.6816
vn 0.2557 -0.6856 0.6816
vn 0.2950 0.5337 0.7926
vn -0.0001 0.9197 0.3925
vn -0.0002 0.8261 0.5635
vn -0.0003 -0.3787 0.9255
vn -0.0003 -0.5503 0.8350
vn -0.0003 0.7014 0.7128
vn -0.0003 -0.7014 0.7128
vn -0.0003 0.5503 0.8350
vn -0.0002 -0.8261 0.5635
vn -0.0003 0.3787 0.9255
vn -0.0001 -0.9197 0.3925
vn -0.0004 0.1929 0.9812
vn -0.0001 -0.9785 0.2062
vn -0.0004 -0.0000 1.0000
vn -0.0001 0.9785 0.2062
vn -0.0004 -0.1929 0.9812
vn -0.3238 0.3649 0.8729
vn -0.3408 0.1851 0.9217
vn -0.1463 -0.9131 0.3805
vn -0.0789 -0.9765 0.2003
vn -0.3464 -0.0000 0.9381
vn -0.0789 0.9766 0.2003
vn -0.3408 -0.1851 0.9217
vn -0.1463 0.9131 0.3805
vn -0.3238 -0.3649 0.8729
vn -0.2060 0.8142 0.5428
vn -0.2956 -0.5337 0.7923
vn -0.2562 0.6856 0.6815
vn -0.2562 -0.6856 0.6815
vn -0.2956 0.5337 0.7923
vn -0.2060 -0.8142 0.5428
vn -0.5780 -0.3320 0.7455
vn -0.5344 -0.4930 0.6865
vn -0.3855 0.7829 0.4882
vn -0.4708 0.6456 0.6012
vn -0.4708 -0.6456 0.6012
vn -0.5344 0.4930 0.6865
vn -0.3855 -0.7830 0.4882
vn -0.5780 0.3320 0.7455
vn -0.2781 -0.8953 0.3479
vn -0.6033 0.1668 0.7799
vn -0.1510 -0.9712 0.1844
vn -0.6115 -0.0000 0.7912
vn -0.1510 0.9712 0.1844
vn -0.6033 -0.1668 0.7799
vn -0.2781 0.8953 0.3479
vn -0.3881 -0.8709 0.3014
vn -0.2131 -0.9636 0.1615
vn -0.7733 0.1469 0.6168
vn -0.7817 -0.0000 0.6237
vn -0.2131 0.9636 0.1615
vn -0.7733 -0.1469 0.6168
vn -0.3881 0.8709 0.3014
vn -0.7473 -0.2953 0.5952
vn -0.5269 0.7424 0.4138
vn -0.7009 -0.4458 0.5568
vn -0.6294 0.5967 0.4978
vn -0.6294 -0.5967 0.4978
vn -0.7009 0.4458 0.5568
vn -0.5269 -0.7424 0.4138
vn -0.7473 0.2953 0.5952
vn -0.6307 0.7018 0.3312
vn -0.7381 0.5507 0.3897
vn -0.8085 -0.4037 0.4282
vn -0.7381 -0.5507 0.3897
vn -0.8085 0.4037 0.4282
vn -0.6307 -0.7018 0.3312
vn -0.8521 0.2639 0.4520
vn -0.4747 -0.8449 0.2466
vn -0.8757 0.1303 0.4650
vn -0.2640 -0.9552 0.1338
vn -0.8832 -0.0000 0.4690
vn -0.2640 0.9552 0.1338
vn -0.8757 -0.1303 0.4650
vn -0.4747 0.8449 0.2466
vn -0.8521 -0.2639 0.4520
vn -0.9361 0.1182 0.3312
vn -0.9427 -0.0000 0.3336
vn -0.3034 0.9473 0.1028
vn -0.3034 -0.9473 0.1028
vn -0.9361 -0.1182 0.3312
vn -0.5389 0.8213 0.1873
vn -0.9151 -0.2405 0.3237
vn -0.7030 0.6670 0.2467
vn -0.8755 -0.3713 0.3093
vn -0.8092 0.5136 0.2853
vn -0.8092 -0.5136 0.2853
vn -0.8755 0.3713 0.3093
vn -0.7030 -0.6670 0.2467
vn -0.9151 0.2405 0.3237
vn -0.5389 -0.8213 0.1873
vn -0.9155 -0.3490 0.2002
vn -0.8532 -0.4871 0.1863
vn -0.8532 0.4871 0.1863
vn -0.9155 0.3490 0.2002
vn -0.7499 -0.6411 0.1632
vn -0.9519 0.2248 0.2083
vn -0.5828 -0.8029 0.1256
vn -0.9709 0.1101 0.2126
vn -0.3313 -0.9410 0.0695
vn -0.9769 -0.0000 0.2139
vn -0.3313 0.9410 0.0695
vn -0.9709 -0.1101 0.2126
vn -0.5828 0.8029 0.1256
vn -0.9519 -0.2248 0.2083
vn -0.7499 0.6411 0.1632
vn -0.3478 -0.9369 0.0350
vn -0.9945 -0.0000 0.1043
vn -0.9890 -0.1055 0.1037
vn -0.3478 0.9369 0.0350
vn -0.6083 0.7912 0.0629
vn -0.9711 -0.2158 0.1018
vn -0.7762 0.6253 0.0810
vn -0.9367 -0.3360 0.0982
vn -0.8771 0.4714 0.0918
vn -0.8771 -0.4714 0.0918
vn -0.9367 0.3360 0.0982
vn -0.7762 -0.6253 0.0810
vn -0.9711 0.2158 0.1018
vn -0.6083 -0.7912 0.0629
vn -0.9890 0.1055 0.1037
vt 0.750000 0.687500
vt 0.750000 0.750000
vt 0.718750 0.750000
vt 0.718750 0.687500
vt 0.750000 0.187500
vt 0.750000 0.250000
vt 0.718750 0.250000
vt 0.718750 0.187500
vt 0.750000 0.625000
vt 0.718750 0.625000
vt 0.750000 0.125000
vt 0.718750 0.125000
vt 0.750000 0.562500
vt 0.718750 0.562500
vt 0.750000 0.062500
vt 0.718750 0.062500
vt 0.750000 0.500000
vt 0.718750 0.500000
vt 0.750000 0.937500
vt 0.734375 1.000000
vt 0.718750 0.937500
vt 0.734375 0.000000
vt 0.750000 0.437500
vt 0.718750 0.437500
vt 0.750000 0.875000
vt 0.718750 0.875000
vt 0.750000 0.375000
vt 0.718750 0.375000
vt 0.750000 0.812500
vt 0.718750 0.812500
vt 0.750000 0.312500
vt 0.718750 0.312500
vt 0.687500 0.375000
vt 0.687500 0.312500
vt 0.687500 0.812500
vt 0.687500 0.750000
vt 0.687500 0.250000
vt 0.687500 0.687500
vt 0.687500 0.187500
vt 0.687500 0.625000
vt 0.687500 0.125000
vt 0.687500 0.562500
vt 0.687500 0.062500
vt 0.687500 0.500000
vt 0.703125 1.000000
vt 0.687500 0.937500
vt 0.703125 0.000000
vt 0.687500 0.437500
vt 0.687500 0.875000
vt 0.656250 0.125000
vt 0.656250 0.062500
vt 0.656250 0.562500
vt 0.656250 0.500000
vt 0.671875 1.000000
vt 0.656250 0.937500
vt 0.671875 0.000000
vt 0.656250 0.437500
vt 0.656250 0.875000
vt 0.656250 0.375000
vt 0.656250 0.812500
vt 0.656250 0.312500
vt 0.656250 0.750000
vt 0.656250 0.250000
vt 0.656250 0.687500
vt 0.656250 0.187500
vt 0.656250 0.625000
vt 0.625000 0.312500
vt 0.625000 0.250000
vt 0.625000 0.750000
vt 0.625000 0.687500
vt 0.625000 0.187500
vt 0.625000 0.625000
vt 0.625000 0.125000
vt 0.625000 0.562500
vt 0.625000 0.062500
vt 0.625000 0.500000
vt 0.640625 1.000000
vt 0.625000 0.937500
vt 0.640625 0.000000
vt 0.625000 0.437500
vt 0.625000 0.875000
vt 0.625000 0.375000
vt 0.625000 0.812500
vt 0.609375 1.000000
vt 0.593750 0.937500
vt 0.609375 0.000000
vt 0.593750 0.062500
vt 0.593750 0.500000
vt 0.593750 0.437500
vt 0.593750 0.875000
vt 0.593750 0.375000
vt 0.593750 0.812500
vt 0.593750 0.312500
vt 0.593750 0.750000
vt 0.593750 0.250000
vt 0.593750 0.687500
vt 0.593750 0.187500
vt 0.593750 0.625000
vt 0.593750 0.125000
vt 0.593750 0.562500
vt 0.562500 0.750000
vt 0.562500 0.687500
vt 0.562500 0.250000
vt 0.562500 0.187500
vt 0.562500 0.625000
vt 0.562500 0.125000
vt 0.562500 0.562500
vt 0.562500 0.062500
vt 0.562500 0.500000
vt 0.578125 1.000000
vt 0.562500 0.937500
vt 0.578125 0.000000
vt 0.562500 0.437500
vt 0.562500 0.875000
vt 0.562500 0.375000
vt 0.562500 0.812500
vt 0.562500 0.312500
vt 0.531250 0.500000
vt 0.531250 0.437500
vt 0.531250 0.937500
vt 0.531250 0.875000
vt 0.531250 0.375000
vt 0.531250 0.812500
vt 0.531250 0.312500
vt 0.531250 0.750000
vt 0.531250 0.250000
vt 0.531250 0.687500
vt 0.531250 0.187500
vt 0.531250 0.625000
vt 0.531250 0.125000
vt 0.531250 0.562500
vt 0.531250 0.062500
vt 0.546875 1.000000
vt 0.546875 0.000000
vt 0.500000 0.250000
vt 0.500000 0.187500
vt 0.500000 0.687500
vt 0.500000 0.625000
vt 0.500000 0.125000
vt 0.500000 0.562500
vt 0.500000 0.062500
vt 0.500000 0.500000
vt 0.515625 1.000000
vt 0.500000 0.937500
vt 0.515625 0.000000
vt 0.500000 0.437500
vt 0.500000 0.875000
vt 0.500000 0.375000
vt 0.500000 0.812500
vt 0.500000 0.312500
vt 0.500000 0.750000
vt 0.468750 0.937500
vt 0.468750 0.875000
vt 0.468750 0.437500
vt 0.468750 0.375000
vt 0.468750 0.812500
vt 0.468750 0.312500
vt 0.468750 0.750000
vt 0.468750 0.250000
vt 0.468750 0.687500
vt 0.468750 0.187500
vt 0.468750 0.625000
vt 0.468750 0.125000
vt 0.468750 0.562500
vt 0.468750 0.062500
vt 0.468750 0.500000
vt 0.484375 1.000000
vt 0.484375 0.000000
vt 0.437500 0.687500
vt 0.437500 0.625000
vt 0.437500 0.187500
vt 0.437500 0.125000
vt 0.437500 0.562500
vt 0.437500 0.062500
vt 0.437500 0.500000
vt 0.453125 1.000000
vt 0.437500 0.937500
vt 0.453125 0.000000
vt 0.437500 0.437500
vt 0.437500 0.875000
vt 0.437500 0.375000
vt 0.437500 0.812500
vt 0.437500 0.312500
vt 0.437500 0.750000
vt 0.437500 0.250000
vt 0.406250 0.437500
vt 0.406250 0.375000
vt 0.406250 0.875000
vt 0.406250 0.812500
vt 0.406250 0.312500
vt 0.406250 0.750000
vt 0.406250 0.250000
vt 0.406250 0.687500
vt 0.406250 0.187500
vt 0.406250 0.625000
vt 0.406250 0.125000
vt 0.406250 0.562500
vt 0.406250 0.062500
vt 0.406250 0.500000
vt 0.421875 1.000000
vt 0.406250 0.937500
vt 0.421875 0.000000
vt 0.375000 0.187500
vt 0.375000 0.125000
vt 0.375000 0.625000
vt 0.375000 0.562500
vt 0.375000 0.062500
vt 0.375000 0.500000
vt 0.390625 1.000000
vt 0.375000 0.937500
vt 0.390625 0.000000
vt 0.375000 0.437500
vt 0.375000 0.875000
vt 0.375000 0.375000
vt 0.375000 0.812500
vt 0.375000 0.312500
vt 0.375000 0.750000
vt 0.375000 0.250000
vt 0.375000 0.687500
vt 0.343750 0.375000
vt 0.343750 0.312500
vt 0.343750 0.812500
vt 0.343750 0.750000
vt 0.343750 0.250000
vt 0.343750 0.687500
vt 0.343750 0.187500
vt 0.343750 0.625000
vt 0.343750 0.125000
vt 0.343750 0.562500
vt 0.343750 0.062500
vt 0.343750 0.500000
vt 0.359375 1.000000
vt 0.343750 0.937500
vt 0.359375 0.000000
vt 0.343750 0.437500
vt 0.343750 0.875000
vt 0.312500 0.125000
vt 0.312500 0.062500
vt 0.312500 0.562500
vt 0.312500 0.500000
vt 0.328125 1.000000
vt 0.312500 0.937500
vt 0.328125 0.000000
vt 0.312500 0.437500
vt 0.312500 0.875000
vt 0.312500 0.375000
vt 0.312500 0.812500
vt 0.312500 0.312500
vt 0.312500 0.750000
vt 0.312500 0.250000
vt 0.312500 0.687500
vt 0.312500 0.187500
vt 0.312500 0.625000
vt 0.281250 0.812500
vt 0.281250 0.750000
vt 0.281250 0.312500
vt 0.281250 0.250000
vt 0.281250 0.687500
vt 0.281250 0.187500
vt 0.281250 0.625000
vt 0.281250 0.125000
vt 0.281250 0.562500
vt 0.281250 0.062500
vt 0.281250 0.500000
vt 0.296875 1.000000
vt 0.281250 0.937500
vt 0.296875 0.000000
vt 0.281250 0.437500
vt 0.281250 0.875000
vt 0.281250 0.375000
vt 0.250000 0.562500
vt 0.250000 0.500000
vt 0.265625 1.000000
vt 0.250000 0.937500
vt 0.265625 0.000000
vt 0.250000 0.062500
vt 0.250000 0.437500
vt 0.250000 0.875000
vt 0.250000 0.375000
vt 0.250000 0.812500
vt 0.250000 0.312500
vt 0.250000 0.750000
vt 0.250000 0.250000
vt 0.250000 0.687500
vt 0.250000 0.187500
vt 0.250000 0.625000
vt 0.250000 0.125000
vt 0.218750 0.312500
vt 0.218750 0.250000
vt 0.218750 0.750000
vt 0.218750 0.687500
vt 0.218750 0.187500
vt 0.218750 0.625000
vt 0.218750 0.125000
vt 0.218750 0.562500
vt 0.218750 0.062500
vt 0.218750 0.500000
vt 0.234375 1.000000
vt 0.218750 0.937500
vt 0.234375 0.000000
vt 0.218750 0.437500
vt 0.218750 0.875000
vt 0.218750 0.375000
vt 0.218750 0.812500
vt 0.203125 1.000000
vt 0.187500 0.937500
vt 0.203125 0.000000
vt 0.187500 0.062500
vt 0.187500 0.500000
vt 0.187500 0.437500
vt 0.187500 0.875000
vt 0.187500 0.375000
vt 0.187500 0.812500
vt 0.187500 0.312500
vt 0.187500 0.750000
vt 0.187500 0.250000
vt 0.187500 0.687500
vt 0.187500 0.187500
vt 0.187500 0.625000
vt 0.187500 0.125000
vt 0.187500 0.562500
vt 0.156250 0.750000
vt 0.156250 0.687500
vt 0.156250 0.250000
vt 0.156250 0.187500
vt 0.156250 0.625000
vt 0.156250 0.125000
vt 0.156250 0.562500
vt 0.156250 0.062500
vt 0.156250 0.500000
vt 0.171875 1.000000
vt 0.156250 0.937500
vt 0.171875 0.000000
vt 0.156250 0.437500
vt 0.156250 0.875000
vt 0.156250 0.375000
vt 0.156250 0.812500
vt 0.156250 0.312500
vt 0.125000 0.500000
vt 0.125000 0.437500
vt 0.125000 0.937500
vt 0.125000 0.875000
vt 0.125000 0.375000
vt 0.125000 0.812500
vt 0.125000 0.312500
vt 0.125000 0.750000
vt 0.125000 0.250000
vt 0.125000 0.687500
vt 0.125000 0.187500
vt 0.125000 0.625000
vt 0.125000 0.125000
vt 0.125000 0.562500
vt 0.125000 0.062500
vt 0.140625 1.000000
vt 0.140625 0.000000
vt 0.093750 0.250000
vt 0.093750 0.187500
vt 0.093750 0.687500
vt 0.093750 0.625000
vt 0.093750 0.125000
vt 0.093750 0.562500
vt 0.093750 0.062500
vt 0.093750 0.500000
vt 0.109375 1.000000
vt 0.093750 0.937500
vt 0.109375 0.000000
vt 0.093750 0.437500
vt 0.093750 0.875000
vt 0.093750 0.375000
vt 0.093750 0.812500
vt 0.093750 0.312500
vt 0.093750 0.750000
vt 0.062500 0.437500
vt 0.062500 0.375000
vt 0.062500 0.875000
vt 0.062500 0.812500
vt 0.062500 0.312500
vt 0.062500 0.750000
vt 0.062500 0.250000
vt 0.062500 0.687500
vt 0.062500 0.187500
vt 0.062500 0.625000
vt 0.062500 0.125000
vt 0.062500 0.562500
vt 0.062500 0.062500
vt 0.062500 0.500000
vt 0.078125 1.000000
vt 0.062500 0.937500
vt 0.078125 0.000000
vt 0.031250 0.187500
vt 0.031250 0.125000
vt 0.031250 0.625000
vt 0.031250 0.562500
vt 0.031250 0.062500
vt 0.031250 0.500000
vt 0.046875 1.000000
vt 0.031250 0.937500
vt 0.046875 0.000000
vt 0.031250 0.437500
vt 0.031250 0.875000
vt 0.031250 0.375000
vt 0.031250 0.812500
vt 0.031250 0.312500
vt 0.031250 0.750000
vt 0.031250 0.250000
vt 0.031250 0.687500
vt 0.000000 0.875000
vt 0.000000 0.812500
vt 0.000000 0.375000
vt 0.000000 0.312500
vt 0.000000 0.750000
vt 0.000000 0.250000
vt 0.000000 0.687500
vt 0.000000 0.187500
vt 0.000000 0.625000
vt 0.000000 0.125000
vt 0.000000 0.562500
vt 0.000000 0.062500
vt 0.000000 0.500000
vt 0.015625 1.000000
vt 0.000000 0.937500
vt 0.015625 0.000000
vt 0.000000 0.437500
vt 1.000000 0.562500
vt 1.000000 0.625000
vt 0.968750 0.625000
vt 0.968750 0.562500
vt 1.000000 0.062500
vt 1.000000 0.125000
vt 0.968750 0.125000
vt 0.968750 0.062500
vt 1.000000 0.500000
vt 0.968750 0.500000
vt 1.000000 0.937500
vt 0.984375 1.000000
vt 0.968750 0.937500
vt 0.984375 0.000000
vt 1.000000 0.437500
vt 0.968750 0.437500
vt 1.000000 0.875000
vt 0.968750 0.875000
vt 1.000000 0.375000
vt 0.968750 0.375000
vt 1.000000 0.812500
vt 0.968750 0.812500
vt 1.000000 0.312500
vt 0.968750 0.312500
vt 1.000000 0.750000
vt 0.968750 0.750000
vt 1.000000 0.250000
vt 0.968750 0.250000
vt 1.000000 0.687500
vt 0.968750 0.687500
vt 1.000000 0.187500
vt 0.968750 0.187500
vt 0.937500 0.375000
vt 0.937500 0.312500
vt 0.937500 0.812500
vt 0.937500 0.750000
vt 0.937500 0.250000
vt 0.937500 0.687500
vt 0.937500 0.187500
vt 0.937500 0.625000
vt 0.937500 0.125000
vt 0.937500 0.562500
vt 0.937500 0.062500
vt 0.937500 0.500000
vt 0.953125 1.000000
vt 0.937500 0.937500
vt 0.953125 0.000000
vt 0.937500 0.437500
vt 0.937500 0.875000
vt 0.906250 0.125000
vt 0.906250 0.062500
vt 0.906250 0.562500
vt 0.906250 0.500000
vt 0.921875 1.000000
vt 0.906250 0.937500
vt 0.921875 0.000000
vt 0.906250 0.437500
vt 0.906250 0.875000
vt 0.906250 0.375000
vt 0.906250 0.812500
vt 0.906250 0.312500
vt 0.906250 0.750000
vt 0.906250 0.250000
vt 0.906250 0.687500
vt 0.906250 0.187500
vt 0.906250 0.625000
vt 0.875000 0.812500
vt 0.875000 0.750000
vt 0.875000 0.312500
vt 0.875000 0.250000
vt 0.875000 0.687500
vt 0.875000 0.187500
vt 0.875000 0.625000
vt 0.875000 0.125000
vt 0.875000 0.562500
vt 0.875000 0.062500
vt 0.875000 0.500000
vt 0.890625 1.000000
vt 0.875000 0.937500
vt 0.890625 0.000000
vt 0.875000 0.437500
vt 0.875000 0.875000
vt 0.875000 0.375000
vt 0.843750 0.562500
vt 0.843750 0.500000
vt 0.859375 1.000000
vt 0.843750 0.937500
vt 0.859375 0.000000
vt 0.843750 0.062500
vt 0.843750 0.437500
vt 0.843750 0.875000
vt 0.843750 0.375000
vt 0.843750 0.812500
vt 0.843750 0.312500
vt 0.843750 0.750000
vt 0.843750 0.250000
vt 0.843750 0.687500
vt 0.843750 0.187500
vt 0.843750 0.625000
vt 0.843750 0.125000
vt 0.812500 0.312500
vt 0.812500 0.250000
vt 0.812500 0.750000
vt 0.812500 0.687500
vt 0.812500 0.187500
vt 0.812500 0.625000
vt 0.812500 0.125000
vt 0.812500 0.562500
vt 0.812500 0.062500
vt 0.812500 0.500000
vt 0.828125 1.000000
vt 0.812500 0.937500
vt 0.828125 0.000000
vt 0.812500 0.437500
vt 0.812500 0.875000
vt 0.812500 0.375000
vt 0.812500 0.812500
vt 0.796875 0.000000
vt 0.781250 0.062500
vt 0.781250 0.500000
vt 0.781250 0.437500
vt 0.781250 0.937500
vt 0.781250 0.875000
vt 0.781250 0.375000
vt 0.781250 0.812500
vt 0.781250 0.312500
vt 0.781250 0.750000
vt 0.781250 0.250000
vt 0.781250 0.687500
vt 0.781250 0.187500
vt 0.781250 0.625000
vt 0.781250 0.125000
vt 0.781250 0.562500
vt 0.796875 1.000000
vt 0.765625 1.000000
vt 0.765625 0.000000
s 1
usemtl None
f 4495/5940/4025 4494/5941/4026 4504/5942/4027 4505/5943/4028
f 4500/5944/4029 4499/5945/4030 4512/5946/4031 4513/5947/4032
f 4496/5948/4033 4495/5940/4025 4505/5943/4028 4506/5949/4034
f 4970/5950/4035 4500/5944/4029 4513/5947/4032 4514/5951/4036
f 4497/5952/4037 4496/5948/4033 4506/5949/4034 4507/5953/4038
f 4971/5954/4039 4970/5950/4035 4514/5951/4036 4515/5955/4040
f 4967/5956/4041 4497/5952/4037 4507/5953/4038 4508/5957/4042
f 4491/5958/4043 4816/5959/4044 4501/5960/4045
f 4972/5961/4046 4971/5954/4039 4515/5955/4040
f 4968/5962/4047 4967/5956/4041 4508/5957/4042 4509/5963/4048
f 4492/5964/4049 4491/5958/4043 4501/5960/4045 4502/5965/4050
f 4969/5966/4051 4968/5962/4047 4509/5963/4048 4510/5967/4052
f 4493/5968/4053 4492/5964/4049 4502/5965/4050 4503/5969/4054
f 4498/5970/4055 4969/5966/4051 4510/5967/4052 4511/5971/4056
f 4494/5941/4026 4493/5968/4053 4503/5969/4054 4504/5942/4027
f 4499/5945/4030 4498/5970/4055 4511/5971/4056 4512/5946/4031
f 4511/5971/4056 4510/5967/4052 4525/5972/4057 4526/5973/4058
f 4504/5942/4027 4503/5969/4054 4518/5974/4059 4519/5975/4060
f 4512/5946/4031 4511/5971/4056 4526/5973/4058 4527/5976/4061
f 4505/5943/4028 4504/5942/4027 4519/5975/4060 4520/5977/4062
f 4513/5947/4032 4512/5946/4031 4527/5976/4061 4528/5978/4063
f 4506/5949/4034 4505/5943/4028 4520/5977/4062 4521/5979/4064
f 4514/5951/4036 4513/5947/4032 4528/5978/4063 4529/5980/4065
f 4507/5953/4038 4506/5949/4034 4521/5979/4064 4522/5981/4066
f 4515/5955/4040 4514/5951/4036 4529/5980/4065 4530/5982/4067
f 4508/5957/4042 4507/5953/4038 4522/5981/4066 4523/5983/4068
f 4501/5960/4045 4816/5984/4044 4516/5985/4069
f 4972/5986/4046 4515/5955/4040 4530/5982/4067
f 4509/5963/4048 4508/5957/4042 4523/5983/4068 4524/5987/4070
f 4502/5965/4050 4501/5960/4045 4516/5985/4069 4517/5988/4071
f 4510/5967/4052 4509/5963/4048 4524/5987/4070 4525/5972/4057
f 4503/5969/4054 4502/5965/4050 4517/5988/4071 4518/5974/4059
f 4530/5982/4067 4529/5980/4065 4544/5989/4072 4545/5990/4073
f 4523/5983/4068 4522/5981/4066 4537/5991/4074 4538/5992/4075
f 4516/5985/4069 4816/5993/4044 4531/5994/4076
f 4972/5995/4046 4530/5982/4067 4545/5990/4073
f 4524/5987/4070 4523/5983/4068 4538/5992/4075 4539/5996/4077
f 4517/5988/4071 4516/5985/4069 4531/5994/4076 4532/5997/4078
f 4525/5972/4057 4524/5987/4070 4539/5996/4077 4540/5998/4079
f 4518/5974/4059 4517/5988/4071 4532/5997/4078 4533/5999/4080
f 4526/5973/4058 4525/5972/4057 4540/5998/4079 4541/6000/4081
f 4519/5975/4060 4518/5974/4059 4533/5999/4080 4534/6001/4082
f 4527/5976/4061 4526/5973/4058 4541/6000/4081 4542/6002/4083
f 4520/5977/4062 4519/5975/4060 4534/6001/4082 4535/6003/4084
f 4528/5978/4063 4527/5976/4061 4542/6002/4083 4543/6004/4085
f 4521/5979/4064 4520/5977/4062 4535/6003/4084 4536/6005/4086
f 4529/5980/4065 4528/5978/4063 4543/6004/4085 4544/5989/4072
f 4522/5981/4066 4521/5979/4064 4536/6005/4086 4537/5991/4074
f 4542/6002/4083 4541/6000/4081 4556/6006/4087 4557/6007/4088
f 4535/6003/4084 4534/6001/4082 4549/6008/4089 4550/6009/4090
f 4543/6004/4085 4542/6002/4083 4557/6007/4088 4558/6010/4091
f 4536/6005/4086 4535/6003/4084 4550/6009/4090 4551/6011/4092
f 4544/5989/4072 4543/6004/4085 4558/6010/4091 4559/6012/4093
f 4537/5991/4074 4536/6005/4086 4551/6011/4092 4552/6013/4094
f 4545/5990/4073 4544/5989/4072 4559/6012/4093 4560/6014/4095
f 4538/5992/4075 4537/5991/4074 4552/6013/4094 4553/6015/4096
f 4531/5994/4076 4816/6016/4044 4546/6017/4097
f 4972/6018/4046 4545/5990/4073 4560/6014/4095
f 4539/5996/4077 4538/5992/4075 4553/6015/4096 4554/6019/4098
f 4532/5997/4078 4531/5994/4076 4546/6017/4097 4547/6020/4099
f 4540/5998/4079 4539/5996/4077 4554/6019/4098 4555/6021/4100
f 4533/5999/4080 4532/5997/4078 4547/6020/4099 4548/6022/4101
f 4541/6000/4081 4540/5998/4079 4555/6021/4100 4556/6006/4087
f 4534/6001/4082 4533/5999/4080 4548/6022/4101 4549/6008/4089
f 4546/6017/4097 4816/6023/4044 4561/6024/4102
f 4972/6025/4046 4560/6014/4095 4575/6026/4103
f 4554/6019/4098 4553/6015/4096 4568/6027/4104 4569/6028/4105
f 4547/6020/4099 4546/6017/4097 4561/6024/4102 4562/6029/4106
f 4555/6021/4100 4554/6019/4098 4569/6028/4105 4570/6030/4107
f 4548/6022/4101 4547/6020/4099 4562/6029/4106 4563/6031/4108
f 4556/6006/4087 4555/6021/4100 4570/6030/4107 4571/6032/4109
f 4549/6008/4089 4548/6022/4101 4563/6031/4108 4564/6033/4110
f 4557/6007/4088 4556/6006/4087 4571/6032/4109 4572/6034/4111
f 4550/6009/4090 4549/6008/4089 4564/6033/4110 4565/6035/4112
f 4558/6010/4091 4557/6007/4088 4572/6034/4111 4573/6036/4113
f 4551/6011/4092 4550/6009/4090 4565/6035/4112 4566/6037/4114
f 4559/6012/4093 4558/6010/4091 4573/6036/4113 4574/6038/4115
f 4552/6013/4094 4551/6011/4092 4566/6037/4114 4567/6039/4116
f 4560/6014/4095 4559/6012/4093 4574/6038/4115 4575/6026/4103
f 4553/6015/4096 4552/6013/4094 4567/6039/4116 4568/6027/4104
f 4565/6035/4112 4564/6033/4110 4579/6040/4117 4580/6041/4118
f 4573/6036/4113 4572/6034/4111 4587/6042/4119 4588/6043/4120
f 4566/6037/4114 4565/6035/4112 4580/6041/4118 4581/6044/4121
f 4574/6038/4115 4573/6036/4113 4588/6043/4120 4589/6045/4122
f 4567/6039/4116 4566/6037/4114 4581/6044/4121 4582/6046/4123
f 4575/6026/4103 4574/6038/4115 4589/6045/4122 4590/6047/4124
f 4568/6027/4104 4567/6039/4116 4582/6046/4123 4583/6048/4125
f 4561/6024/4102 4816/6049/4044 4576/6050/4126
f 4972/6051/4046 4575/6026/4103 4590/6047/4124
f 4569/6028/4105 4568/6027/4104 4583/6048/4125 4584/6052/4127
f 4562/6029/4106 4561/6024/4102 4576/6050/4126 4577/6053/4128
f 4570/6030/4107 4569/6028/4105 4584/6052/4127 4585/6054/4129
f 4563/6031/4108 4562/6029/4106 4577/6053/4128 4578/6055/4130
f 4571/6032/4109 4570/6030/4107 4585/6054/4129 4586/6056/4131
f 4564/6033/4110 4563/6031/4108 4578/6055/4130 4579/6040/4117
f 4572/6034/4111 4571/6032/4109 4586/6056/4131 4587/6042/4119
f 4584/6052/4127 4583/6048/4125 4598/6057/4132 4599/6058/4133
f 4577/6053/4128 4576/6050/4126 4591/6059/4134 4592/6060/4135
f 4585/6054/4129 4584/6052/4127 4599/6058/4133 4600/6061/4136
f 4578/6055/4130 4577/6053/4128 4592/6060/4135 4593/6062/4137
f 4586/6056/4131 4585/6054/4129 4600/6061/4136 4601/6063/4138
f 4579/6040/4117 4578/6055/4130 4593/6062/4137 4594/6064/4139
f 4587/6042/4119 4586/6056/4131 4601/6063/4138 4602/6065/4140
f 4580/6041/4118 4579/6040/4117 4594/6064/4139 4595/6066/4141
f 4588/6043/4120 4587/6042/4119 4602/6065/4140 4603/6067/4142
f 4581/6044/4121 4580/6041/4118 4595/6066/4141 4596/6068/4143
f 4589/6045/4122 4588/6043/4120 4603/6067/4142 4604/6069/4144
f 4582/6046/4123 4581/6044/4121 4596/6068/4143 4597/6070/4145
f 4590/6047/4124 4589/6045/4122 4604/6069/4144 4605/6071/4146
f 4583/6048/4125 4582/6046/4123 4597/6070/4145 4598/6057/4132
f 4576/6050/4126 4816/6072/4044 4591/6059/4134
f 4972/6073/4046 4590/6047/4124 4605/6071/4146
f 4603/6067/4142 4602/6065/4140 4617/6074/4147 4618/6075/4148
f 4596/6068/4143 4595/6066/4141 4610/6076/4149 4611/6077/4150
f 4604/6069/4144 4603/6067/4142 4618/6075/4148 4619/6078/4151
f 4597/6070/4145 4596/6068/4143 4611/6077/4150 4612/6079/4152
f 4605/6071/4146 4604/6069/4144 4619/6078/4151 4620/6080/4153
f 4598/6057/4132 4597/6070/4145 4612/6079/4152 4613/6081/4154
f 4591/6059/4134 4816/6082/4044 4606/6083/4155
f 4972/6084/4046 4605/6071/4146 4620/6080/4153
f 4599/6058/4133 4598/6057/4132 4613/6081/4154 4614/6085/4156
f 4592/6060/4135 4591/6059/4134 4606/6083/4155 4607/6086/4157
f 4600/6061/4136 4599/6058/4133 4614/6085/4156 4615/6087/4158
f 4593/6062/4137 4592/6060/4135 4607/6086/4157 4608/6088/4159
f 4601/6063/4138 4600/6061/4136 4615/6087/4158 4616/6089/4160
f 4594/6064/4139 4593/6062/4137 4608/6088/4159 4609/6090/4161
f 4602/6065/4140 4601/6063/4138 4616/6089/4160 4617/6074/4147
f 4595/6066/4141 4594/6064/4139 4609/6090/4161 4610/6076/4149
f 4607/6086/4157 4606/6083/4155 4621/6091/4162 4622/6092/4163
f 4615/6087/4158 4614/6085/4156 4629/6093/4164 4630/6094/4165
f 4608/6088/4159 4607/6086/4157 4622/6092/4163 4623/6095/4166
f 4616/6089/4160 4615/6087/4158 4630/6094/4165 4631/6096/4167
f 4609/6090/4161 4608/6088/4159 4623/6095/4166 4624/6097/4168
f 4617/6074/4147 4616/6089/4160 4631/6096/4167 4632/6098/4169
f 4610/6076/4149 4609/6090/4161 4624/6097/4168 4625/6099/4170
f 4618/6075/4148 4617/6074/4147 4632/6098/4169 4633/6100/4171
f 4611/6077/4150 4610/6076/4149 4625/6099/4170 4626/6101/4172
f 4619/6078/4151 4618/6075/4148 4633/6100/4171 4634/6102/4173
f 4612/6079/4152 4611/6077/4150 4626/6101/4172 4627/6103/4174
f 4620/6080/4153 4619/6078/4151 4634/6102/4173 4635/6104/4175
f 4613/6081/4154 4612/6079/4152 4627/6103/4174 4628/6105/4176
f 4606/6083/4155 4816/6106/4044 4621/6091/4162
f 4972/6107/4046 4620/6080/4153 4635/6104/4175
f 4614/6085/4156 4613/6081/4154 4628/6105/4176 4629/6093/4164
f 4626/6101/4172 4625/6099/4170 4640/6108/4177 4641/6109/4178
f 4634/6102/4173 4633/6100/4171 4648/6110/4179 4649/6111/4180
f 4627/6103/4174 4626/6101/4172 4641/6109/4178 4642/6112/4181
f 4635/6104/4175 4634/6102/4173 4649/6111/4180 4650/6113/4182
f 4628/6105/4176 4627/6103/4174 4642/6112/4181 4643/6114/4183
f 4621/6091/4162 4816/6115/4044 4636/6116/4184
f 4972/6117/4046 4635/6104/4175 4650/6113/4182
f 4629/6093/4164 4628/6105/4176 4643/6114/4183 4644/6118/4185
f 4622/6092/4163 4621/6091/4162 4636/6116/4184 4637/6119/4186
f 4630/6094/4165 4629/6093/4164 4644/6118/4185 4645/6120/4187
f 4623/6095/4166 4622/6092/4163 4637/6119/4186 4638/6121/4188
f 4631/6096/4167 4630/6094/4165 4645/6120/4187 4646/6122/4189
f 4624/6097/4168 4623/6095/4166 4638/6121/4188 4639/6123/4190
f 4632/6098/4169 4631/6096/4167 4646/6122/4189 4647/6124/4191
f 4625/6099/4170 4624/6097/4168 4639/6123/4190 4640/6108/4177
f 4633/6100/4171 4632/6098/4169 4647/6124/4191 4648/6110/4179
f 4645/6120/4187 4644/6118/4185 4659/6125/4192 4660/6126/4193
f 4638/6121/4188 4637/6119/4186 4652/6127/4194 4653/6128/4195
f 4646/6122/4189 4645/6120/4187 4660/6126/4193 4661/6129/4196
f 4639/6123/4190 4638/6121/4188 4653/6128/4195 4654/6130/4197
f 4647/6124/4191 4646/6122/4189 4661/6129/4196 4662/6131/4198
f 4640/6108/4177 4639/6123/4190 4654/6130/4197 4655/6132/4199
f 4648/6110/4179 4647/6124/4191 4662/6131/4198 4663/6133/4200
f 4641/6109/4178 4640/6108/4177 4655/6132/4199 4656/6134/4201
f 4649/6111/4180 4648/6110/4179 4663/6133/4200 4664/6135/4202
f 4642/6112/4181 4641/6109/4178 4656/6134/4201 4657/6136/4203
f 4650/6113/4182 4649/6111/4180 4664/6135/4202 4665/6137/4204
f 4643/6114/4183 4642/6112/4181 4657/6136/4203 4658/6138/4205
f 4636/6116/4184 4816/6139/4044 4651/6140/4206
f 4972/6141/4046 4650/6113/4182 4665/6137/4204
f 4644/6118/4185 4643/6114/4183 4658/6138/4205 4659/6125/4192
f 4637/6119/4186 4636/6116/4184 4651/6140/4206 4652/6127/4194
f 4664/6135/4202 4663/6133/4200 4678/6142/4207 4679/6143/4208
f 4657/6136/4203 4656/6134/4201 4671/6144/4209 4672/6145/4210
f 4665/6137/4204 4664/6135/4202 4679/6143/4208 4680/6146/4211
f 4658/6138/4205 4657/6136/4203 4672/6145/4210 4673/6147/4212
f 4651/6140/4206 4816/6148/4044 4666/6149/4213
f 4972/6150/4046 4665/6137/4204 4680/6146/4211
f 4659/6125/4192 4658/6138/4205 4673/6147/4212 4674/6151/4214
f 4652/6127/4194 4651/6140/4206 4666/6149/4213 4667/6152/4215
f 4660/6126/4193 4659/6125/4192 4674/6151/4214 4675/6153/4216
f 4653/6128/4195 4652/6127/4194 4667/6152/4215 4668/6154/4217
f 4661/6129/4196 4660/6126/4193 4675/6153/4216 4676/6155/4218
f 4654/6130/4197 4653/6128/4195 4668/6154/4217 4669/6156/4219
f 4662/6131/4198 4661/6129/4196 4676/6155/4218 4677/6157/4220
f 4655/6132/4199 4654/6130/4197 4669/6156/4219 4670/6158/4221
f 4663/6133/4200 4662/6131/4198 4677/6157/4220 4678/6142/4207
f 4656/6134/4201 4655/6132/4199 4670/6158/4221 4671/6144/4209
f 4676/6155/4218 4675/6153/4216 4690/6159/4222 4691/6160/4223
f 4669/6156/4219 4668/6154/4217 4683/6161/4224 4684/6162/4225
f 4677/6157/4220 4676/6155/4218 4691/6160/4223 4692/6163/4226
f 4670/6158/4221 4669/6156/4219 4684/6162/4225 4685/6164/4227
f 4678/6142/4207 4677/6157/4220 4692/6163/4226 4693/6165/4228
f 4671/6144/4209 4670/6158/4221 4685/6164/4227 4686/6166/4229
f 4679/6143/4208 4678/6142/4207 4693/6165/4228 4694/6167/4230
f 4672/6145/4210 4671/6144/4209 4686/6166/4229 4687/6168/4231
f 4680/6146/4211 4679/6143/4208 4694/6167/4230 4695/6169/4232
f 4673/6147/4212 4672/6145/4210 4687/6168/4231 4688/6170/4233
f 4666/6149/4213 4816/6171/4044 4681/6172/4234
f 4972/6173/4046 4680/6146/4211 4695/6169/4232
f 4674/6151/4214 4673/6147/4212 4688/6170/4233 4689/6174/4235
f 4667/6152/4215 4666/6149/4213 4681/6172/4234 4682/6175/4236
f 4675/6153/4216 4674/6151/4214 4689/6174/4235 4690/6159/4222
f 4668/6154/4217 4667/6152/4215 4682/6175/4236 4683/6161/4224
f 4695/6169/4232 4694/6167/4230 4709/6176/4237 4710/6177/4238
f 4688/6170/4233 4687/6168/4231 4702/6178/4239 4703/6179/4240
f 4681/6172/4234 4816/6180/4044 4696/6181/4241
f 4972/6182/4046 4695/6169/4232 4710/6177/4238
f 4689/6174/4235 4688/6170/4233 4703/6179/4240 4704/6183/4242
f 4682/6175/4236 4681/6172/4234 4696/6181/4241 4697/6184/4243
f 4690/6159/4222 4689/6174/4235 4704/6183/4242 4705/6185/4244
f 4683/6161/4224 4682/6175/4236 4697/6184/4243 4698/6186/4245
f 4691/6160/4223 4690/6159/4222 4705/6185/4244 4706/6187/4246
f 4684/6162/4225 4683/6161/4224 4698/6186/4245 4699/6188/4247
f 4692/6163/4226 4691/6160/4223 4706/6187/4246 4707/6189/4248
f 4685/6164/4227 4684/6162/4225 4699/6188/4247 4700/6190/4249
f 4693/6165/4228 4692/6163/4226 4707/6189/4248 4708/6191/4250
f 4686/6166/4229 4685/6164/4227 4700/6190/4249 4701/6192/4251
f 4694/6167/4230 4693/6165/4228 4708/6191/4250 4709/6176/4237
f 4687/6168/4231 4686/6166/4229 4701/6192/4251 4702/6178/4239
f 4699/6188/4247 4698/6186/4245 4713/6193/4252 4714/6194/4253
f 4707/6189/4248 4706/6187/4246 4721/6195/4254 4722/6196/4255
f 4700/6190/4249 4699/6188/4247 4714/6194/4253 4715/6197/4256
f 4708/6191/4250 4707/6189/4248 4722/6196/4255 4723/6198/4257
f 4701/6192/4251 4700/6190/4249 4715/6197/4256 4716/6199/4258
f 4709/6176/4237 4708/6191/4250 4723/6198/4257 4724/6200/4259
f 4702/6178/4239 4701/6192/4251 4716/6199/4258 4717/6201/4260
f 4710/6177/4238 4709/6176/4237 4724/6200/4259 4725/6202/4261
f 4703/6179/4240 4702/6178/4239 4717/6201/4260 4718/6203/4262
f 4696/6181/4241 4816/6204/4044 4711/6205/4263
f 4972/6206/4046 4710/6177/4238 4725/6202/4261
f 4704/6183/4242 4703/6179/4240 4718/6203/4262 4719/6207/4264
f 4697/6184/4243 4696/6181/4241 4711/6205/4263 4712/6208/4265
f 4705/6185/4244 4704/6183/4242 4719/6207/4264 4720/6209/4266
f 4698/6186/4245 4697/6184/4243 4712/6208/4265 4713/6193/4252
f 4706/6187/4246 4705/6185/4244 4720/6209/4266 4721/6195/4254
f 4718/6203/4262 4717/6201/4260 4732/6210/4267 4733/6211/4268
f 4711/6205/4263 4816/6212/4044 4726/6213/4269
f 4972/6214/4046 4725/6202/4261 4740/6215/4270
f 4719/6207/4264 4718/6203/4262 4733/6211/4268 4734/6216/4271
f 4712/6208/4265 4711/6205/4263 4726/6213/4269 4727/6217/4272
f 4720/6209/4266 4719/6207/4264 4734/6216/4271 4735/6218/4273
f 4713/6193/4252 4712/6208/4265 4727/6217/4272 4728/6219/4274
f 4721/6195/4254 4720/6209/4266 4735/6218/4273 4736/6220/4275
f 4714/6194/4253 4713/6193/4252 4728/6219/4274 4729/6221/4276
f 4722/6196/4255 4721/6195/4254 4736/6220/4275 4737/6222/4277
f 4715/6197/4256 4714/6194/4253 4729/6221/4276 4730/6223/4278
f 4723/6198/4257 4722/6196/4255 4737/6222/4277 4738/6224/4279
f 4716/6199/4258 4715/6197/4256 4730/6223/4278 4731/6225/4280
f 4724/6200/4259 4723/6198/4257 4738/6224/4279 4739/6226/4281
f 4717/6201/4260 4716/6199/4258 4731/6225/4280 4732/6210/4267
f 4725/6202/4261 4724/6200/4259 4739/6226/4281 4740/6215/4270
f 4737/6222/4277 4736/6220/4275 4751/6227/4282 4752/6228/4283
f 4730/6223/4278 4729/6221/4276 4744/6229/4284 4745/6230/4285
f 4738/6224/4279 4737/6222/4277 4752/6228/4283 4753/6231/4286
f 4731/6225/4280 4730/6223/4278 4745/6230/4285 4746/6232/4287
f 4739/6226/4281 4738/6224/4279 4753/6231/4286 4754/6233/4288
f 4732/6210/4267 4731/6225/4280 4746/6232/4287 4747/6234/4289
f 4740/6215/4270 4739/6226/4281 4754/6233/4288 4755/6235/4290
f 4733/6211/4268 4732/6210/4267 4747/6234/4289 4748/6236/4291
f 4726/6213/4269 4816/6237/4044 4741/6238/4292
f 4972/6239/4046 4740/6215/4270 4755/6235/4290
f 4734/6216/4271 4733/6211/4268 4748/6236/4291 4749/6240/4293
f 4727/6217/4272 4726/6213/4269 4741/6238/4292 4742/6241/4294
f 4735/6218/4273 4734/6216/4271 4749/6240/4293 4750/6242/4295
f 4728/6219/4274 4727/6217/4272 4742/6241/4294 4743/6243/4296
f 4736/6220/4275 4735/6218/4273 4750/6242/4295 4751/6227/4282
f 4729/6221/4276 4728/6219/4274 4743/6243/4296 4744/6229/4284
f 4741/6238/4292 4816/6244/4044 4756/6245/4297
f 4972/6246/4046 4755/6235/4290 4770/6247/4298
f 4749/6240/4293 4748/6236/4291 4763/6248/4299 4764/6249/4300
f 4742/6241/4294 4741/6238/4292 4756/6245/4297 4757/6250/4301
f 4750/6242/4295 4749/6240/4293 4764/6249/4300 4765/6251/4302
f 4743/6243/4296 4742/6241/4294 4757/6250/4301 4758/6252/4303
f 4751/6227/4282 4750/6242/4295 4765/6251/4302 4766/6253/4304
f 4744/6229/4284 4743/6243/4296 4758/6252/4303 4759/6254/4305
f 4752/6228/4283 4751/6227/4282 4766/6253/4304 4767/6255/4306
f 4745/6230/4285 4744/6229/4284 4759/6254/4305 4760/6256/4307
f 4753/6231/4286 4752/6228/4283 4767/6255/4306 4768/6257/4308
f 4746/6232/4287 4745/6230/4285 4760/6256/4307 4761/6258/4309
f 4754/6233/4288 4753/6231/4286 4768/6257/4308 4769/6259/4310
f 4747/6234/4289 4746/6232/4287 4761/6258/4309 4762/6260/4311
f 4755/6235/4290 4754/6233/4288 4769/6259/4310 4770/6247/4298
f 4748/6236/4291 4747/6234/4289 4762/6260/4311 4763/6248/4299
f 4760/6256/4307 4759/6254/4305 4774/6261/4312 4775/6262/4313
f 4768/6257/4308 4767/6255/4306 4782/6263/4314 4783/6264/4315
f 4761/6258/4309 4760/6256/4307 4775/6262/4313 4776/6265/4316
f 4769/6259/4310 4768/6257/4308 4783/6264/4315 4784/6266/4317
f 4762/6260/4311 4761/6258/4309 4776/6265/4316 4777/6267/4318
f 4770/6247/4298 4769/6259/4310 4784/6266/4317 4785/6268/4319
f 4763/6248/4299 4762/6260/4311 4777/6267/4318 4778/6269/4320
f 4756/6245/4297 4816/6270/4044 4771/6271/4321
f 4972/6272/4046 4770/6247/4298 4785/6268/4319
f 4764/6249/4300 4763/6248/4299 4778/6269/4320 4779/6273/4322
f 4757/6250/4301 4756/6245/4297 4771/6271/4321 4772/6274/4323
f 4765/6251/4302 4764/6249/4300 4779/6273/4322 4780/6275/4324
f 4758/6252/4303 4757/6250/4301 4772/6274/4323 4773/6276/4325
f 4766/6253/4304 4765/6251/4302 4780/6275/4324 4781/6277/4326
f 4759/6254/4305 4758/6252/4303 4773/6276/4325 4774/6261/4312
f 4767/6255/4306 4766/6253/4304 4781/6277/4326 4782/6263/4314
f 4779/6273/4322 4778/6269/4320 4793/6278/4327 4794/6279/4328
f 4772/6274/4323 4771/6271/4321 4786/6280/4329 4787/6281/4330
f 4780/6275/4324 4779/6273/4322 4794/6279/4328 4795/6282/4331
f 4773/6276/4325 4772/6274/4323 4787/6281/4330 4788/6283/4332
f 4781/6277/4326 4780/6275/4324 4795/6282/4331 4796/6284/4333
f 4774/6261/4312 4773/6276/4325 4788/6283/4332 4789/6285/4334
f 4782/6263/4314 4781/6277/4326 4796/6284/4333 4797/6286/4335
f 4775/6262/4313 4774/6261/4312 4789/6285/4334 4790/6287/4336
f 4783/6264/4315 4782/6263/4314 4797/6286/4335 4798/6288/4337
f 4776/6265/4316 4775/6262/4313 4790/6287/4336 4791/6289/4338
f 4784/6266/4317 4783/6264/4315 4798/6288/4337 4799/6290/4339
f 4777/6267/4318 4776/6265/4316 4791/6289/4338 4792/6291/4340
f 4785/6268/4319 4784/6266/4317 4799/6290/4339 4800/6292/4341
f 4778/6269/4320 4777/6267/4318 4792/6291/4340 4793/6278/4327
f 4771/6271/4321 4816/6293/4044 4786/6280/4329
f 4972/6294/4046 4785/6268/4319 4800/6292/4341
f 4798/6288/4337 4797/6286/4335 4812/6295/4342 4813/6296/4343
f 4791/6289/4338 4790/6287/4336 4805/6297/4344 4806/6298/4345
f 4799/6290/4339 4798/6288/4337 4813/6296/4343 4814/6299/4346
f 4792/6291/4340 4791/6289/4338 4806/6298/4345 4807/6300/4347
f 4800/6292/4341 4799/6290/4339 4814/6299/4346 4815/6301/4348
f 4793/6278/4327 4792/6291/4340 4807/6300/4347 4808/6302/4349
f 4786/6280/4329 4816/6303/4044 4801/6304/4350
f 4972/6305/4046 4800/6292/4341 4815/6301/4348
f 4794/6279/4328 4793/6278/4327 4808/6302/4349 4809/6306/4351
f 4787/6281/4330 4786/6280/4329 4801/6304/4350 4802/6307/4352
f 4795/6282/4331 4794/6279/4328 4809/6306/4351 4810/6308/4353
f 4788/6283/4332 4787/6281/4330 4802/6307/4352 4803/6309/4354
f 4796/6284/4333 4795/6282/4331 4810/6308/4353 4811/6310/4355
f 4789/6285/4334 4788/6283/4332 4803/6309/4354 4804/6311/4356
f 4797/6286/4335 4796/6284/4333 4811/6310/4355 4812/6295/4342
f 4790/6287/4336 4789/6285/4334 4804/6311/4356 4805/6297/4344
f 4810/6308/4353 4809/6306/4351 4825/6312/4357 4826/6313/4358
f 4803/6309/4354 4802/6307/4352 4818/6314/4359 4819/6315/4360
f 4811/6310/4355 4810/6308/4353 4826/6313/4358 4827/6316/4361
f 4804/6311/4356 4803/6309/4354 4819/6315/4360 4820/6317/4362
f 4812/6295/4342 4811/6310/4355 4827/6316/4361 4828/6318/4363
f 4805/6297/4344 4804/6311/4356 4820/6317/4362 4821/6319/4364
f 4813/6296/4343 4812/6295/4342 4828/6318/4363 4829/6320/4365
f 4806/6298/4345 4805/6297/4344 4821/6319/4364 4822/6321/4366
f 4814/6299/4346 4813/6296/4343 4829/6320/4365 4830/6322/4367
f 4807/6300/4347 4806/6298/4345 4822/6321/4366 4823/6323/4368
f 4815/6301/4348 4814/6299/4346 4830/6322/4367 4831/6324/4369
f 4808/6302/4349 4807/6300/4347 4823/6323/4368 4824/6325/4370
f 4801/6304/4350 4816/6326/4044 4817/6327/4371
f 4972/6328/4046 4815/6301/4348 4831/6324/4369
f 4809/6306/4351 4808/6302/4349 4824/6325/4370 4825/6312/4357
f 4802/6307/4352 4801/6304/4350 4817/6327/4371 4818/6314/4359
f 4830/6322/4367 4829/6320/4365 4844/6329/4372 4845/6330/4373
f 4823/6323/4368 4822/6321/4366 4837/6331/4374 4838/6332/4375
f 4831/6324/4369 4830/6322/4367 4845/6330/4373 4846/6333/4376
f 4824/6325/4370 4823/6323/4368 4838/6332/4375 4839/6334/4377
f 4817/6327/4371 4816/6335/4044 4832/6336/4378
f 4972/6337/4046 4831/6324/4369 4846/6333/4376
f 4825/6312/4357 4824/6325/4370 4839/6334/4377 4840/6338/4379
f 4818/6314/4359 4817/6327/4371 4832/6336/4378 4833/6339/4380
f 4826/6313/4358 4825/6312/4357 4840/6338/4379 4841/6340/4381
f 4819/6315/4360 4818/6314/4359 4833/6339/4380 4834/6341/4382
f 4827/6316/4361 4826/6313/4358 4841/6340/4381 4842/6342/4383
f 4820/6317/4362 4819/6315/4360 4834/6341/4382 4835/6343/4384
f 4828/6318/4363 4827/6316/4361 4842/6342/4383 4843/6344/4385
f 4821/6319/4364 4820/6317/4362 4835/6343/4384 4836/6345/4386
f 4829/6320/4365 4828/6318/4363 4843/6344/4385 4844/6329/4372
f 4822/6321/4366 4821/6319/4364 4836/6345/4386 4837/6331/4374
f 4834/6341/4382 4833/6339/4380 4848/6346/4387 4849/6347/4388
f 4842/6342/4383 4841/6340/4381 4856/6348/4389 4857/6349/4390
f 4835/6343/4384 4834/6341/4382 4849/6347/4388 4850/6350/4391
f 4843/6344/4385 4842/6342/4383 4857/6349/4390 4858/6351/4392
f 4836/6345/4386 4835/6343/4384 4850/6350/4391 4851/6352/4393
f 4844/6329/4372 4843/6344/4385 4858/6351/4392 4859/6353/4394
f 4837/6331/4374 4836/6345/4386 4851/6352/4393 4852/6354/4395
f 4845/6330/4373 4844/6329/4372 4859/6353/4394 4860/6355/4396
f 4838/6332/4375 4837/6331/4374 4852/6354/4395 4853/6356/4397
f 4846/6333/4376 4845/6330/4373 4860/6355/4396 4861/6357/4398
f 4839/6334/4377 4838/6332/4375 4853/6356/4397 4854/6358/4399
f 4832/6336/4378 4816/6359/4044 4847/6360/4400
f 4972/6361/4046 4846/6333/4376 4861/6357/4398
f 4840/6338/4379 4839/6334/4377 4854/6358/4399 4855/6362/4401
f 4833/6339/4380 4832/6336/4378 4847/6360/4400 4848/6346/4387
f 4841/6340/4381 4840/6338/4379 4855/6362/4401 4856/6348/4389
f 4853/6363/4397 4852/6364/4395 4867/6365/4402 4868/6366/4403
f 4861/6367/4398 4860/6368/4396 4875/6369/4404 4876/6370/4405
f 4854/6371/4399 4853/6363/4397 4868/6366/4403 4869/6372/4406
f 4847/6373/4400 4816/6374/4044 4862/6375/4407
f 4972/6376/4046 4861/6367/4398 4876/6370/4405
f 4855/6377/4401 4854/6371/4399 4869/6372/4406 4870/6378/4408
f 4848/6379/4387 4847/6373/4400 4862/6375/4407 4863/6380/4409
f 4856/6381/4389 4855/6377/4401 4870/6378/4408 4871/6382/4410
f 4849/6383/4388 4848/6379/4387 4863/6380/4409 4864/6384/4411
f 4857/6385/4390 4856/6381/4389 4871/6382/4410 4872/6386/4412
f 4850/6387/4391 4849/6383/4388 4864/6384/4411 4865/6388/4413
f 4858/6389/4392 4857/6385/4390 4872/6386/4412 4873/6390/4414
f 4851/6391/4393 4850/6387/4391 4865/6388/4413 4866/6392/4415
f 4859/6393/4394 4858/6389/4392 4873/6390/4414 4874/6394/4416
f 4852/6364/4395 4851/6391/4393 4866/6392/4415 4867/6365/4402
f 4860/6368/4396 4859/6393/4394 4874/6394/4416 4875/6369/4404
f 4872/6386/4412 4871/6382/4410 4886/6395/4417 4887/6396/4418
f 4865/6388/4413 4864/6384/4411 4879/6397/4419 4880/6398/4420
f 4873/6390/4414 4872/6386/4412 4887/6396/4418 4888/6399/4421
f 4866/6392/4415 4865/6388/4413 4880/6398/4420 4881/6400/4422
f 4874/6394/4416 4873/6390/4414 4888/6399/4421 4889/6401/4423
f 4867/6365/4402 4866/6392/4415 4881/6400/4422 4882/6402/4424
f 4875/6369/4404 4874/6394/4416 4889/6401/4423 4890/6403/4425
f 4868/6366/4403 4867/6365/4402 4882/6402/4424 4883/6404/4426
f 4876/6370/4405 4875/6369/4404 4890/6403/4425 4891/6405/4427
f 4869/6372/4406 4868/6366/4403 4883/6404/4426 4884/6406/4428
f 4862/6375/4407 4816/6407/4044 4877/6408/4429
f 4972/6409/4046 4876/6370/4405 4891/6405/4427
f 4870/6378/4408 4869/6372/4406 4884/6406/4428 4885/6410/4430
f 4863/6380/4409 4862/6375/4407 4877/6408/4429 4878/6411/4431
f 4871/6382/4410 4870/6378/4408 4885/6410/4430 4886/6395/4417
f 4864/6384/4411 4863/6380/4409 4878/6411/4431 4879/6397/4419
f 4891/6405/4427 4890/6403/4425 4905/6412/4432 4906/6413/4433
f 4884/6406/4428 4883/6404/4426 4898/6414/4434 4899/6415/4435
f 4877/6408/4429 4816/6416/4044 4892/6417/4436
f 4972/6418/4046 4891/6405/4427 4906/6413/4433
f 4885/6410/4430 4884/6406/4428 4899/6415/4435 4900/6419/4437
f 4878/6411/4431 4877/6408/4429 4892/6417/4436 4893/6420/4438
f 4886/6395/4417 4885/6410/4430 4900/6419/4437 4901/6421/4439
f 4879/6397/4419 4878/6411/4431 4893/6420/4438 4894/6422/4440
f 4887/6396/4418 4886/6395/4417 4901/6421/4439 4902/6423/4441
f 4880/6398/4420 4879/6397/4419 4894/6422/4440 4895/6424/4442
f 4888/6399/4421 4887/6396/4418 4902/6423/4441 4903/6425/4443
f 4881/6400/4422 4880/6398/4420 4895/6424/4442 4896/6426/4444
f 4889/6401/4423 4888/6399/4421 4903/6425/4443 4904/6427/4445
f 4882/6402/4424 4881/6400/4422 4896/6426/4444 4897/6428/4446
f 4890/6403/4425 4889/6401/4423 4904/6427/4445 4905/6412/4432
f 4883/6404/4426 4882/6402/4424 4897/6428/4446 4898/6414/4434
f 4895/6424/4442 4894/6422/4440 4909/6429/4447 4910/6430/4448
f 4903/6425/4443 4902/6423/4441 4917/6431/4449 4918/6432/4450
f 4896/6426/4444 4895/6424/4442 4910/6430/4448 4911/6433/4451
f 4904/6427/4445 4903/6425/4443 4918/6432/4450 4919/6434/4452
f 4897/6428/4446 4896/6426/4444 4911/6433/4451 4912/6435/4453
f 4905/6412/4432 4904/6427/4445 4919/6434/4452 4920/6436/4454
f 4898/6414/4434 4897/6428/4446 4912/6435/4453 4913/6437/4455
f 4906/6413/4433 4905/6412/4432 4920/6436/4454 4921/6438/4456
f 4899/6415/4435 4898/6414/4434 4913/6437/4455 4914/6439/4457
f 4892/6417/4436 4816/6440/4044 4907/6441/4458
f 4972/6442/4046 4906/6413/4433 4921/6438/4456
f 4900/6419/4437 4899/6415/4435 4914/6439/4457 4915/6443/4459
f 4893/6420/4438 4892/6417/4436 4907/6441/4458 4908/6444/4460
f 4901/6421/4439 4900/6419/4437 4915/6443/4459 4916/6445/4461
f 4894/6422/4440 4893/6420/4438 4908/6444/4460 4909/6429/4447
f 4902/6423/4441 4901/6421/4439 4916/6445/4461 4917/6431/4449
f 4914/6439/4457 4913/6437/4455 4928/6446/4462 4929/6447/4463
f 4907/6441/4458 4816/6448/4044 4922/6449/4464
f 4972/6450/4046 4921/6438/4456 4936/6451/4465
f 4915/6443/4459 4914/6439/4457 4929/6447/4463 4930/6452/4466
f 4908/6444/4460 4907/6441/4458 4922/6449/4464 4923/6453/4467
f 4916/6445/4461 4915/6443/4459 4930/6452/4466 4931/6454/4468
f 4909/6429/4447 4908/6444/4460 4923/6453/4467 4924/6455/4469
f 4917/6431/4449 4916/6445/4461 4931/6454/4468 4932/6456/4470
f 4910/6430/4448 4909/6429/4447 4924/6455/4469 4925/6457/4471
f 4918/6432/4450 4917/6431/4449 4932/6456/4470 4933/6458/4472
f 4911/6433/4451 4910/6430/4448 4925/6457/4471 4926/6459/4473
f 4919/6434/4452 4918/6432/4450 4933/6458/4472 4934/6460/4474
f 4912/6435/4453 4911/6433/4451 4926/6459/4473 4927/6461/4475
f 4920/6436/4454 4919/6434/4452 4934/6460/4474 4935/6462/4476
f 4913/6437/4455 4912/6435/4453 4927/6461/4475 4928/6446/4462
f 4921/6438/4456 4920/6436/4454 4935/6462/4476 4936/6451/4465
f 4933/6458/4472 4932/6456/4470 4947/6463/4477 4948/6464/4478
f 4926/6459/4473 4925/6457/4471 4940/6465/4479 4941/6466/4480
f 4934/6460/4474 4933/6458/4472 4948/6464/4478 4949/6467/4481
f 4927/6461/4475 4926/6459/4473 4941/6466/4480 4942/6468/4482
f 4935/6462/4476 4934/6460/4474 4949/6467/4481 4950/6469/4483
f 4928/6446/4462 4927/6461/4475 4942/6468/4482 4943/6470/4484
f 4936/6451/4465 4935/6462/4476 4950/6469/4483 4951/6471/4485
f 4929/6447/4463 4928/6446/4462 4943/6470/4484 4944/6472/4486
f 4922/6449/4464 4816/6473/4044 4937/6474/4487
f 4972/6475/4046 4936/6451/4465 4951/6471/4485
f 4930/6452/4466 4929/6447/4463 4944/6472/4486 4945/6476/4488
f 4923/6453/4467 4922/6449/4464 4937/6474/4487 4938/6477/4489
f 4931/6454/4468 4930/6452/4466 4945/6476/4488 4946/6478/4490
f 4924/6455/4469 4923/6453/4467 4938/6477/4489 4939/6479/4491
f 4932/6456/4470 4931/6454/4468 4946/6478/4490 4947/6463/4477
f 4925/6457/4471 4924/6455/4469 4939/6479/4491 4940/6465/4479
f 4972/6480/4046 4951/6471/4485 4966/6481/4492
f 4945/6476/4488 4944/6472/4486 4959/6482/4493 4960/6483/4494
f 4938/6477/4489 4937/6474/4487 4952/6484/4495 4953/6485/4496
f 4946/6478/4490 4945/6476/4488 4960/6483/4494 4961/6486/4497
f 4939/6479/4491 4938/6477/4489 4953/6485/4496 4954/6487/4498
f 4947/6463/4477 4946/6478/4490 4961/6486/4497 4962/6488/4499
f 4940/6465/4479 4939/6479/4491 4954/6487/4498 4955/6489/4500
f 4948/6464/4478 4947/6463/4477 4962/6488/4499 4963/6490/4501
f 4941/6466/4480 4940/6465/4479 4955/6489/4500 4956/6491/4502
f 4949/6467/4481 4948/6464/4478 4963/6490/4501 4964/6492/4503
f 4942/6468/4482 4941/6466/4480 4956/6491/4502 4957/6493/4504
f 4950/6469/4483 4949/6467/4481 4964/6492/4503 4965/6494/4505
f 4943/6470/4484 4942/6468/4482 4957/6493/4504 4958/6495/4506
f 4951/6471/4485 4950/6469/4483 4965/6494/4505 4966/6481/4492
f 4944/6472/4486 4943/6470/4484 4958/6495/4506 4959/6482/4493
f 4937/6474/4487 4816/6496/4044 4952/6484/4495
f 4964/6492/4503 4963/6490/4501 4499/5945/4030 4500/5944/4029
f 4957/6493/4504 4956/6491/4502 4495/5940/4025 4496/5948/4033
f 4965/6494/4505 4964/6492/4503 4500/5944/4029 4970/5950/4035
f 4958/6495/4506 4957/6493/4504 4496/5948/4033 4497/5952/4037
f 4966/6481/4492 4965/6494/4505 4970/5950/4035 4971/5954/4039
f 4959/6482/4493 4958/6495/4506 4497/5952/4037 4967/5956/4041
f 4952/6484/4495 4816/6497/4044 4491/5958/4043
f 4972/6498/4046 4966/6481/4492 4971/5954/4039
f 4960/6483/4494 4959/6482/4493 4967/5956/4041 4968/5962/4047
f 4953/6485/4496 4952/6484/4495 4491/5958/4043 4492/5964/4049
f 4961/6486/4497 4960/6483/4494 4968/5962/4047 4969/5966/4051
f 4954/6487/4498 4953/6485/4496 4492/5964/4049 4493/5968/4053
f 4962/6488/4499 4961/6486/4497 4969/5966/4051 4498/5970/4055
f 4955/6489/4500 4954/6487/4498 4493/5968/4053 4494/5941/4026
f 4963/6490/4501 4962/6488/4499 4498/5970/4055 4499/5945/4030
f 4956/6491/4502 4955/6489/4500 4494/5941/4026 4495/5940/4025
o Sphere_Sphere.001
v 0.896169 5.742172 1.320146
v 0.870322 5.734331 1.320137
v 0.846501 5.721598 1.320128
v 0.825621 5.704463 1.320121
v 0.808486 5.683584 1.320114
v 0.795753 5.659762 1.320110
v 0.787912 5.633915 1.320107
v 0.808486 5.530486 1.320114
v 0.825621 5.509606 1.320121
v 0.846501 5.492471 1.320128
v 0.896688 5.742172 1.314902
v 0.871338 5.734331 1.309850
v 0.847976 5.721598 1.305195
v 0.827500 5.704463 1.301113
v 0.810695 5.683584 1.297765
v 0.798208 5.659762 1.295277
v 0.790518 5.633915 1.293744
v 0.787921 5.607035 1.293226
v 0.790518 5.580154 1.293744
v 0.798208 5.554307 1.295277
v 0.810695 5.530486 1.297765
v 0.827500 5.509606 1.301113
v 0.847976 5.492471 1.305195
v 0.871338 5.479738 1.309850
v 0.896688 5.471898 1.314902
v 0.898218 5.742172 1.309860
v 0.874342 5.734331 1.299960
v 0.852337 5.721598 1.290836
v 0.833050 5.704463 1.282839
v 0.817222 5.683584 1.276276
v 0.805460 5.659762 1.271399
v 0.798217 5.633915 1.268396
v 0.795772 5.607035 1.267382
v 0.798217 5.580154 1.268396
v 0.805460 5.554307 1.271399
v 0.817222 5.530486 1.276276
v 0.833050 5.509606 1.282839
v 0.852337 5.492471 1.290836
v 0.874342 5.479738 1.299960
v 0.898218 5.471898 1.309860
v 0.900704 5.742172 1.305214
v 0.879218 5.734331 1.290846
v 0.859416 5.721598 1.277604
v 0.842060 5.704463 1.265999
v 0.827816 5.683584 1.256473
v 0.817232 5.659762 1.249396
v 0.810714 5.633915 1.245037
v 0.808513 5.607035 1.243565
v 0.810714 5.580154 1.245037
v 0.817232 5.554307 1.249396
v 0.827816 5.530486 1.256473
v 0.842060 5.509606 1.265999
v 0.859416 5.492471 1.277604
v 0.879218 5.479738 1.290846
v 0.900704 5.471898 1.305214
v 0.904049 5.742172 1.301141
v 0.885778 5.734331 1.282858
v 0.868940 5.721598 1.266008
v 0.854182 5.704463 1.251239
v 0.842070 5.683584 1.239118
v 0.833069 5.659762 1.230111
v 0.827527 5.633915 1.224564
v 0.825656 5.607035 1.222692
v 0.827527 5.580154 1.224564
v 0.833069 5.554307 1.230111
v 0.842070 5.530486 1.239118
v 0.854182 5.509606 1.251239
v 0.868940 5.492471 1.266008
v 0.885778 5.479738 1.282858
v 0.904049 5.471898 1.301141
v 0.908124 5.742172 1.297801
v 0.893771 5.734331 1.276303
v 0.880544 5.721598 1.256492
v 0.868950 5.704463 1.239127
v 0.859435 5.683584 1.224877
v 0.852365 5.659762 1.214287
v 0.848011 5.633915 1.207766
v 0.846542 5.607035 1.205564
v 0.848011 5.580154 1.207766
v 0.852365 5.554307 1.214287
v 0.859435 5.530486 1.224877
v 0.868950 5.509606 1.239127
v 0.880544 5.492471 1.256492
v 0.893771 5.479738 1.276303
v 0.908124 5.471898 1.297801
v 0.912772 5.742172 1.295318
v 0.902888 5.734331 1.271435
v 0.893780 5.721598 1.249423
v 0.885797 5.704463 1.230130
v 0.879246 5.683584 1.214297
v 0.874377 5.659762 1.202531
v 0.871380 5.633915 1.195286
v 0.870368 5.607035 1.192841
v 0.871380 5.580154 1.195286
v 0.874377 5.554307 1.202531
v 0.879246 5.530486 1.214297
v 0.885797 5.509606 1.230130
v 0.893780 5.492471 1.249423
v 0.902888 5.479738 1.271435
v 0.912772 5.471898 1.295318
v 0.917814 5.742172 1.293790
v 0.912781 5.734331 1.268437
v 0.908143 5.721598 1.245072
v 0.904076 5.704463 1.224592
v 0.900739 5.683584 1.207785
v 0.898260 5.659762 1.195296
v 0.896734 5.633915 1.187605
v 0.896217 5.607035 1.185009
v 0.896734 5.580154 1.187605
v 0.898260 5.554307 1.195296
v 0.900739 5.530486 1.207785
v 0.904076 5.509606 1.224592
v 0.908143 5.492471 1.245072
v 0.912781 5.479738 1.268437
v 0.917814 5.471898 1.293790
v 0.923059 5.742172 1.293275
v 0.923069 5.734331 1.267428
v 0.923077 5.721598 1.243607
v 0.923085 5.704463 1.222727
v 0.923091 5.683584 1.205592
v 0.923096 5.659762 1.192860
v 0.923098 5.633915 1.185019
v 0.923100 5.607035 1.182371
v 0.923098 5.580154 1.185019
v 0.923096 5.554307 1.192859
v 0.923091 5.530486 1.205592
v 0.923085 5.509606 1.222727
v 0.923077 5.492471 1.243607
v 0.923069 5.479738 1.267428
v 0.923059 5.471898 1.293275
v 0.928303 5.742172 1.293794
v 0.933354 5.734331 1.268445
v 0.938011 5.721598 1.245083
v 0.942091 5.704463 1.224606
v 0.945440 5.683584 1.207801
v 0.947929 5.659762 1.195314
v 0.949461 5.633915 1.187624
v 0.949978 5.607035 1.185029
v 0.949461 5.580154 1.187624
v 0.947929 5.554307 1.195314
v 0.945440 5.530486 1.207801
v 0.942091 5.509606 1.224606
v 0.938011 5.492471 1.245083
v 0.933354 5.479738 1.268445
v 0.928303 5.471898 1.293794
v 0.933345 5.742172 1.295326
v 0.943245 5.734331 1.271449
v 0.952369 5.721598 1.249444
v 0.960366 5.704463 1.230157
v 0.966929 5.683584 1.214329
v 0.971806 5.659762 1.202566
v 0.974809 5.633915 1.195323
v 0.975823 5.607035 1.192879
v 0.974809 5.580154 1.195323
v 0.971806 5.554307 1.202566
v 0.966929 5.530486 1.214329
v 0.960366 5.509606 1.230157
v 0.952369 5.492471 1.249444
v 0.943245 5.479738 1.271449
v 0.933345 5.471898 1.295326
v 0.937992 5.742172 1.297811
v 0.952360 5.734331 1.276325
v 0.965601 5.721598 1.256523
v 0.977207 5.704463 1.239166
v 0.986732 5.683584 1.224923
v 0.993810 5.659762 1.214338
v 0.998168 5.633915 1.207820
v 0.999640 5.607035 1.205620
v 0.998168 5.580154 1.207820
v 0.993810 5.554307 1.214338
v 0.986732 5.530486 1.224923
v 0.977207 5.509606 1.239166
v 0.965601 5.492471 1.256523
v 0.952360 5.479738 1.276325
v 0.937992 5.471898 1.297811
v 0.942064 5.742172 1.301155
v 0.960347 5.734331 1.282885
v 0.977197 5.721598 1.266047
v 0.991967 5.704463 1.251289
v 1.004087 5.683584 1.239176
v 1.013094 5.659762 1.230176
v 1.018640 5.633915 1.224634
v 1.020513 5.607035 1.222762
v 1.018640 5.580154 1.224634
v 1.013094 5.554307 1.230176
v 1.004087 5.530486 1.239176
v 0.991967 5.509606 1.251289
v 0.977197 5.492471 1.266047
v 0.960347 5.479738 1.282885
v 0.942064 5.471898 1.301155
v 0.945405 5.742172 1.305230
v 0.966901 5.734331 1.290878
v 0.986713 5.721598 1.277650
v 1.004077 5.704463 1.266057
v 1.018329 5.683584 1.256542
v 1.028918 5.659762 1.249472
v 1.035439 5.633915 1.245118
v 1.037640 5.607035 1.243648
v 1.035439 5.580154 1.245118
v 1.028918 5.554307 1.249472
v 1.018329 5.530486 1.256542
v 1.004077 5.509606 1.266057
v 0.986713 5.492471 1.277650
v 0.966901 5.479738 1.290878
v 0.945405 5.471898 1.305230
v 0.947887 5.742172 1.309878
v 0.971771 5.734331 1.299995
v 0.993782 5.721598 1.290887
v 1.013075 5.704463 1.282904
v 1.028908 5.683584 1.276352
v 1.040673 5.659762 1.271484
v 1.047918 5.633915 1.268486
v 1.050365 5.607035 1.267474
v 1.047918 5.580154 1.268486
v 1.040673 5.554307 1.271484
v 1.028908 5.530486 1.276352
v 1.013075 5.509606 1.282904
v 0.993782 5.492471 1.290887
v 0.971771 5.479738 1.299995
v 0.947887 5.471898 1.309878
v 0.949414 5.742172 1.314921
v 0.974767 5.734331 1.309888
v 0.998133 5.721598 1.305249
v 1.018613 5.704463 1.301182
v 1.035420 5.683584 1.297847
v 1.047909 5.659762 1.295367
v 1.055599 5.633915 1.293840
v 1.058195 5.607035 1.293324
v 1.055599 5.580154 1.293840
v 1.047909 5.554307 1.295367
v 1.035420 5.530486 1.297847
v 1.018613 5.509606 1.301182
v 0.998133 5.492471 1.305249
v 0.974767 5.479738 1.309888
v 0.949415 5.471898 1.314921
v 0.949930 5.742172 1.320166
v 0.975777 5.734331 1.320175
v 0.999599 5.721598 1.320184
v 1.020478 5.704463 1.320191
v 1.037613 5.683584 1.320197
v 1.050346 5.659762 1.320202
v 1.058187 5.633915 1.320205
v 1.060834 5.607035 1.320206
v 1.058187 5.580154 1.320205
v 1.050346 5.554307 1.320202
v 1.037613 5.530486 1.320197
v 1.020478 5.509606 1.320191
v 0.999599 5.492471 1.320184
v 0.975777 5.479738 1.320175
v 0.949930 5.471898 1.320166
v 0.949411 5.742172 1.325409
v 0.974760 5.734331 1.330461
v 0.998122 5.721598 1.335117
v 1.018599 5.704463 1.339197
v 1.035404 5.683584 1.342546
v 1.047891 5.659762 1.345035
v 1.055580 5.633915 1.346568
v 1.058176 5.607035 1.347085
v 1.055580 5.580154 1.346568
v 1.047891 5.554307 1.345035
v 1.035404 5.530486 1.342546
v 1.018599 5.509606 1.339197
v 0.998122 5.492471 1.335117
v 0.974760 5.479738 1.330461
v 0.949411 5.471898 1.325409
v 0.947880 5.742172 1.330451
v 0.971756 5.734331 1.340351
v 0.993761 5.721598 1.349475
v 1.013048 5.704463 1.357472
v 1.028876 5.683584 1.364035
v 1.040638 5.659762 1.368912
v 1.047881 5.633915 1.371916
v 1.050327 5.607035 1.372930
v 1.047881 5.580154 1.371916
v 1.040638 5.554307 1.368912
v 1.028876 5.530486 1.364035
v 1.013048 5.509606 1.357472
v 0.993761 5.492471 1.349475
v 0.971756 5.479738 1.340351
v 0.947880 5.471898 1.330451
v 0.945394 5.742172 1.335098
v 0.966880 5.734331 1.349466
v 0.986682 5.721598 1.362707
v 1.004038 5.704463 1.374313
v 1.018283 5.683584 1.383838
v 1.028867 5.659762 1.390916
v 1.035385 5.633915 1.395274
v 1.037585 5.607035 1.396746
v 1.035385 5.580154 1.395274
v 1.028867 5.554307 1.390916
v 1.018283 5.530486 1.383838
v 1.004038 5.509606 1.374313
v 0.986682 5.492471 1.362707
v 0.966880 5.479738 1.349466
v 0.945394 5.471898 1.335098
v 0.942050 5.742172 1.339170
v 0.960320 5.734331 1.357453
v 0.977158 5.721598 1.374303
v 0.991917 5.704463 1.389073
v 1.004028 5.683584 1.401193
v 1.013029 5.659762 1.410200
v 1.018571 5.633915 1.415746
v 1.020442 5.607035 1.417619
v 1.018571 5.580154 1.415746
v 1.013029 5.554307 1.410200
v 1.004028 5.530486 1.401193
v 0.991917 5.509606 1.389073
v 0.977158 5.492471 1.374303
v 0.960320 5.479738 1.357453
v 0.942050 5.471898 1.339170
v 0.937976 5.742172 1.342511
v 0.952328 5.734331 1.364007
v 0.965555 5.721598 1.383819
v 0.977148 5.704463 1.401183
v 0.986663 5.683584 1.415435
v 0.993733 5.659762 1.426024
v 0.998087 5.633915 1.432545
v 0.999556 5.607035 1.434747
v 0.998087 5.580154 1.432545
v 0.993733 5.554307 1.426024
v 0.986663 5.530486 1.415435
v 0.977148 5.509606 1.401183
v 0.965555 5.492471 1.383819
v 0.952328 5.479738 1.364007
v 0.937975 5.471898 1.342511
v 0.923050 5.744819 1.320156
v 0.933327 5.742172 1.344994
v 0.943210 5.734331 1.368877
v 0.952318 5.721598 1.390888
v 0.960301 5.704463 1.410181
v 0.966852 5.683584 1.426015
v 0.971721 5.659762 1.437779
v 0.974719 5.633915 1.445024
v 0.975731 5.607035 1.447471
v 0.974719 5.580154 1.445024
v 0.971721 5.554307 1.437779
v 0.966852 5.530486 1.426015
v 0.960301 5.509606 1.410181
v 0.952318 5.492471 1.390888
v 0.943210 5.479738 1.368877
v 0.933327 5.471898 1.344994
v 0.928284 5.742172 1.346522
v 0.933317 5.734331 1.371875
v 0.937955 5.721598 1.395239
v 0.942022 5.704463 1.415719
v 0.945359 5.683584 1.432526
v 0.947839 5.659762 1.445015
v 0.949365 5.633915 1.452705
v 0.949881 5.607035 1.455303
v 0.949365 5.580154 1.452705
v 0.947839 5.554307 1.445015
v 0.945359 5.530486 1.432526
v 0.942022 5.509606 1.415719
v 0.937955 5.492471 1.395239
v 0.933317 5.479738 1.371875
v 0.928284 5.471898 1.346522
v 0.923040 5.742172 1.347036
v 0.923031 5.734331 1.372884
v 0.923022 5.721598 1.396705
v 0.923014 5.704463 1.417584
v 0.923008 5.683584 1.434719
v 0.923004 5.659762 1.447452
v 0.923001 5.633915 1.455293
v 0.922999 5.607035 1.457940
v 0.923001 5.580154 1.455293
v 0.923004 5.554307 1.447452
v 0.923008 5.530486 1.434719
v 0.923014 5.509606 1.417584
v 0.923022 5.492471 1.396705
v 0.923031 5.479738 1.372884
v 0.923040 5.471898 1.347036
v 0.917795 5.742172 1.346518
v 0.912744 5.734331 1.371866
v 0.908088 5.721598 1.395228
v 0.904007 5.704463 1.415705
v 0.900658 5.683584 1.432510
v 0.898170 5.659762 1.444997
v 0.896638 5.633915 1.452686
v 0.896120 5.607035 1.455283
v 0.896638 5.580154 1.452686
v 0.898170 5.554307 1.444997
v 0.900658 5.530486 1.432510
v 0.904007 5.509606 1.415705
v 0.908089 5.492471 1.395228
v 0.912744 5.479738 1.371866
v 0.917795 5.471898 1.346518
v 0.912754 5.742172 1.344986
v 0.902853 5.734331 1.368863
v 0.893729 5.721598 1.390867
v 0.885732 5.704463 1.410154
v 0.879169 5.683584 1.425983
v 0.874292 5.659762 1.437744
v 0.871289 5.633915 1.444987
v 0.870276 5.607035 1.447433
v 0.871289 5.580154 1.444987
v 0.874292 5.554307 1.437744
v 0.879169 5.530486 1.425983
v 0.885732 5.509606 1.410154
v 0.893729 5.492471 1.390867
v 0.902853 5.479738 1.368863
v 0.912754 5.471898 1.344986
v 0.908108 5.742172 1.342500
v 0.893739 5.734331 1.363986
v 0.880498 5.721598 1.383789
v 0.868891 5.704463 1.401144
v 0.859366 5.683584 1.415389
v 0.852289 5.659762 1.425973
v 0.847930 5.633915 1.432491
v 0.846459 5.607035 1.434691
v 0.847930 5.580154 1.432491
v 0.852288 5.554307 1.425973
v 0.859366 5.530486 1.415389
v 0.868891 5.509606 1.401144
v 0.880498 5.492471 1.383789
v 0.893739 5.479738 1.363986
v 0.908108 5.471898 1.342500
v 0.904035 5.742172 1.339156
v 0.885751 5.734331 1.357426
v 0.868901 5.721598 1.374264
v 0.854132 5.704463 1.389023
v 0.842011 5.683584 1.401134
v 0.833004 5.659762 1.410135
v 0.827458 5.633915 1.415677
v 0.825585 5.607035 1.417549
v 0.827458 5.580154 1.415677
v 0.833004 5.554307 1.410135
v 0.842011 5.530486 1.401134
v 0.854132 5.509606 1.389023
v 0.868901 5.492471 1.374264
v 0.885751 5.479738 1.357426
v 0.904035 5.471898 1.339156
v 0.900693 5.742172 1.335082
v 0.879197 5.734331 1.349434
v 0.859385 5.721598 1.362661
v 0.842021 5.704463 1.374254
v 0.827770 5.683584 1.383770
v 0.817181 5.659762 1.390840
v 0.810660 5.633915 1.395193
v 0.808458 5.607035 1.396663
v 0.810660 5.580154 1.395193
v 0.817181 5.554307 1.390840
v 0.827770 5.530486 1.383770
v 0.842021 5.509606 1.374254
v 0.859385 5.492471 1.362661
v 0.879197 5.479738 1.349434
v 0.900693 5.471898 1.335082
v 0.898211 5.742172 1.330433
v 0.874327 5.734331 1.340316
v 0.852317 5.721598 1.349424
v 0.833023 5.704463 1.357407
v 0.817191 5.683584 1.363959
v 0.805425 5.659762 1.368827
v 0.798180 5.633915 1.371825
v 0.795734 5.607035 1.372838
v 0.798180 5.580154 1.371825
v 0.805425 5.554307 1.368827
v 0.817191 5.530486 1.363959
v 0.833023 5.509606 1.357407
v 0.852317 5.492471 1.349424
v 0.874327 5.479738 1.340316
v 0.898211 5.471898 1.330433
v 0.896684 5.742172 1.325390
v 0.871331 5.734331 1.330423
v 0.847965 5.721598 1.335063
v 0.827486 5.704463 1.339128
v 0.810679 5.683584 1.342465
v 0.798190 5.659762 1.344945
v 0.790499 5.633915 1.346472
v 0.787903 5.607035 1.346987
v 0.790499 5.580154 1.346472
v 0.798190 5.554307 1.344945
v 0.810679 5.530486 1.342465
v 0.827486 5.509606 1.339128
v 0.847965 5.492471 1.335063
v 0.871331 5.479738 1.330423
v 0.896684 5.471898 1.325390
v 0.785265 5.607035 1.320106
v 0.787913 5.580154 1.320107
v 0.795753 5.554307 1.320110
v 0.870322 5.479738 1.320137
v 0.896169 5.471898 1.320146
v 0.923050 5.469250 1.320156
vn -0.8333 0.5528 -0.0003
vn -0.7101 0.7041 -0.0003
vn -0.6964 0.7041 -0.1388
vn -0.8173 0.5528 -0.1629
vn -0.5598 -0.8287 -0.0002
vn -0.7101 -0.7041 -0.0003
vn -0.6965 -0.7041 -0.1388
vn -0.5490 -0.8286 -0.1094
vn -0.9248 0.3805 -0.0003
vn -0.9069 0.3805 -0.1807
vn -0.3879 -0.9217 -0.0001
vn -0.3804 -0.9217 -0.0758
vn -0.9810 0.1939 -0.0003
vn -0.9621 0.1939 -0.1917
vn -0.2010 -0.9796 -0.0001
vn -0.1971 -0.9796 -0.0393
vn -1.0000 -0.0000 -0.0004
vn -0.9807 -0.0000 -0.1954
vn -0.2010 0.9796 -0.0001
vn -0.0000 1.0000 -0.0000
vn -0.1971 0.9796 -0.0393
vn -0.0000 -1.0000 -0.0000
vn -0.9810 -0.1939 -0.0003
vn -0.9621 -0.1939 -0.1917
vn -0.3879 0.9217 -0.0001
vn -0.3804 0.9217 -0.0758
vn -0.9248 -0.3805 -0.0003
vn -0.9069 -0.3805 -0.1807
vn -0.5598 0.8286 -0.0002
vn -0.5490 0.8286 -0.1094
vn -0.8333 -0.5528 -0.0003
vn -0.8173 -0.5528 -0.1629
vn -0.8542 -0.3805 -0.3542
vn -0.7698 -0.5528 -0.3192
vn -0.5171 0.8286 -0.2144
vn -0.6560 0.7041 -0.2720
vn -0.6560 -0.7041 -0.2720
vn -0.7698 0.5528 -0.3192
vn -0.5171 -0.8286 -0.2144
vn -0.8542 0.3805 -0.3542
vn -0.3583 -0.9217 -0.1486
vn -0.9062 0.1939 -0.3757
vn -0.1856 -0.9796 -0.0770
vn -0.9237 -0.0000 -0.3830
vn -0.1857 0.9796 -0.0770
vn -0.9062 -0.1939 -0.3758
vn -0.3583 0.9217 -0.1486
vn -0.3224 -0.9217 -0.2156
vn -0.1670 -0.9796 -0.1117
vn -0.8155 0.1939 -0.5453
vn -0.8313 -0.0000 -0.5559
vn -0.1671 0.9796 -0.1117
vn -0.8155 -0.1939 -0.5453
vn -0.3224 0.9217 -0.2156
vn -0.7687 -0.3805 -0.5140
vn -0.4653 0.8286 -0.3112
vn -0.6927 -0.5528 -0.4632
vn -0.5903 0.7041 -0.3947
vn -0.5903 -0.7041 -0.3947
vn -0.6927 0.5528 -0.4632
vn -0.4653 -0.8286 -0.3112
vn -0.7687 0.3805 -0.5140
vn -0.5891 -0.5528 -0.5895
vn -0.5020 -0.7041 -0.5023
vn -0.5020 0.7041 -0.5023
vn -0.5891 0.5528 -0.5895
vn -0.3957 -0.8287 -0.3960
vn -0.6537 0.3805 -0.6541
vn -0.2742 -0.9217 -0.2744
vn -0.6934 0.1939 -0.6939
vn -0.1420 -0.9796 -0.1422
vn -0.7069 -0.0000 -0.7074
vn -0.1421 0.9796 -0.1422
vn -0.6934 -0.1939 -0.6939
vn -0.2742 0.9217 -0.2744
vn -0.6537 -0.3806 -0.6541
vn -0.3957 0.8286 -0.3960
vn -0.1116 0.9796 -0.1671
vn -0.1116 -0.9796 -0.1671
vn -0.5553 -0.0000 -0.8317
vn -0.5447 -0.1939 -0.8159
vn -0.2154 0.9217 -0.3226
vn -0.5135 -0.3806 -0.7691
vn -0.3108 0.8286 -0.4655
vn -0.4627 -0.5528 -0.6931
vn -0.3943 0.7041 -0.5906
vn -0.3943 -0.7041 -0.5906
vn -0.4627 0.5528 -0.6931
vn -0.3108 -0.8286 -0.4655
vn -0.5135 0.3805 -0.7691
vn -0.2154 -0.9217 -0.3226
vn -0.5447 0.1939 -0.8159
vn -0.2715 0.7041 -0.6562
vn -0.3186 0.5528 -0.7700
vn -0.2715 -0.7041 -0.6562
vn -0.2140 -0.8286 -0.5172
vn -0.3536 0.3805 -0.8545
vn -0.1483 -0.9217 -0.3584
vn -0.3751 0.1939 -0.9065
vn -0.0768 -0.9796 -0.1857
vn -0.3823 -0.0000 -0.9240
vn -0.0769 0.9796 -0.1857
vn -0.3751 -0.1939 -0.9065
vn -0.1483 0.9217 -0.3584
vn -0.3536 -0.3805 -0.8545
vn -0.2140 0.8286 -0.5172
vn -0.3186 -0.5528 -0.7700
vn -0.1947 -0.0000 -0.9809
vn -0.1910 -0.1939 -0.9622
vn -0.0391 0.9796 -0.1971
vn -0.0755 0.9217 -0.3805
vn -0.1801 -0.3805 -0.9071
vn -0.1090 0.8286 -0.5491
vn -0.1623 -0.5528 -0.8174
vn -0.1383 0.7041 -0.6965
vn -0.1383 -0.7041 -0.6965
vn -0.1623 0.5528 -0.8174
vn -0.1090 -0.8287 -0.5490
vn -0.1801 0.3805 -0.9071
vn -0.0756 -0.9217 -0.3805
vn -0.1910 0.1939 -0.9622
vn -0.0391 -0.9796 -0.1971
vn 0.0003 -0.7041 -0.7101
vn 0.0002 -0.8287 -0.5598
vn 0.0003 0.5528 -0.8333
vn 0.0003 0.3805 -0.9248
vn 0.0001 -0.9217 -0.3879
vn 0.0004 0.1939 -0.9810
vn 0.0001 -0.9796 -0.2010
vn 0.0004 -0.0000 -1.0000
vn 0.0001 0.9796 -0.2010
vn 0.0004 -0.1939 -0.9810
vn 0.0001 0.9217 -0.3879
vn 0.0003 -0.3805 -0.9248
vn 0.0002 0.8286 -0.5598
vn 0.0003 -0.5528 -0.8333
vn 0.0003 0.7041 -0.7101
vn 0.0393 0.9796 -0.1971
vn 0.0758 0.9217 -0.3804
vn 0.1917 -0.1939 -0.9621
vn 0.1807 -0.3805 -0.9069
vn 0.1094 0.8286 -0.5490
vn 0.1629 -0.5528 -0.8173
vn 0.1388 0.7041 -0.6964
vn 0.1388 -0.7041 -0.6964
vn 0.1629 0.5528 -0.8173
vn 0.1094 -0.8287 -0.5490
vn 0.1807 0.3805 -0.9069
vn 0.0758 -0.9217 -0.3804
vn 0.1917 0.1939 -0.9621
vn 0.0393 -0.9796 -0.1971
vn 0.1954 -0.0000 -0.9807
vn 0.3192 0.5528 -0.7698
vn 0.3542 0.3805 -0.8542
vn 0.2144 -0.8286 -0.5171
vn 0.1486 -0.9217 -0.3583
vn 0.3757 0.1939 -0.9062
vn 0.0769 -0.9796 -0.1856
vn 0.3830 -0.0000 -0.9237
vn 0.0770 0.9796 -0.1856
vn 0.3757 -0.1939 -0.9062
vn 0.1486 0.9217 -0.3583
vn 0.3542 -0.3805 -0.8542
vn 0.2144 0.8286 -0.5171
vn 0.3192 -0.5528 -0.7698
vn 0.2720 0.7041 -0.6560
vn 0.2720 -0.7041 -0.6560
vn 0.5453 -0.1939 -0.8155
vn 0.5141 -0.3806 -0.7687
vn 0.2156 0.9217 -0.3224
vn 0.3112 0.8286 -0.4653
vn 0.4632 -0.5528 -0.6927
vn 0.3947 0.7041 -0.5903
vn 0.3948 -0.7041 -0.5903
vn 0.4632 0.5528 -0.6927
vn 0.3112 -0.8286 -0.4653
vn 0.5141 0.3805 -0.7687
vn 0.2156 -0.9217 -0.3224
vn 0.5453 0.1939 -0.8155
vn 0.1117 -0.9796 -0.1671
vn 0.5559 -0.0000 -0.8313
vn 0.1117 0.9796 -0.1671
vn 0.3960 -0.8286 -0.3957
vn 0.2744 -0.9217 -0.2742
vn 0.6541 0.3805 -0.6537
vn 0.6939 0.1939 -0.6934
vn 0.1421 -0.9796 -0.1421
vn 0.7074 -0.0000 -0.7068
vn 0.1421 0.9796 -0.1421
vn 0.6939 -0.1939 -0.6934
vn 0.2744 0.9217 -0.2742
vn 0.6541 -0.3805 -0.6537
vn 0.3960 0.8286 -0.3957
vn 0.5895 -0.5528 -0.5890
vn 0.5023 0.7041 -0.5020
vn 0.5023 -0.7041 -0.5020
vn 0.5895 0.5528 -0.5890
vn 0.7691 -0.3805 -0.5135
vn 0.6931 -0.5528 -0.4627
vn 0.4656 0.8286 -0.3108
vn 0.5906 0.7041 -0.3943
vn 0.5906 -0.7041 -0.3943
vn 0.6931 0.5528 -0.4627
vn 0.4655 -0.8286 -0.3108
vn 0.7691 0.3805 -0.5135
vn 0.3226 -0.9217 -0.2154
vn 0.8159 0.1939 -0.5447
vn 0.1671 -0.9796 -0.1116
vn 0.8317 -0.0000 -0.5553
vn 0.1671 0.9796 -0.1116
vn 0.8159 -0.1939 -0.5447
vn 0.3226 0.9217 -0.2154
vn 0.3584 -0.9217 -0.1483
vn 0.1857 -0.9796 -0.0768
vn 0.9065 0.1939 -0.3751
vn 0.9240 -0.0000 -0.3823
vn 0.1857 0.9796 -0.0768
vn 0.9065 -0.1939 -0.3751
vn 0.3584 0.9217 -0.1483
vn 0.8545 -0.3805 -0.3536
vn 0.5172 0.8286 -0.2140
vn 0.7700 -0.5528 -0.3186
vn 0.6562 0.7041 -0.2715
vn 0.6562 -0.7041 -0.2715
vn 0.7700 0.5528 -0.3186
vn 0.5172 -0.8286 -0.2140
vn 0.8545 0.3805 -0.3536
vn 0.5491 0.8286 -0.1090
vn 0.6965 0.7041 -0.1383
vn 0.8174 -0.5528 -0.1623
vn 0.6965 -0.7041 -0.1383
vn 0.8174 0.5528 -0.1623
vn 0.5491 -0.8286 -0.1090
vn 0.9071 0.3805 -0.1801
vn 0.3805 -0.9217 -0.0755
vn 0.9622 0.1939 -0.1910
vn 0.1971 -0.9796 -0.0391
vn 0.9809 -0.0000 -0.1947
vn 0.1971 0.9796 -0.0391
vn 0.9622 -0.1939 -0.1910
vn 0.3805 0.9217 -0.0755
vn 0.9071 -0.3805 -0.1801
vn 0.9810 0.1939 0.0004
vn 1.0000 -0.0000 0.0004
vn 0.2010 0.9796 0.0001
vn 0.2010 -0.9796 0.0001
vn 0.9810 -0.1939 0.0004
vn 0.3879 0.9217 0.0001
vn 0.9248 -0.3805 0.0003
vn 0.5598 0.8286 0.0002
vn 0.8333 -0.5528 0.0003
vn 0.7101 0.7041 0.0003
vn 0.7101 -0.7041 0.0003
vn 0.8333 0.5528 0.0003
vn 0.5598 -0.8287 0.0002
vn 0.9248 0.3805 0.0003
vn 0.3879 -0.9217 0.0001
vn 0.8173 -0.5528 0.1629
vn 0.6965 -0.7041 0.1388
vn 0.6964 0.7041 0.1388
vn 0.8173 0.5528 0.1629
vn 0.5490 -0.8287 0.1094
vn 0.9069 0.3805 0.1807
vn 0.3804 -0.9217 0.0758
vn 0.9621 0.1939 0.1917
vn 0.1971 -0.9796 0.0393
vn 0.9807 -0.0000 0.1954
vn 0.1971 0.9796 0.0393
vn 0.9621 -0.1939 0.1917
vn 0.3804 0.9217 0.0758
vn 0.9069 -0.3805 0.1807
vn 0.5490 0.8286 0.1094
vn 0.1857 0.9796 0.0770
vn 0.1856 -0.9796 0.0770
vn 0.9237 -0.0000 0.3830
vn 0.9062 -0.1939 0.3757
vn 0.3583 0.9217 0.1486
vn 0.8542 -0.3806 0.3542
vn 0.5171 0.8286 0.2144
vn 0.7698 -0.5528 0.3192
vn 0.6560 0.7041 0.2720
vn 0.6560 -0.7041 0.2720
vn 0.7698 0.5528 0.3192
vn 0.5171 -0.8286 0.2144
vn 0.8542 0.3805 0.3542
vn 0.3583 -0.9217 0.1486
vn 0.9062 0.1939 0.3757
vn 0.5903 0.7041 0.3947
vn 0.6927 0.5528 0.4632
vn 0.5903 -0.7041 0.3948
vn 0.4653 -0.8286 0.3112
vn 0.7687 0.3805 0.5140
vn 0.3224 -0.9217 0.2156
vn 0.8155 0.1939 0.5453
vn 0.1670 -0.9796 0.1117
vn 0.8313 -0.0000 0.5559
vn 0.1671 0.9796 0.1117
vn 0.8155 -0.1939 0.5453
vn 0.3224 0.9217 0.2156
vn 0.7687 -0.3805 0.5140
vn 0.4653 0.8286 0.3112
vn 0.6927 -0.5528 0.4632
vn 0.7068 -0.0000 0.7074
vn 0.6934 -0.1939 0.6939
vn 0.1421 0.9796 0.1422
vn 0.2742 0.9217 0.2744
vn 0.6537 -0.3805 0.6541
vn 0.3957 0.8286 0.3960
vn 0.5890 -0.5528 0.5895
vn 0.5020 0.7041 0.5023
vn 0.5020 -0.7041 0.5023
vn 0.5890 0.5528 0.5895
vn 0.3957 -0.8286 0.3960
vn 0.6537 0.3805 0.6541
vn 0.2742 -0.9217 0.2744
vn 0.6934 0.1939 0.6939
vn 0.1421 -0.9796 0.1422
vn 0.3943 -0.7041 0.5906
vn 0.3108 -0.8286 0.4655
vn 0.4627 0.5528 0.6931
vn 0.5135 0.3805 0.7691
vn 0.2154 -0.9217 0.3226
vn 0.5447 0.1939 0.8159
vn 0.1116 -0.9796 0.1671
vn 0.5553 -0.0000 0.8317
vn 0.1116 0.9796 0.1671
vn 0.5447 -0.1939 0.8159
vn 0.2154 0.9217 0.3226
vn 0.5135 -0.3805 0.7691
vn 0.3108 0.8286 0.4655
vn 0.4627 -0.5528 0.6931
vn 0.3943 0.7041 0.5906
vn 0.3751 -0.1939 0.9065
vn 0.3536 -0.3805 0.8545
vn 0.1483 0.9217 0.3584
vn 0.2140 0.8286 0.5172
vn 0.3186 -0.5528 0.7700
vn 0.2715 0.7041 0.6562
vn 0.2715 -0.7041 0.6562
vn 0.3186 0.5528 0.7700
vn 0.2140 -0.8286 0.5172
vn 0.3536 0.3805 0.8545
vn 0.1483 -0.9217 0.3584
vn 0.3751 0.1939 0.9065
vn 0.0769 -0.9796 0.1857
vn 0.3824 -0.0000 0.9240
vn 0.0769 0.9796 0.1857
vn 0.1090 -0.8286 0.5491
vn 0.0756 -0.9217 0.3805
vn 0.1801 0.3805 0.9071
vn 0.1910 0.1939 0.9622
vn 0.0392 -0.9796 0.1971
vn 0.1947 -0.0000 0.9809
vn 0.0391 0.9796 0.1971
vn 0.1910 -0.1939 0.9622
vn 0.0755 0.9217 0.3805
vn 0.1801 -0.3805 0.9071
vn 0.1090 0.8286 0.5491
vn 0.1623 -0.5528 0.8174
vn 0.1383 0.7041 0.6965
vn 0.1383 -0.7041 0.6965
vn 0.1623 0.5528 0.8174
vn -0.0001 0.9217 0.3879
vn -0.0002 0.8286 0.5598
vn -0.0003 -0.3805 0.9248
vn -0.0003 -0.5528 0.8333
vn -0.0003 0.7041 0.7101
vn -0.0003 -0.7041 0.7101
vn -0.0003 0.5528 0.8333
vn -0.0002 -0.8286 0.5598
vn -0.0003 0.3805 0.9248
vn -0.0002 -0.9217 0.3879
vn -0.0004 0.1939 0.9810
vn -0.0001 -0.9796 0.2010
vn -0.0004 -0.0000 1.0000
vn -0.0001 0.9796 0.2010
vn -0.0004 -0.1939 0.9810
vn -0.1807 0.3805 0.9069
vn -0.1917 0.1939 0.9621
vn -0.0758 -0.9217 0.3804
vn -0.0393 -0.9796 0.1971
vn -0.1954 -0.0000 0.9807
vn -0.0393 0.9796 0.1971
vn -0.1917 -0.1939 0.9621
vn -0.0758 0.9217 0.3804
vn -0.1807 -0.3805 0.9069
vn -0.1094 0.8286 0.5490
vn -0.1629 -0.5528 0.8173
vn -0.1388 0.7041 0.6964
vn -0.1388 -0.7041 0.6964
vn -0.1629 0.5528 0.8173
vn -0.1094 -0.8286 0.5490
vn -0.3542 -0.3805 0.8542
vn -0.3192 -0.5528 0.7698
vn -0.2144 0.8286 0.5171
vn -0.2720 0.7041 0.6560
vn -0.2720 -0.7041 0.6560
vn -0.3192 0.5528 0.7698
vn -0.2144 -0.8286 0.5171
vn -0.3542 0.3805 0.8542
vn -0.1486 -0.9217 0.3583
vn -0.3757 0.1939 0.9062
vn -0.0770 -0.9796 0.1856
vn -0.3830 -0.0000 0.9237
vn -0.0770 0.9796 0.1856
vn -0.3757 -0.1939 0.9062
vn -0.1486 0.9217 0.3583
vn -0.2156 -0.9217 0.3224
vn -0.1117 -0.9796 0.1671
vn -0.5453 0.1939 0.8155
vn -0.5559 -0.0000 0.8313
vn -0.1117 0.9796 0.1671
vn -0.5453 -0.1939 0.8155
vn -0.2156 0.9217 0.3224
vn -0.5140 -0.3805 0.7687
vn -0.3112 0.8286 0.4653
vn -0.4632 -0.5528 0.6927
vn -0.3947 0.7041 0.5903
vn -0.3948 -0.7041 0.5903
vn -0.4632 0.5528 0.6927
vn -0.3112 -0.8286 0.4653
vn -0.5140 0.3805 0.7687
vn -0.3960 0.8286 0.3957
vn -0.5023 0.7041 0.5020
vn -0.5895 -0.5528 0.5890
vn -0.5023 -0.7041 0.5020
vn -0.5895 0.5528 0.5890
vn -0.3960 -0.8286 0.3957
vn -0.6541 0.3805 0.6537
vn -0.2744 -0.9217 0.2742
vn -0.6939 0.1939 0.6934
vn -0.1421 -0.9796 0.1421
vn -0.7074 -0.0000 0.7069
vn -0.1422 0.9796 0.1421
vn -0.6939 -0.1939 0.6934
vn -0.2744 0.9217 0.2742
vn -0.6541 -0.3805 0.6537
vn -0.8159 0.1939 0.5447
vn -0.8317 -0.0000 0.5553
vn -0.1671 0.9796 0.1116
vn -0.1671 -0.9796 0.1116
vn -0.8159 -0.1939 0.5447
vn -0.3226 0.9217 0.2154
vn -0.7691 -0.3805 0.5135
vn -0.4655 0.8286 0.3108
vn -0.6931 -0.5528 0.4627
vn -0.5906 0.7041 0.3943
vn -0.5906 -0.7041 0.3943
vn -0.6931 0.5528 0.4627
vn -0.4655 -0.8286 0.3108
vn -0.7691 0.3805 0.5135
vn -0.3226 -0.9217 0.2154
vn -0.7700 -0.5528 0.3186
vn -0.6562 -0.7041 0.2715
vn -0.6562 0.7041 0.2715
vn -0.7700 0.5528 0.3186
vn -0.5172 -0.8286 0.2140
vn -0.8545 0.3805 0.3536
vn -0.3584 -0.9217 0.1483
vn -0.9065 0.1939 0.3751
vn -0.1857 -0.9796 0.0768
vn -0.9240 -0.0000 0.3823
vn -0.1857 0.9796 0.0768
vn -0.9065 -0.1939 0.3751
vn -0.3584 0.9217 0.1483
vn -0.8545 -0.3805 0.3536
vn -0.5172 0.8286 0.2140
vn -0.1971 -0.9796 0.0391
vn -0.9809 -0.0000 0.1947
vn -0.9622 -0.1939 0.1910
vn -0.1971 0.9796 0.0391
vn -0.3805 0.9217 0.0755
vn -0.9071 -0.3805 0.1801
vn -0.5491 0.8286 0.1090
vn -0.8174 -0.5528 0.1623
vn -0.6965 0.7041 0.1383
vn -0.6965 -0.7041 0.1383
vn -0.8174 0.5528 0.1623
vn -0.5491 -0.8287 0.1090
vn -0.9071 0.3805 0.1801
vn -0.3805 -0.9217 0.0755
vn -0.9622 0.1939 0.1910
vt 0.750000 0.687500
vt 0.750000 0.750000
vt 0.718750 0.750000
vt 0.718750 0.687500
vt 0.750000 0.187500
vt 0.750000 0.250000
vt 0.718750 0.250000
vt 0.718750 0.187500
vt 0.750000 0.625000
vt 0.718750 0.625000
vt 0.750000 0.125000
vt 0.718750 0.125000
vt 0.750000 0.562500
vt 0.718750 0.562500
vt 0.750000 0.062500
vt 0.718750 0.062500
vt 0.750000 0.500000
vt 0.718750 0.500000
vt 0.750000 0.937500
vt 0.734375 1.000000
vt 0.718750 0.937500
vt 0.734375 0.000000
vt 0.750000 0.437500
vt 0.718750 0.437500
vt 0.750000 0.875000
vt 0.718750 0.875000
vt 0.750000 0.375000
vt 0.718750 0.375000
vt 0.750000 0.812500
vt 0.718750 0.812500
vt 0.750000 0.312500
vt 0.718750 0.312500
vt 0.687500 0.375000
vt 0.687500 0.312500
vt 0.687500 0.812500
vt 0.687500 0.750000
vt 0.687500 0.250000
vt 0.687500 0.687500
vt 0.687500 0.187500
vt 0.687500 0.625000
vt 0.687500 0.125000
vt 0.687500 0.562500
vt 0.687500 0.062500
vt 0.687500 0.500000
vt 0.703125 1.000000
vt 0.687500 0.937500
vt 0.703125 0.000000
vt 0.687500 0.437500
vt 0.687500 0.875000
vt 0.656250 0.125000
vt 0.656250 0.062500
vt 0.656250 0.562500
vt 0.656250 0.500000
vt 0.671875 1.000000
vt 0.656250 0.937500
vt 0.671875 0.000000
vt 0.656250 0.437500
vt 0.656250 0.875000
vt 0.656250 0.375000
vt 0.656250 0.812500
vt 0.656250 0.312500
vt 0.656250 0.750000
vt 0.656250 0.250000
vt 0.656250 0.687500
vt 0.656250 0.187500
vt 0.656250 0.625000
vt 0.625000 0.312500
vt 0.625000 0.250000
vt 0.625000 0.750000
vt 0.625000 0.687500
vt 0.625000 0.187500
vt 0.625000 0.625000
vt 0.625000 0.125000
vt 0.625000 0.562500
vt 0.625000 0.062500
vt 0.625000 0.500000
vt 0.640625 1.000000
vt 0.625000 0.937500
vt 0.640625 0.000000
vt 0.625000 0.437500
vt 0.625000 0.875000
vt 0.625000 0.375000
vt 0.625000 0.812500
vt 0.609375 1.000000
vt 0.593750 0.937500
vt 0.609375 0.000000
vt 0.593750 0.062500
vt 0.593750 0.500000
vt 0.593750 0.437500
vt 0.593750 0.875000
vt 0.593750 0.375000
vt 0.593750 0.812500
vt 0.593750 0.312500
vt 0.593750 0.750000
vt 0.593750 0.250000
vt 0.593750 0.687500
vt 0.593750 0.187500
vt 0.593750 0.625000
vt 0.593750 0.125000
vt 0.593750 0.562500
vt 0.562500 0.750000
vt 0.562500 0.687500
vt 0.562500 0.250000
vt 0.562500 0.187500
vt 0.562500 0.625000
vt 0.562500 0.125000
vt 0.562500 0.562500
vt 0.562500 0.062500
vt 0.562500 0.500000
vt 0.578125 1.000000
vt 0.562500 0.937500
vt 0.578125 0.000000
vt 0.562500 0.437500
vt 0.562500 0.875000
vt 0.562500 0.375000
vt 0.562500 0.812500
vt 0.562500 0.312500
vt 0.531250 0.500000
vt 0.531250 0.437500
vt 0.531250 0.937500
vt 0.531250 0.875000
vt 0.531250 0.375000
vt 0.531250 0.812500
vt 0.531250 0.312500
vt 0.531250 0.750000
vt 0.531250 0.250000
vt 0.531250 0.687500
vt 0.531250 0.187500
vt 0.531250 0.625000
vt 0.531250 0.125000
vt 0.531250 0.562500
vt 0.531250 0.062500
vt 0.546875 1.000000
vt 0.546875 0.000000
vt 0.500000 0.250000
vt 0.500000 0.187500
vt 0.500000 0.687500
vt 0.500000 0.625000
vt 0.500000 0.125000
vt 0.500000 0.562500
vt 0.500000 0.062500
vt 0.500000 0.500000
vt 0.515625 1.000000
vt 0.500000 0.937500
vt 0.515625 0.000000
vt 0.500000 0.437500
vt 0.500000 0.875000
vt 0.500000 0.375000
vt 0.500000 0.812500
vt 0.500000 0.312500
vt 0.500000 0.750000
vt 0.468750 0.937500
vt 0.468750 0.875000
vt 0.468750 0.437500
vt 0.468750 0.375000
vt 0.468750 0.812500
vt 0.468750 0.312500
vt 0.468750 0.750000
vt 0.468750 0.250000
vt 0.468750 0.687500
vt 0.468750 0.187500
vt 0.468750 0.625000
vt 0.468750 0.125000
vt 0.468750 0.562500
vt 0.468750 0.062500
vt 0.468750 0.500000
vt 0.484375 1.000000
vt 0.484375 0.000000
vt 0.437500 0.687500
vt 0.437500 0.625000
vt 0.437500 0.187500
vt 0.437500 0.125000
vt 0.437500 0.562500
vt 0.437500 0.062500
vt 0.437500 0.500000
vt 0.453125 1.000000
vt 0.437500 0.937500
vt 0.453125 0.000000
vt 0.437500 0.437500
vt 0.437500 0.875000
vt 0.437500 0.375000
vt 0.437500 0.812500
vt 0.437500 0.312500
vt 0.437500 0.750000
vt 0.437500 0.250000
vt 0.406250 0.437500
vt 0.406250 0.375000
vt 0.406250 0.875000
vt 0.406250 0.812500
vt 0.406250 0.312500
vt 0.406250 0.750000
vt 0.406250 0.250000
vt 0.406250 0.687500
vt 0.406250 0.187500
vt 0.406250 0.625000
vt 0.406250 0.125000
vt 0.406250 0.562500
vt 0.406250 0.062500
vt 0.406250 0.500000
vt 0.421875 1.000000
vt 0.406250 0.937500
vt 0.421875 0.000000
vt 0.375000 0.187500
vt 0.375000 0.125000
vt 0.375000 0.625000
vt 0.375000 0.562500
vt 0.375000 0.062500
vt 0.375000 0.500000
vt 0.390625 1.000000
vt 0.375000 0.937500
vt 0.390625 0.000000
vt 0.375000 0.437500
vt 0.375000 0.875000
vt 0.375000 0.375000
vt 0.375000 0.812500
vt 0.375000 0.312500
vt 0.375000 0.750000
vt 0.375000 0.250000
vt 0.375000 0.687500
vt 0.343750 0.375000
vt 0.343750 0.312500
vt 0.343750 0.812500
vt 0.343750 0.750000
vt 0.343750 0.250000
vt 0.343750 0.687500
vt 0.343750 0.187500
vt 0.343750 0.625000
vt 0.343750 0.125000
vt 0.343750 0.562500
vt 0.343750 0.062500
vt 0.343750 0.500000
vt 0.359375 1.000000
vt 0.343750 0.937500
vt 0.359375 0.000000
vt 0.343750 0.437500
vt 0.343750 0.875000
vt 0.312500 0.125000
vt 0.312500 0.062500
vt 0.312500 0.562500
vt 0.312500 0.500000
vt 0.328125 1.000000
vt 0.312500 0.937500
vt 0.328125 0.000000
vt 0.312500 0.437500
vt 0.312500 0.875000
vt 0.312500 0.375000
vt 0.312500 0.812500
vt 0.312500 0.312500
vt 0.312500 0.750000
vt 0.312500 0.250000
vt 0.312500 0.687500
vt 0.312500 0.187500
vt 0.312500 0.625000
vt 0.281250 0.812500
vt 0.281250 0.750000
vt 0.281250 0.312500
vt 0.281250 0.250000
vt 0.281250 0.687500
vt 0.281250 0.187500
vt 0.281250 0.625000
vt 0.281250 0.125000
vt 0.281250 0.562500
vt 0.281250 0.062500
vt 0.281250 0.500000
vt 0.296875 1.000000
vt 0.281250 0.937500
vt 0.296875 0.000000
vt 0.281250 0.437500
vt 0.281250 0.875000
vt 0.281250 0.375000
vt 0.250000 0.562500
vt 0.250000 0.500000
vt 0.265625 1.000000
vt 0.250000 0.937500
vt 0.265625 0.000000
vt 0.250000 0.062500
vt 0.250000 0.437500
vt 0.250000 0.875000
vt 0.250000 0.375000
vt 0.250000 0.812500
vt 0.250000 0.312500
vt 0.250000 0.750000
vt 0.250000 0.250000
vt 0.250000 0.687500
vt 0.250000 0.187500
vt 0.250000 0.625000
vt 0.250000 0.125000
vt 0.218750 0.312500
vt 0.218750 0.250000
vt 0.218750 0.750000
vt 0.218750 0.687500
vt 0.218750 0.187500
vt 0.218750 0.625000
vt 0.218750 0.125000
vt 0.218750 0.562500
vt 0.218750 0.062500
vt 0.218750 0.500000
vt 0.234375 1.000000
vt 0.218750 0.937500
vt 0.234375 0.000000
vt 0.218750 0.437500
vt 0.218750 0.875000
vt 0.218750 0.375000
vt 0.218750 0.812500
vt 0.203125 1.000000
vt 0.187500 0.937500
vt 0.203125 0.000000
vt 0.187500 0.062500
vt 0.187500 0.500000
vt 0.187500 0.437500
vt 0.187500 0.875000
vt 0.187500 0.375000
vt 0.187500 0.812500
vt 0.187500 0.312500
vt 0.187500 0.750000
vt 0.187500 0.250000
vt 0.187500 0.687500
vt 0.187500 0.187500
vt 0.187500 0.625000
vt 0.187500 0.125000
vt 0.187500 0.562500
vt 0.156250 0.750000
vt 0.156250 0.687500
vt 0.156250 0.250000
vt 0.156250 0.187500
vt 0.156250 0.625000
vt 0.156250 0.125000
vt 0.156250 0.562500
vt 0.156250 0.062500
vt 0.156250 0.500000
vt 0.171875 1.000000
vt 0.156250 0.937500
vt 0.171875 0.000000
vt 0.156250 0.437500
vt 0.156250 0.875000
vt 0.156250 0.375000
vt 0.156250 0.812500
vt 0.156250 0.312500
vt 0.125000 0.500000
vt 0.125000 0.437500
vt 0.125000 0.937500
vt 0.125000 0.875000
vt 0.125000 0.375000
vt 0.125000 0.812500
vt 0.125000 0.312500
vt 0.125000 0.750000
vt 0.125000 0.250000
vt 0.125000 0.687500
vt 0.125000 0.187500
vt 0.125000 0.625000
vt 0.125000 0.125000
vt 0.125000 0.562500
vt 0.125000 0.062500
vt 0.140625 1.000000
vt 0.140625 0.000000
vt 0.093750 0.250000
vt 0.093750 0.187500
vt 0.093750 0.687500
vt 0.093750 0.625000
vt 0.093750 0.125000
vt 0.093750 0.562500
vt 0.093750 0.062500
vt 0.093750 0.500000
vt 0.109375 1.000000
vt 0.093750 0.937500
vt 0.109375 0.000000
vt 0.093750 0.437500
vt 0.093750 0.875000
vt 0.093750 0.375000
vt 0.093750 0.812500
vt 0.093750 0.312500
vt 0.093750 0.750000
vt 0.062500 0.437500
vt 0.062500 0.375000
vt 0.062500 0.875000
vt 0.062500 0.812500
vt 0.062500 0.312500
vt 0.062500 0.750000
vt 0.062500 0.250000
vt 0.062500 0.687500
vt 0.062500 0.187500
vt 0.062500 0.625000
vt 0.062500 0.125000
vt 0.062500 0.562500
vt 0.062500 0.062500
vt 0.062500 0.500000
vt 0.078125 1.000000
vt 0.062500 0.937500
vt 0.078125 0.000000
vt 0.031250 0.187500
vt 0.031250 0.125000
vt 0.031250 0.625000
vt 0.031250 0.562500
vt 0.031250 0.062500
vt 0.031250 0.500000
vt 0.046875 1.000000
vt 0.031250 0.937500
vt 0.046875 0.000000
vt 0.031250 0.437500
vt 0.031250 0.875000
vt 0.031250 0.375000
vt 0.031250 0.812500
vt 0.031250 0.312500
vt 0.031250 0.750000
vt 0.031250 0.250000
vt 0.031250 0.687500
vt 0.000000 0.875000
vt 0.000000 0.812500
vt 0.000000 0.375000
vt 0.000000 0.312500
vt 0.000000 0.750000
vt 0.000000 0.250000
vt 0.000000 0.687500
vt 0.000000 0.187500
vt 0.000000 0.625000
vt 0.000000 0.125000
vt 0.000000 0.562500
vt 0.000000 0.062500
vt 0.000000 0.500000
vt 0.015625 1.000000
vt 0.000000 0.937500
vt 0.015625 0.000000
vt 0.000000 0.437500
vt 1.000000 0.562500
vt 1.000000 0.625000
vt 0.968750 0.625000
vt 0.968750 0.562500
vt 1.000000 0.062500
vt 1.000000 0.125000
vt 0.968750 0.125000
vt 0.968750 0.062500
vt 1.000000 0.500000
vt 0.968750 0.500000
vt 1.000000 0.937500
vt 0.984375 1.000000
vt 0.968750 0.937500
vt 0.984375 0.000000
vt 1.000000 0.437500
vt 0.968750 0.437500
vt 1.000000 0.875000
vt 0.968750 0.875000
vt 1.000000 0.375000
vt 0.968750 0.375000
vt 1.000000 0.812500
vt 0.968750 0.812500
vt 1.000000 0.312500
vt 0.968750 0.312500
vt 1.000000 0.750000
vt 0.968750 0.750000
vt 1.000000 0.250000
vt 0.968750 0.250000
vt 1.000000 0.687500
vt 0.968750 0.687500
vt 1.000000 0.187500
vt 0.968750 0.187500
vt 0.937500 0.375000
vt 0.937500 0.312500
vt 0.937500 0.812500
vt 0.937500 0.750000
vt 0.937500 0.250000
vt 0.937500 0.687500
vt 0.937500 0.187500
vt 0.937500 0.625000
vt 0.937500 0.125000
vt 0.937500 0.562500
vt 0.937500 0.062500
vt 0.937500 0.500000
vt 0.953125 1.000000
vt 0.937500 0.937500
vt 0.953125 0.000000
vt 0.937500 0.437500
vt 0.937500 0.875000
vt 0.906250 0.125000
vt 0.906250 0.062500
vt 0.906250 0.562500
vt 0.906250 0.500000
vt 0.921875 1.000000
vt 0.906250 0.937500
vt 0.921875 0.000000
vt 0.906250 0.437500
vt 0.906250 0.875000
vt 0.906250 0.375000
vt 0.906250 0.812500
vt 0.906250 0.312500
vt 0.906250 0.750000
vt 0.906250 0.250000
vt 0.906250 0.687500
vt 0.906250 0.187500
vt 0.906250 0.625000
vt 0.875000 0.812500
vt 0.875000 0.750000
vt 0.875000 0.312500
vt 0.875000 0.250000
vt 0.875000 0.687500
vt 0.875000 0.187500
vt 0.875000 0.625000
vt 0.875000 0.125000
vt 0.875000 0.562500
vt 0.875000 0.062500
vt 0.875000 0.500000
vt 0.890625 1.000000
vt 0.875000 0.937500
vt 0.890625 0.000000
vt 0.875000 0.437500
vt 0.875000 0.875000
vt 0.875000 0.375000
vt 0.843750 0.562500
vt 0.843750 0.500000
vt 0.859375 1.000000
vt 0.843750 0.937500
vt 0.859375 0.000000
vt 0.843750 0.062500
vt 0.843750 0.437500
vt 0.843750 0.875000
vt 0.843750 0.375000
vt 0.843750 0.812500
vt 0.843750 0.312500
vt 0.843750 0.750000
vt 0.843750 0.250000
vt 0.843750 0.687500
vt 0.843750 0.187500
vt 0.843750 0.625000
vt 0.843750 0.125000
vt 0.812500 0.312500
vt 0.812500 0.250000
vt 0.812500 0.750000
vt 0.812500 0.687500
vt 0.812500 0.187500
vt 0.812500 0.625000
vt 0.812500 0.125000
vt 0.812500 0.562500
vt 0.812500 0.062500
vt 0.812500 0.500000
vt 0.828125 1.000000
vt 0.812500 0.937500
vt 0.828125 0.000000
vt 0.812500 0.437500
vt 0.812500 0.875000
vt 0.812500 0.375000
vt 0.812500 0.812500
vt 0.796875 0.000000
vt 0.781250 0.062500
vt 0.781250 0.500000
vt 0.781250 0.437500
vt 0.781250 0.937500
vt 0.781250 0.875000
vt 0.781250 0.375000
vt 0.781250 0.812500
vt 0.781250 0.312500
vt 0.781250 0.750000
vt 0.781250 0.250000
vt 0.781250 0.687500
vt 0.781250 0.187500
vt 0.781250 0.625000
vt 0.781250 0.125000
vt 0.781250 0.562500
vt 0.796875 1.000000
vt 0.765625 1.000000
vt 0.765625 0.000000
s 1
usemtl None
f 4977/6499/4507 4976/6500/4508 4986/6501/4509 4987/6502/4510
f 4982/6503/4511 4981/6504/4512 4994/6505/4513 4995/6506/4514
f 4978/6507/4515 4977/6499/4507 4987/6502/4510 4988/6508/4516
f 5452/6509/4517 4982/6503/4511 4995/6506/4514 4996/6510/4518
f 4979/6511/4519 4978/6507/4515 4988/6508/4516 4989/6512/4520
f 5453/6513/4521 5452/6509/4517 4996/6510/4518 4997/6514/4522
f 5449/6515/4523 4979/6511/4519 4989/6512/4520 4990/6516/4524
f 4973/6517/4525 5298/6518/4526 4983/6519/4527
f 5454/6520/4528 5453/6513/4521 4997/6514/4522
f 5450/6521/4529 5449/6515/4523 4990/6516/4524 4991/6522/4530
f 4974/6523/4531 4973/6517/4525 4983/6519/4527 4984/6524/4532
f 5451/6525/4533 5450/6521/4529 4991/6522/4530 4992/6526/4534
f 4975/6527/4535 4974/6523/4531 4984/6524/4532 4985/6528/4536
f 4980/6529/4537 5451/6525/4533 4992/6526/4534 4993/6530/4538
f 4976/6500/4508 4975/6527/4535 4985/6528/4536 4986/6501/4509
f 4981/6504/4512 4980/6529/4537 4993/6530/4538 4994/6505/4513
f 4993/6530/4538 4992/6526/4534 5007/6531/4539 5008/6532/4540
f 4986/6501/4509 4985/6528/4536 5000/6533/4541 5001/6534/4542
f 4994/6505/4513 4993/6530/4538 5008/6532/4540 5009/6535/4543
f 4987/6502/4510 4986/6501/4509 5001/6534/4542 5002/6536/4544
f 4995/6506/4514 4994/6505/4513 5009/6535/4543 5010/6537/4545
f 4988/6508/4516 4987/6502/4510 5002/6536/4544 5003/6538/4546
f 4996/6510/4518 4995/6506/4514 5010/6537/4545 5011/6539/4547
f 4989/6512/4520 4988/6508/4516 5003/6538/4546 5004/6540/4548
f 4997/6514/4522 4996/6510/4518 5011/6539/4547 5012/6541/4549
f 4990/6516/4524 4989/6512/4520 5004/6540/4548 5005/6542/4550
f 4983/6519/4527 5298/6543/4526 4998/6544/4551
f 5454/6545/4528 4997/6514/4522 5012/6541/4549
f 4991/6522/4530 4990/6516/4524 5005/6542/4550 5006/6546/4552
f 4984/6524/4532 4983/6519/4527 4998/6544/4551 4999/6547/4553
f 4992/6526/4534 4991/6522/4530 5006/6546/4552 5007/6531/4539
f 4985/6528/4536 4984/6524/4532 4999/6547/4553 5000/6533/4541
f 5012/6541/4549 5011/6539/4547 5026/6548/4554 5027/6549/4555
f 5005/6542/4550 5004/6540/4548 5019/6550/4556 5020/6551/4557
f 4998/6544/4551 5298/6552/4526 5013/6553/4558
f 5454/6554/4528 5012/6541/4549 5027/6549/4555
f 5006/6546/4552 5005/6542/4550 5020/6551/4557 5021/6555/4559
f 4999/6547/4553 4998/6544/4551 5013/6553/4558 5014/6556/4560
f 5007/6531/4539 5006/6546/4552 5021/6555/4559 5022/6557/4561
f 5000/6533/4541 4999/6547/4553 5014/6556/4560 5015/6558/4562
f 5008/6532/4540 5007/6531/4539 5022/6557/4561 5023/6559/4563
f 5001/6534/4542 5000/6533/4541 5015/6558/4562 5016/6560/4564
f 5009/6535/4543 5008/6532/4540 5023/6559/4563 5024/6561/4565
f 5002/6536/4544 5001/6534/4542 5016/6560/4564 5017/6562/4566
f 5010/6537/4545 5009/6535/4543 5024/6561/4565 5025/6563/4567
f 5003/6538/4546 5002/6536/4544 5017/6562/4566 5018/6564/4568
f 5011/6539/4547 5010/6537/4545 5025/6563/4567 5026/6548/4554
f 5004/6540/4548 5003/6538/4546 5018/6564/4568 5019/6550/4556
f 5024/6561/4565 5023/6559/4563 5038/6565/4569 5039/6566/4570
f 5017/6562/4566 5016/6560/4564 5031/6567/4571 5032/6568/4572
f 5025/6563/4567 5024/6561/4565 5039/6566/4570 5040/6569/4573
f 5018/6564/4568 5017/6562/4566 5032/6568/4572 5033/6570/4574
f 5026/6548/4554 5025/6563/4567 5040/6569/4573 5041/6571/4575
f 5019/6550/4556 5018/6564/4568 5033/6570/4574 5034/6572/4576
f 5027/6549/4555 5026/6548/4554 5041/6571/4575 5042/6573/4577
f 5020/6551/4557 5019/6550/4556 5034/6572/4576 5035/6574/4578
f 5013/6553/4558 5298/6575/4526 5028/6576/4579
f 5454/6577/4528 5027/6549/4555 5042/6573/4577
f 5021/6555/4559 5020/6551/4557 5035/6574/4578 5036/6578/4580
f 5014/6556/4560 5013/6553/4558 5028/6576/4579 5029/6579/4581
f 5022/6557/4561 5021/6555/4559 5036/6578/4580 5037/6580/4582
f 5015/6558/4562 5014/6556/4560 5029/6579/4581 5030/6581/4583
f 5023/6559/4563 5022/6557/4561 5037/6580/4582 5038/6565/4569
f 5016/6560/4564 5015/6558/4562 5030/6581/4583 5031/6567/4571
f 5028/6576/4579 5298/6582/4526 5043/6583/4584
f 5454/6584/4528 5042/6573/4577 5057/6585/4585
f 5036/6578/4580 5035/6574/4578 5050/6586/4586 5051/6587/4587
f 5029/6579/4581 5028/6576/4579 5043/6583/4584 5044/6588/4588
f 5037/6580/4582 5036/6578/4580 5051/6587/4587 5052/6589/4589
f 5030/6581/4583 5029/6579/4581 5044/6588/4588 5045/6590/4590
f 5038/6565/4569 5037/6580/4582 5052/6589/4589 5053/6591/4591
f 5031/6567/4571 5030/6581/4583 5045/6590/4590 5046/6592/4592
f 5039/6566/4570 5038/6565/4569 5053/6591/4591 5054/6593/4593
f 5032/6568/4572 5031/6567/4571 5046/6592/4592 5047/6594/4594
f 5040/6569/4573 5039/6566/4570 5054/6593/4593 5055/6595/4595
f 5033/6570/4574 5032/6568/4572 5047/6594/4594 5048/6596/4596
f 5041/6571/4575 5040/6569/4573 5055/6595/4595 5056/6597/4597
f 5034/6572/4576 5033/6570/4574 5048/6596/4596 5049/6598/4598
f 5042/6573/4577 5041/6571/4575 5056/6597/4597 5057/6585/4585
f 5035/6574/4578 5034/6572/4576 5049/6598/4598 5050/6586/4586
f 5047/6594/4594 5046/6592/4592 5061/6599/4599 5062/6600/4600
f 5055/6595/4595 5054/6593/4593 5069/6601/4601 5070/6602/4602
f 5048/6596/4596 5047/6594/4594 5062/6600/4600 5063/6603/4603
f 5056/6597/4597 5055/6595/4595 5070/6602/4602 5071/6604/4604
f 5049/6598/4598 5048/6596/4596 5063/6603/4603 5064/6605/4605
f 5057/6585/4585 5056/6597/4597 5071/6604/4604 5072/6606/4606
f 5050/6586/4586 5049/6598/4598 5064/6605/4605 5065/6607/4607
f 5043/6583/4584 5298/6608/4526 5058/6609/4608
f 5454/6610/4528 5057/6585/4585 5072/6606/4606
f 5051/6587/4587 5050/6586/4586 5065/6607/4607 5066/6611/4609
f 5044/6588/4588 5043/6583/4584 5058/6609/4608 5059/6612/4610
f 5052/6589/4589 5051/6587/4587 5066/6611/4609 5067/6613/4611
f 5045/6590/4590 5044/6588/4588 5059/6612/4610 5060/6614/4612
f 5053/6591/4591 5052/6589/4589 5067/6613/4611 5068/6615/4613
f 5046/6592/4592 5045/6590/4590 5060/6614/4612 5061/6599/4599
f 5054/6593/4593 5053/6591/4591 5068/6615/4613 5069/6601/4601
f 5066/6611/4609 5065/6607/4607 5080/6616/4614 5081/6617/4615
f 5059/6612/4610 5058/6609/4608 5073/6618/4616 5074/6619/4617
f 5067/6613/4611 5066/6611/4609 5081/6617/4615 5082/6620/4618
f 5060/6614/4612 5059/6612/4610 5074/6619/4617 5075/6621/4619
f 5068/6615/4613 5067/6613/4611 5082/6620/4618 5083/6622/4620
f 5061/6599/4599 5060/6614/4612 5075/6621/4619 5076/6623/4621
f 5069/6601/4601 5068/6615/4613 5083/6622/4620 5084/6624/4622
f 5062/6600/4600 5061/6599/4599 5076/6623/4621 5077/6625/4623
f 5070/6602/4602 5069/6601/4601 5084/6624/4622 5085/6626/4624
f 5063/6603/4603 5062/6600/4600 5077/6625/4623 5078/6627/4625
f 5071/6604/4604 5070/6602/4602 5085/6626/4624 5086/6628/4626
f 5064/6605/4605 5063/6603/4603 5078/6627/4625 5079/6629/4627
f 5072/6606/4606 5071/6604/4604 5086/6628/4626 5087/6630/4628
f 5065/6607/4607 5064/6605/4605 5079/6629/4627 5080/6616/4614
f 5058/6609/4608 5298/6631/4526 5073/6618/4616
f 5454/6632/4528 5072/6606/4606 5087/6630/4628
f 5085/6626/4624 5084/6624/4622 5099/6633/4629 5100/6634/4630
f 5078/6627/4625 5077/6625/4623 5092/6635/4631 5093/6636/4632
f 5086/6628/4626 5085/6626/4624 5100/6634/4630 5101/6637/4633
f 5079/6629/4627 5078/6627/4625 5093/6636/4632 5094/6638/4634
f 5087/6630/4628 5086/6628/4626 5101/6637/4633 5102/6639/4635
f 5080/6616/4614 5079/6629/4627 5094/6638/4634 5095/6640/4636
f 5073/6618/4616 5298/6641/4526 5088/6642/4637
f 5454/6643/4528 5087/6630/4628 5102/6639/4635
f 5081/6617/4615 5080/6616/4614 5095/6640/4636 5096/6644/4638
f 5074/6619/4617 5073/6618/4616 5088/6642/4637 5089/6645/4639
f 5082/6620/4618 5081/6617/4615 5096/6644/4638 5097/6646/4640
f 5075/6621/4619 5074/6619/4617 5089/6645/4639 5090/6647/4641
f 5083/6622/4620 5082/6620/4618 5097/6646/4640 5098/6648/4642
f 5076/6623/4621 5075/6621/4619 5090/6647/4641 5091/6649/4643
f 5084/6624/4622 5083/6622/4620 5098/6648/4642 5099/6633/4629
f 5077/6625/4623 5076/6623/4621 5091/6649/4643 5092/6635/4631
f 5089/6645/4639 5088/6642/4637 5103/6650/4644 5104/6651/4645
f 5097/6646/4640 5096/6644/4638 5111/6652/4646 5112/6653/4647
f 5090/6647/4641 5089/6645/4639 5104/6651/4645 5105/6654/4648
f 5098/6648/4642 5097/6646/4640 5112/6653/4647 5113/6655/4649
f 5091/6649/4643 5090/6647/4641 5105/6654/4648 5106/6656/4650
f 5099/6633/4629 5098/6648/4642 5113/6655/4649 5114/6657/4651
f 5092/6635/4631 5091/6649/4643 5106/6656/4650 5107/6658/4652
f 5100/6634/4630 5099/6633/4629 5114/6657/4651 5115/6659/4653
f 5093/6636/4632 5092/6635/4631 5107/6658/4652 5108/6660/4654
f 5101/6637/4633 5100/6634/4630 5115/6659/4653 5116/6661/4655
f 5094/6638/4634 5093/6636/4632 5108/6660/4654 5109/6662/4656
f 5102/6639/4635 5101/6637/4633 5116/6661/4655 5117/6663/4657
f 5095/6640/4636 5094/6638/4634 5109/6662/4656 5110/6664/4658
f 5088/6642/4637 5298/6665/4526 5103/6650/4644
f 5454/6666/4528 5102/6639/4635 5117/6663/4657
f 5096/6644/4638 5095/6640/4636 5110/6664/4658 5111/6652/4646
f 5108/6660/4654 5107/6658/4652 5122/6667/4659 5123/6668/4660
f 5116/6661/4655 5115/6659/4653 5130/6669/4661 5131/6670/4662
f 5109/6662/4656 5108/6660/4654 5123/6668/4660 5124/6671/4663
f 5117/6663/4657 5116/6661/4655 5131/6670/4662 5132/6672/4664
f 5110/6664/4658 5109/6662/4656 5124/6671/4663 5125/6673/4665
f 5103/6650/4644 5298/6674/4526 5118/6675/4666
f 5454/6676/4528 5117/6663/4657 5132/6672/4664
f 5111/6652/4646 5110/6664/4658 5125/6673/4665 5126/6677/4667
f 5104/6651/4645 5103/6650/4644 5118/6675/4666 5119/6678/4668
f 5112/6653/4647 5111/6652/4646 5126/6677/4667 5127/6679/4669
f 5105/6654/4648 5104/6651/4645 5119/6678/4668 5120/6680/4670
f 5113/6655/4649 5112/6653/4647 5127/6679/4669 5128/6681/4671
f 5106/6656/4650 5105/6654/4648 5120/6680/4670 5121/6682/4672
f 5114/6657/4651 5113/6655/4649 5128/6681/4671 5129/6683/4673
f 5107/6658/4652 5106/6656/4650 5121/6682/4672 5122/6667/4659
f 5115/6659/4653 5114/6657/4651 5129/6683/4673 5130/6669/4661
f 5127/6679/4669 5126/6677/4667 5141/6684/4674 5142/6685/4675
f 5120/6680/4670 5119/6678/4668 5134/6686/4676 5135/6687/4677
f 5128/6681/4671 5127/6679/4669 5142/6685/4675 5143/6688/4678
f 5121/6682/4672 5120/6680/4670 5135/6687/4677 5136/6689/4679
f 5129/6683/4673 5128/6681/4671 5143/6688/4678 5144/6690/4680
f 5122/6667/4659 5121/6682/4672 5136/6689/4679 5137/6691/4681
f 5130/6669/4661 5129/6683/4673 5144/6690/4680 5145/6692/4682
f 5123/6668/4660 5122/6667/4659 5137/6691/4681 5138/6693/4683
f 5131/6670/4662 5130/6669/4661 5145/6692/4682 5146/6694/4684
f 5124/6671/4663 5123/6668/4660 5138/6693/4683 5139/6695/4685
f 5132/6672/4664 5131/6670/4662 5146/6694/4684 5147/6696/4686
f 5125/6673/4665 5124/6671/4663 5139/6695/4685 5140/6697/4687
f 5118/6675/4666 5298/6698/4526 5133/6699/4688
f 5454/6700/4528 5132/6672/4664 5147/6696/4686
f 5126/6677/4667 5125/6673/4665 5140/6697/4687 5141/6684/4674
f 5119/6678/4668 5118/6675/4666 5133/6699/4688 5134/6686/4676
f 5146/6694/4684 5145/6692/4682 5160/6701/4689 5161/6702/4690
f 5139/6695/4685 5138/6693/4683 5153/6703/4691 5154/6704/4692
f 5147/6696/4686 5146/6694/4684 5161/6702/4690 5162/6705/4693
f 5140/6697/4687 5139/6695/4685 5154/6704/4692 5155/6706/4694
f 5133/6699/4688 5298/6707/4526 5148/6708/4695
f 5454/6709/4528 5147/6696/4686 5162/6705/4693
f 5141/6684/4674 5140/6697/4687 5155/6706/4694 5156/6710/4696
f 5134/6686/4676 5133/6699/4688 5148/6708/4695 5149/6711/4697
f 5142/6685/4675 5141/6684/4674 5156/6710/4696 5157/6712/4698
f 5135/6687/4677 5134/6686/4676 5149/6711/4697 5150/6713/4699
f 5143/6688/4678 5142/6685/4675 5157/6712/4698 5158/6714/4700
f 5136/6689/4679 5135/6687/4677 5150/6713/4699 5151/6715/4701
f 5144/6690/4680 5143/6688/4678 5158/6714/4700 5159/6716/4702
f 5137/6691/4681 5136/6689/4679 5151/6715/4701 5152/6717/4703
f 5145/6692/4682 5144/6690/4680 5159/6716/4702 5160/6701/4689
f 5138/6693/4683 5137/6691/4681 5152/6717/4703 5153/6703/4691
f 5158/6714/4700 5157/6712/4698 5172/6718/4704 5173/6719/4705
f 5151/6715/4701 5150/6713/4699 5165/6720/4706 5166/6721/4707
f 5159/6716/4702 5158/6714/4700 5173/6719/4705 5174/6722/4708
f 5152/6717/4703 5151/6715/4701 5166/6721/4707 5167/6723/4709
f 5160/6701/4689 5159/6716/4702 5174/6722/4708 5175/6724/4710
f 5153/6703/4691 5152/6717/4703 5167/6723/4709 5168/6725/4711
f 5161/6702/4690 5160/6701/4689 5175/6724/4710 5176/6726/4712
f 5154/6704/4692 5153/6703/4691 5168/6725/4711 5169/6727/4713
f 5162/6705/4693 5161/6702/4690 5176/6726/4712 5177/6728/4714
f 5155/6706/4694 5154/6704/4692 5169/6727/4713 5170/6729/4715
f 5148/6708/4695 5298/6730/4526 5163/6731/4716
f 5454/6732/4528 5162/6705/4693 5177/6728/4714
f 5156/6710/4696 5155/6706/4694 5170/6729/4715 5171/6733/4717
f 5149/6711/4697 5148/6708/4695 5163/6731/4716 5164/6734/4718
f 5157/6712/4698 5156/6710/4696 5171/6733/4717 5172/6718/4704
f 5150/6713/4699 5149/6711/4697 5164/6734/4718 5165/6720/4706
f 5177/6728/4714 5176/6726/4712 5191/6735/4719 5192/6736/4720
f 5170/6729/4715 5169/6727/4713 5184/6737/4721 5185/6738/4722
f 5163/6731/4716 5298/6739/4526 5178/6740/4723
f 5454/6741/4528 5177/6728/4714 5192/6736/4720
f 5171/6733/4717 5170/6729/4715 5185/6738/4722 5186/6742/4724
f 5164/6734/4718 5163/6731/4716 5178/6740/4723 5179/6743/4725
f 5172/6718/4704 5171/6733/4717 5186/6742/4724 5187/6744/4726
f 5165/6720/4706 5164/6734/4718 5179/6743/4725 5180/6745/4727
f 5173/6719/4705 5172/6718/4704 5187/6744/4726 5188/6746/4728
f 5166/6721/4707 5165/6720/4706 5180/6745/4727 5181/6747/4729
f 5174/6722/4708 5173/6719/4705 5188/6746/4728 5189/6748/4730
f 5167/6723/4709 5166/6721/4707 5181/6747/4729 5182/6749/4731
f 5175/6724/4710 5174/6722/4708 5189/6748/4730 5190/6750/4732
f 5168/6725/4711 5167/6723/4709 5182/6749/4731 5183/6751/4733
f 5176/6726/4712 5175/6724/4710 5190/6750/4732 5191/6735/4719
f 5169/6727/4713 5168/6725/4711 5183/6751/4733 5184/6737/4721
f 5181/6747/4729 5180/6745/4727 5195/6752/4734 5196/6753/4735
f 5189/6748/4730 5188/6746/4728 5203/6754/4736 5204/6755/4737
f 5182/6749/4731 5181/6747/4729 5196/6753/4735 5197/6756/4738
f 5190/6750/4732 5189/6748/4730 5204/6755/4737 5205/6757/4739
f 5183/6751/4733 5182/6749/4731 5197/6756/4738 5198/6758/4740
f 5191/6735/4719 5190/6750/4732 5205/6757/4739 5206/6759/4741
f 5184/6737/4721 5183/6751/4733 5198/6758/4740 5199/6760/4742
f 5192/6736/4720 5191/6735/4719 5206/6759/4741 5207/6761/4743
f 5185/6738/4722 5184/6737/4721 5199/6760/4742 5200/6762/4744
f 5178/6740/4723 5298/6763/4526 5193/6764/4745
f 5454/6765/4528 5192/6736/4720 5207/6761/4743
f 5186/6742/4724 5185/6738/4722 5200/6762/4744 5201/6766/4746
f 5179/6743/4725 5178/6740/4723 5193/6764/4745 5194/6767/4747
f 5187/6744/4726 5186/6742/4724 5201/6766/4746 5202/6768/4748
f 5180/6745/4727 5179/6743/4725 5194/6767/4747 5195/6752/4734
f 5188/6746/4728 5187/6744/4726 5202/6768/4748 5203/6754/4736
f 5200/6762/4744 5199/6760/4742 5214/6769/4749 5215/6770/4750
f 5193/6764/4745 5298/6771/4526 5208/6772/4751
f 5454/6773/4528 5207/6761/4743 5222/6774/4752
f 5201/6766/4746 5200/6762/4744 5215/6770/4750 5216/6775/4753
f 5194/6767/4747 5193/6764/4745 5208/6772/4751 5209/6776/4754
f 5202/6768/4748 5201/6766/4746 5216/6775/4753 5217/6777/4755
f 5195/6752/4734 5194/6767/4747 5209/6776/4754 5210/6778/4756
f 5203/6754/4736 5202/6768/4748 5217/6777/4755 5218/6779/4757
f 5196/6753/4735 5195/6752/4734 5210/6778/4756 5211/6780/4758
f 5204/6755/4737 5203/6754/4736 5218/6779/4757 5219/6781/4759
f 5197/6756/4738 5196/6753/4735 5211/6780/4758 5212/6782/4760
f 5205/6757/4739 5204/6755/4737 5219/6781/4759 5220/6783/4761
f 5198/6758/4740 5197/6756/4738 5212/6782/4760 5213/6784/4762
f 5206/6759/4741 5205/6757/4739 5220/6783/4761 5221/6785/4763
f 5199/6760/4742 5198/6758/4740 5213/6784/4762 5214/6769/4749
f 5207/6761/4743 5206/6759/4741 5221/6785/4763 5222/6774/4752
f 5219/6781/4759 5218/6779/4757 5233/6786/4764 5234/6787/4765
f 5212/6782/4760 5211/6780/4758 5226/6788/4766 5227/6789/4767
f 5220/6783/4761 5219/6781/4759 5234/6787/4765 5235/6790/4768
f 5213/6784/4762 5212/6782/4760 5227/6789/4767 5228/6791/4769
f 5221/6785/4763 5220/6783/4761 5235/6790/4768 5236/6792/4770
f 5214/6769/4749 5213/6784/4762 5228/6791/4769 5229/6793/4771
f 5222/6774/4752 5221/6785/4763 5236/6792/4770 5237/6794/4772
f 5215/6770/4750 5214/6769/4749 5229/6793/4771 5230/6795/4773
f 5208/6772/4751 5298/6796/4526 5223/6797/4774
f 5454/6798/4528 5222/6774/4752 5237/6794/4772
f 5216/6775/4753 5215/6770/4750 5230/6795/4773 5231/6799/4775
f 5209/6776/4754 5208/6772/4751 5223/6797/4774 5224/6800/4776
f 5217/6777/4755 5216/6775/4753 5231/6799/4775 5232/6801/4777
f 5210/6778/4756 5209/6776/4754 5224/6800/4776 5225/6802/4778
f 5218/6779/4757 5217/6777/4755 5232/6801/4777 5233/6786/4764
f 5211/6780/4758 5210/6778/4756 5225/6802/4778 5226/6788/4766
f 5223/6797/4774 5298/6803/4526 5238/6804/4779
f 5454/6805/4528 5237/6794/4772 5252/6806/4780
f 5231/6799/4775 5230/6795/4773 5245/6807/4781 5246/6808/4782
f 5224/6800/4776 5223/6797/4774 5238/6804/4779 5239/6809/4783
f 5232/6801/4777 5231/6799/4775 5246/6808/4782 5247/6810/4784
f 5225/6802/4778 5224/6800/4776 5239/6809/4783 5240/6811/4785
f 5233/6786/4764 5232/6801/4777 5247/6810/4784 5248/6812/4786
f 5226/6788/4766 5225/6802/4778 5240/6811/4785 5241/6813/4787
f 5234/6787/4765 5233/6786/4764 5248/6812/4786 5249/6814/4788
f 5227/6789/4767 5226/6788/4766 5241/6813/4787 5242/6815/4789
f 5235/6790/4768 5234/6787/4765 5249/6814/4788 5250/6816/4790
f 5228/6791/4769 5227/6789/4767 5242/6815/4789 5243/6817/4791
f 5236/6792/4770 5235/6790/4768 5250/6816/4790 5251/6818/4792
f 5229/6793/4771 5228/6791/4769 5243/6817/4791 5244/6819/4793
f 5237/6794/4772 5236/6792/4770 5251/6818/4792 5252/6806/4780
f 5230/6795/4773 5229/6793/4771 5244/6819/4793 5245/6807/4781
f 5242/6815/4789 5241/6813/4787 5256/6820/4794 5257/6821/4795
f 5250/6816/4790 5249/6814/4788 5264/6822/4796 5265/6823/4797
f 5243/6817/4791 5242/6815/4789 5257/6821/4795 5258/6824/4798
f 5251/6818/4792 5250/6816/4790 5265/6823/4797 5266/6825/4799
f 5244/6819/4793 5243/6817/4791 5258/6824/4798 5259/6826/4800
f 5252/6806/4780 5251/6818/4792 5266/6825/4799 5267/6827/4801
f 5245/6807/4781 5244/6819/4793 5259/6826/4800 5260/6828/4802
f 5238/6804/4779 5298/6829/4526 5253/6830/4803
f 5454/6831/4528 5252/6806/4780 5267/6827/4801
f 5246/6808/4782 5245/6807/4781 5260/6828/4802 5261/6832/4804
f 5239/6809/4783 5238/6804/4779 5253/6830/4803 5254/6833/4805
f 5247/6810/4784 5246/6808/4782 5261/6832/4804 5262/6834/4806
f 5240/6811/4785 5239/6809/4783 5254/6833/4805 5255/6835/4807
f 5248/6812/4786 5247/6810/4784 5262/6834/4806 5263/6836/4808
f 5241/6813/4787 5240/6811/4785 5255/6835/4807 5256/6820/4794
f 5249/6814/4788 5248/6812/4786 5263/6836/4808 5264/6822/4796
f 5261/6832/4804 5260/6828/4802 5275/6837/4809 5276/6838/4810
f 5254/6833/4805 5253/6830/4803 5268/6839/4811 5269/6840/4812
f 5262/6834/4806 5261/6832/4804 5276/6838/4810 5277/6841/4813
f 5255/6835/4807 5254/6833/4805 5269/6840/4812 5270/6842/4814
f 5263/6836/4808 5262/6834/4806 5277/6841/4813 5278/6843/4815
f 5256/6820/4794 5255/6835/4807 5270/6842/4814 5271/6844/4816
f 5264/6822/4796 5263/6836/4808 5278/6843/4815 5279/6845/4817
f 5257/6821/4795 5256/6820/4794 5271/6844/4816 5272/6846/4818
f 5265/6823/4797 5264/6822/4796 5279/6845/4817 5280/6847/4819
f 5258/6824/4798 5257/6821/4795 5272/6846/4818 5273/6848/4820
f 5266/6825/4799 5265/6823/4797 5280/6847/4819 5281/6849/4821
f 5259/6826/4800 5258/6824/4798 5273/6848/4820 5274/6850/4822
f 5267/6827/4801 5266/6825/4799 5281/6849/4821 5282/6851/4823
f 5260/6828/4802 5259/6826/4800 5274/6850/4822 5275/6837/4809
f 5253/6830/4803 5298/6852/4526 5268/6839/4811
f 5454/6853/4528 5267/6827/4801 5282/6851/4823
f 5280/6847/4819 5279/6845/4817 5294/6854/4824 5295/6855/4825
f 5273/6848/4820 5272/6846/4818 5287/6856/4826 5288/6857/4827
f 5281/6849/4821 5280/6847/4819 5295/6855/4825 5296/6858/4828
f 5274/6850/4822 5273/6848/4820 5288/6857/4827 5289/6859/4829
f 5282/6851/4823 5281/6849/4821 5296/6858/4828 5297/6860/4830
f 5275/6837/4809 5274/6850/4822 5289/6859/4829 5290/6861/4831
f 5268/6839/4811 5298/6862/4526 5283/6863/4832
f 5454/6864/4528 5282/6851/4823 5297/6860/4830
f 5276/6838/4810 5275/6837/4809 5290/6861/4831 5291/6865/4833
f 5269/6840/4812 5268/6839/4811 5283/6863/4832 5284/6866/4834
f 5277/6841/4813 5276/6838/4810 5291/6865/4833 5292/6867/4835
f 5270/6842/4814 5269/6840/4812 5284/6866/4834 5285/6868/4836
f 5278/6843/4815 5277/6841/4813 5292/6867/4835 5293/6869/4837
f 5271/6844/4816 5270/6842/4814 5285/6868/4836 5286/6870/4838
f 5279/6845/4817 5278/6843/4815 5293/6869/4837 5294/6854/4824
f 5272/6846/4818 5271/6844/4816 5286/6870/4838 5287/6856/4826
f 5292/6867/4835 5291/6865/4833 5307/6871/4839 5308/6872/4840
f 5285/6868/4836 5284/6866/4834 5300/6873/4841 5301/6874/4842
f 5293/6869/4837 5292/6867/4835 5308/6872/4840 5309/6875/4843
f 5286/6870/4838 5285/6868/4836 5301/6874/4842 5302/6876/4844
f 5294/6854/4824 5293/6869/4837 5309/6875/4843 5310/6877/4845
f 5287/6856/4826 5286/6870/4838 5302/6876/4844 5303/6878/4846
f 5295/6855/4825 5294/6854/4824 5310/6877/4845 5311/6879/4847
f 5288/6857/4827 5287/6856/4826 5303/6878/4846 5304/6880/4848
f 5296/6858/4828 5295/6855/4825 5311/6879/4847 5312/6881/4849
f 5289/6859/4829 5288/6857/4827 5304/6880/4848 5305/6882/4850
f 5297/6860/4830 5296/6858/4828 5312/6881/4849 5313/6883/4851
f 5290/6861/4831 5289/6859/4829 5305/6882/4850 5306/6884/4852
f 5283/6863/4832 5298/6885/4526 5299/6886/4853
f 5454/6887/4528 5297/6860/4830 5313/6883/4851
f 5291/6865/4833 5290/6861/4831 5306/6884/4852 5307/6871/4839
f 5284/6866/4834 5283/6863/4832 5299/6886/4853 5300/6873/4841
f 5312/6881/4849 5311/6879/4847 5326/6888/4854 5327/6889/4855
f 5305/6882/4850 5304/6880/4848 5319/6890/4856 5320/6891/4857
f 5313/6883/4851 5312/6881/4849 5327/6889/4855 5328/6892/4858
f 5306/6884/4852 5305/6882/4850 5320/6891/4857 5321/6893/4859
f 5299/6886/4853 5298/6894/4526 5314/6895/4860
f 5454/6896/4528 5313/6883/4851 5328/6892/4858
f 5307/6871/4839 5306/6884/4852 5321/6893/4859 5322/6897/4861
f 5300/6873/4841 5299/6886/4853 5314/6895/4860 5315/6898/4862
f 5308/6872/4840 5307/6871/4839 5322/6897/4861 5323/6899/4863
f 5301/6874/4842 5300/6873/4841 5315/6898/4862 5316/6900/4864
f 5309/6875/4843 5308/6872/4840 5323/6899/4863 5324/6901/4865
f 5302/6876/4844 5301/6874/4842 5316/6900/4864 5317/6902/4866
f 5310/6877/4845 5309/6875/4843 5324/6901/4865 5325/6903/4867
f 5303/6878/4846 5302/6876/4844 5317/6902/4866 5318/6904/4868
f 5311/6879/4847 5310/6877/4845 5325/6903/4867 5326/6888/4854
f 5304/6880/4848 5303/6878/4846 5318/6904/4868 5319/6890/4856
f 5316/6900/4864 5315/6898/4862 5330/6905/4869 5331/6906/4870
f 5324/6901/4865 5323/6899/4863 5338/6907/4871 5339/6908/4872
f 5317/6902/4866 5316/6900/4864 5331/6906/4870 5332/6909/4873
f 5325/6903/4867 5324/6901/4865 5339/6908/4872 5340/6910/4874
f 5318/6904/4868 5317/6902/4866 5332/6909/4873 5333/6911/4875
f 5326/6888/4854 5325/6903/4867 5340/6910/4874 5341/6912/4876
f 5319/6890/4856 5318/6904/4868 5333/6911/4875 5334/6913/4877
f 5327/6889/4855 5326/6888/4854 5341/6912/4876 5342/6914/4878
f 5320/6891/4857 5319/6890/4856 5334/6913/4877 5335/6915/4879
f 5328/6892/4858 5327/6889/4855 5342/6914/4878 5343/6916/4880
f 5321/6893/4859 5320/6891/4857 5335/6915/4879 5336/6917/4881
f 5314/6895/4860 5298/6918/4526 5329/6919/4882
f 5454/6920/4528 5328/6892/4858 5343/6916/4880
f 5322/6897/4861 5321/6893/4859 5336/6917/4881 5337/6921/4883
f 5315/6898/4862 5314/6895/4860 5329/6919/4882 5330/6905/4869
f 5323/6899/4863 5322/6897/4861 5337/6921/4883 5338/6907/4871
f 5335/6922/4879 5334/6923/4877 5349/6924/4884 5350/6925/4885
f 5343/6926/4880 5342/6927/4878 5357/6928/4886 5358/6929/4887
f 5336/6930/4881 5335/6922/4879 5350/6925/4885 5351/6931/4888
f 5329/6932/4882 5298/6933/4526 5344/6934/4889
f 5454/6935/4528 5343/6926/4880 5358/6929/4887
f 5337/6936/4883 5336/6930/4881 5351/6931/4888 5352/6937/4890
f 5330/6938/4869 5329/6932/4882 5344/6934/4889 5345/6939/4891
f 5338/6940/4871 5337/6936/4883 5352/6937/4890 5353/6941/4892
f 5331/6942/4870 5330/6938/4869 5345/6939/4891 5346/6943/4893
f 5339/6944/4872 5338/6940/4871 5353/6941/4892 5354/6945/4894
f 5332/6946/4873 5331/6942/4870 5346/6943/4893 5347/6947/4895
f 5340/6948/4874 5339/6944/4872 5354/6945/4894 5355/6949/4896
f 5333/6950/4875 5332/6946/4873 5347/6947/4895 5348/6951/4897
f 5341/6952/4876 5340/6948/4874 5355/6949/4896 5356/6953/4898
f 5334/6923/4877 5333/6950/4875 5348/6951/4897 5349/6924/4884
f 5342/6927/4878 5341/6952/4876 5356/6953/4898 5357/6928/4886
f 5354/6945/4894 5353/6941/4892 5368/6954/4899 5369/6955/4900
f 5347/6947/4895 5346/6943/4893 5361/6956/4901 5362/6957/4902
f 5355/6949/4896 5354/6945/4894 5369/6955/4900 5370/6958/4903
f 5348/6951/4897 5347/6947/4895 5362/6957/4902 5363/6959/4904
f 5356/6953/4898 5355/6949/4896 5370/6958/4903 5371/6960/4905
f 5349/6924/4884 5348/6951/4897 5363/6959/4904 5364/6961/4906
f 5357/6928/4886 5356/6953/4898 5371/6960/4905 5372/6962/4907
f 5350/6925/4885 5349/6924/4884 5364/6961/4906 5365/6963/4908
f 5358/6929/4887 5357/6928/4886 5372/6962/4907 5373/6964/4909
f 5351/6931/4888 5350/6925/4885 5365/6963/4908 5366/6965/4910
f 5344/6934/4889 5298/6966/4526 5359/6967/4911
f 5454/6968/4528 5358/6929/4887 5373/6964/4909
f 5352/6937/4890 5351/6931/4888 5366/6965/4910 5367/6969/4912
f 5345/6939/4891 5344/6934/4889 5359/6967/4911 5360/6970/4913
f 5353/6941/4892 5352/6937/4890 5367/6969/4912 5368/6954/4899
f 5346/6943/4893 5345/6939/4891 5360/6970/4913 5361/6956/4901
f 5373/6964/4909 5372/6962/4907 5387/6971/4914 5388/6972/4915
f 5366/6965/4910 5365/6963/4908 5380/6973/4916 5381/6974/4917
f 5359/6967/4911 5298/6975/4526 5374/6976/4918
f 5454/6977/4528 5373/6964/4909 5388/6972/4915
f 5367/6969/4912 5366/6965/4910 5381/6974/4917 5382/6978/4919
f 5360/6970/4913 5359/6967/4911 5374/6976/4918 5375/6979/4920
f 5368/6954/4899 5367/6969/4912 5382/6978/4919 5383/6980/4921
f 5361/6956/4901 5360/6970/4913 5375/6979/4920 5376/6981/4922
f 5369/6955/4900 5368/6954/4899 5383/6980/4921 5384/6982/4923
f 5362/6957/4902 5361/6956/4901 5376/6981/4922 5377/6983/4924
f 5370/6958/4903 5369/6955/4900 5384/6982/4923 5385/6984/4925
f 5363/6959/4904 5362/6957/4902 5377/6983/4924 5378/6985/4926
f 5371/6960/4905 5370/6958/4903 5385/6984/4925 5386/6986/4927
f 5364/6961/4906 5363/6959/4904 5378/6985/4926 5379/6987/4928
f 5372/6962/4907 5371/6960/4905 5386/6986/4927 5387/6971/4914
f 5365/6963/4908 5364/6961/4906 5379/6987/4928 5380/6973/4916
f 5377/6983/4924 5376/6981/4922 5391/6988/4929 5392/6989/4930
f 5385/6984/4925 5384/6982/4923 5399/6990/4931 5400/6991/4932
f 5378/6985/4926 5377/6983/4924 5392/6989/4930 5393/6992/4933
f 5386/6986/4927 5385/6984/4925 5400/6991/4932 5401/6993/4934
f 5379/6987/4928 5378/6985/4926 5393/6992/4933 5394/6994/4935
f 5387/6971/4914 5386/6986/4927 5401/6993/4934 5402/6995/4936
f 5380/6973/4916 5379/6987/4928 5394/6994/4935 5395/6996/4937
f 5388/6972/4915 5387/6971/4914 5402/6995/4936 5403/6997/4938
f 5381/6974/4917 5380/6973/4916 5395/6996/4937 5396/6998/4939
f 5374/6976/4918 5298/6999/4526 5389/7000/4940
f 5454/7001/4528 5388/6972/4915 5403/6997/4938
f 5382/6978/4919 5381/6974/4917 5396/6998/4939 5397/7002/4941
f 5375/6979/4920 5374/6976/4918 5389/7000/4940 5390/7003/4942
f 5383/6980/4921 5382/6978/4919 5397/7002/4941 5398/7004/4943
f 5376/6981/4922 5375/6979/4920 5390/7003/4942 5391/6988/4929
f 5384/6982/4923 5383/6980/4921 5398/7004/4943 5399/6990/4931
f 5396/6998/4939 5395/6996/4937 5410/7005/4944 5411/7006/4945
f 5389/7000/4940 5298/7007/4526 5404/7008/4946
f 5454/7009/4528 5403/6997/4938 5418/7010/4947
f 5397/7002/4941 5396/6998/4939 5411/7006/4945 5412/7011/4948
f 5390/7003/4942 5389/7000/4940 5404/7008/4946 5405/7012/4949
f 5398/7004/4943 5397/7002/4941 5412/7011/4948 5413/7013/4950
f 5391/6988/4929 5390/7003/4942 5405/7012/4949 5406/7014/4951
f 5399/6990/4931 5398/7004/4943 5413/7013/4950 5414/7015/4952
f 5392/6989/4930 5391/6988/4929 5406/7014/4951 5407/7016/4953
f 5400/6991/4932 5399/6990/4931 5414/7015/4952 5415/7017/4954
f 5393/6992/4933 5392/6989/4930 5407/7016/4953 5408/7018/4955
f 5401/6993/4934 5400/6991/4932 5415/7017/4954 5416/7019/4956
f 5394/6994/4935 5393/6992/4933 5408/7018/4955 5409/7020/4957
f 5402/6995/4936 5401/6993/4934 5416/7019/4956 5417/7021/4958
f 5395/6996/4937 5394/6994/4935 5409/7020/4957 5410/7005/4944
f 5403/6997/4938 5402/6995/4936 5417/7021/4958 5418/7010/4947
f 5415/7017/4954 5414/7015/4952 5429/7022/4959 5430/7023/4960
f 5408/7018/4955 5407/7016/4953 5422/7024/4961 5423/7025/4962
f 5416/7019/4956 5415/7017/4954 5430/7023/4960 5431/7026/4963
f 5409/7020/4957 5408/7018/4955 5423/7025/4962 5424/7027/4964
f 5417/7021/4958 5416/7019/4956 5431/7026/4963 5432/7028/4965
f 5410/7005/4944 5409/7020/4957 5424/7027/4964 5425/7029/4966
f 5418/7010/4947 5417/7021/4958 5432/7028/4965 5433/7030/4967
f 5411/7006/4945 5410/7005/4944 5425/7029/4966 5426/7031/4968
f 5404/7008/4946 5298/7032/4526 5419/7033/4969
f 5454/7034/4528 5418/7010/4947 5433/7030/4967
f 5412/7011/4948 5411/7006/4945 5426/7031/4968 5427/7035/4970
f 5405/7012/4949 5404/7008/4946 5419/7033/4969 5420/7036/4971
f 5413/7013/4950 5412/7011/4948 5427/7035/4970 5428/7037/4972
f 5406/7014/4951 5405/7012/4949 5420/7036/4971 5421/7038/4973
f 5414/7015/4952 5413/7013/4950 5428/7037/4972 5429/7022/4959
f 5407/7016/4953 5406/7014/4951 5421/7038/4973 5422/7024/4961
f 5454/7039/4528 5433/7030/4967 5448/7040/4974
f 5427/7035/4970 5426/7031/4968 5441/7041/4975 5442/7042/4976
f 5420/7036/4971 5419/7033/4969 5434/7043/4977 5435/7044/4978
f 5428/7037/4972 5427/7035/4970 5442/7042/4976 5443/7045/4979
f 5421/7038/4973 5420/7036/4971 5435/7044/4978 5436/7046/4980
f 5429/7022/4959 5428/7037/4972 5443/7045/4979 5444/7047/4981
f 5422/7024/4961 5421/7038/4973 5436/7046/4980 5437/7048/4982
f 5430/7023/4960 5429/7022/4959 5444/7047/4981 5445/7049/4983
f 5423/7025/4962 5422/7024/4961 5437/7048/4982 5438/7050/4984
f 5431/7026/4963 5430/7023/4960 5445/7049/4983 5446/7051/4985
f 5424/7027/4964 5423/7025/4962 5438/7050/4984 5439/7052/4986
f 5432/7028/4965 5431/7026/4963 5446/7051/4985 5447/7053/4987
f 5425/7029/4966 5424/7027/4964 5439/7052/4986 5440/7054/4988
f 5433/7030/4967 5432/7028/4965 5447/7053/4987 5448/7040/4974
f 5426/7031/4968 5425/7029/4966 5440/7054/4988 5441/7041/4975
f 5419/7033/4969 5298/7055/4526 5434/7043/4977
f 5446/7051/4985 5445/7049/4983 4981/6504/4512 4982/6503/4511
f 5439/7052/4986 5438/7050/4984 4977/6499/4507 4978/6507/4515
f 5447/7053/4987 5446/7051/4985 4982/6503/4511 5452/6509/4517
f 5440/7054/4988 5439/7052/4986 4978/6507/4515 4979/6511/4519
f 5448/7040/4974 5447/7053/4987 5452/6509/4517 5453/6513/4521
f 5441/7041/4975 5440/7054/4988 4979/6511/4519 5449/6515/4523
f 5434/7043/4977 5298/7056/4526 4973/6517/4525
f 5454/7057/4528 5448/7040/4974 5453/6513/4521
f 5442/7042/4976 5441/7041/4975 5449/6515/4523 5450/6521/4529
f 5435/7044/4978 5434/7043/4977 4973/6517/4525 4974/6523/4531
f 5443/7045/4979 5442/7042/4976 5450/6521/4529 5451/6525/4533
f 5436/7046/4980 5435/7044/4978 4974/6523/4531 4975/6527/4535
f 5444/7047/4981 5443/7045/4979 5451/6525/4533 4980/6529/4537
f 5437/7048/4982 5436/7046/4980 4975/6527/4535 4976/6500/4508
f 5445/7049/4983 5444/7047/4981 4980/6529/4537 4981/6504/4512
f 5438/7050/4984 5437/7048/4982 4976/6500/4508 4977/6499/4507
o Torus
v 0.216575 3.992712 -2.537048
v 0.216557 3.974306 -2.487556
v 0.216544 3.924017 -2.451325
v 0.216539 3.855322 -2.438063
v 0.216544 3.786627 -2.451325
v 0.216557 3.736339 -2.487556
v 0.216575 3.717932 -2.537048
v 0.216593 3.736339 -2.586541
v 0.216606 3.786627 -2.622772
v 0.216611 3.855322 -2.636033
v 0.216606 3.924017 -2.622772
v 0.216593 3.974306 -2.586541
v 0.126910 3.986835 -2.537080
v 0.129294 3.968586 -2.487587
v 0.135845 3.918728 -2.451354
v 0.144807 3.850621 -2.438089
v 0.153778 3.782513 -2.451348
v 0.160355 3.732655 -2.487576
v 0.162776 3.714406 -2.537067
v 0.160391 3.732655 -2.586561
v 0.153840 3.782513 -2.622795
v 0.144879 3.850621 -2.636059
v 0.135907 3.918728 -2.622801
v 0.129330 3.968586 -2.586572
v 0.038779 3.969305 -2.537112
v 0.043525 3.951525 -2.487618
v 0.056527 3.902951 -2.451383
v 0.074302 3.836596 -2.438114
v 0.092087 3.770242 -2.451370
v 0.105115 3.721667 -2.487596
v 0.109897 3.703887 -2.537086
v 0.105151 3.721667 -2.586581
v 0.092149 3.770242 -2.622817
v 0.074374 3.836596 -2.636084
v 0.056589 3.902951 -2.622830
v 0.043561 3.951525 -2.586603
v -0.046310 3.940421 -2.537143
v -0.039284 3.923416 -2.487648
v -0.020052 3.876955 -2.451410
v 0.006231 3.813489 -2.438139
v 0.032525 3.750023 -2.451391
v 0.051782 3.703563 -2.487615
v 0.058844 3.686557 -2.537105
v 0.051818 3.703563 -2.586600
v 0.032587 3.750023 -2.622838
v 0.006303 3.813489 -2.636109
v -0.019990 3.876955 -2.622857
v -0.039248 3.923416 -2.586633
v -0.126901 3.900678 -2.537172
v -0.117716 3.884737 -2.487677
v -0.092584 3.841187 -2.451437
v -0.058242 3.781695 -2.438162
v -0.023889 3.722203 -2.451412
v 0.001268 3.678652 -2.487634
v 0.010489 3.662711 -2.537122
v 0.001304 3.678652 -2.586619
v -0.023827 3.722203 -2.622859
v -0.058170 3.781695 -2.636132
v -0.092522 3.841187 -2.622884
v -0.117680 3.884737 -2.586662
v -0.201615 3.850756 -2.537199
v -0.190427 3.836153 -2.487703
v -0.159827 3.796257 -2.451461
v -0.118013 3.741757 -2.438184
v -0.076189 3.687258 -2.451431
v -0.045562 3.647361 -2.487651
v -0.034339 3.632758 -2.537138
v -0.045526 3.647361 -2.586636
v -0.076127 3.687258 -2.622878
v -0.117941 3.741757 -2.636154
v -0.159765 3.796257 -2.622908
v -0.190391 3.836153 -2.586688
v -0.269173 3.791509 -2.537223
v -0.256176 3.778493 -2.487727
v -0.220629 3.742934 -2.451483
v -0.172060 3.694359 -2.438203
v -0.123480 3.645784 -2.451448
v -0.087908 3.610225 -2.487666
v -0.074874 3.597209 -2.537153
v -0.087872 3.610225 -2.586651
v -0.123418 3.645784 -2.622895
v -0.171988 3.694359 -2.636173
v -0.220567 3.742934 -2.622930
v -0.256140 3.778493 -2.586712
v -0.328420 3.723950 -2.537245
v -0.313835 3.712745 -2.487748
v -0.273952 3.682132 -2.451502
v -0.219457 3.640312 -2.438221
v -0.164953 3.598494 -2.451463
v -0.125043 3.567880 -2.487679
v -0.110422 3.556674 -2.537166
v -0.125007 3.567880 -2.586664
v -0.164891 3.598494 -2.622910
v -0.219385 3.640312 -2.636190
v -0.273890 3.682132 -2.622949
v -0.313799 3.712745 -2.586733
v -0.378343 3.649236 -2.537263
v -0.362420 3.640033 -2.487765
v -0.318882 3.614889 -2.451518
v -0.259395 3.580541 -2.438235
v -0.199898 3.546194 -2.451475
v -0.156334 3.521049 -2.487691
v -0.140376 3.511846 -2.537177
v -0.156298 3.521049 -2.586676
v -0.199836 3.546194 -2.622922
v -0.259323 3.580541 -2.636205
v -0.318820 3.614889 -2.622965
v -0.362384 3.640033 -2.586750
v -0.418086 3.568646 -2.537277
v -0.401098 3.561602 -2.487779
v -0.354651 3.542357 -2.451531
v -0.291189 3.516069 -2.438246
v -0.227718 3.489780 -2.451485
v -0.181245 3.470536 -2.487700
v -0.164221 3.463492 -2.537185
v -0.181209 3.470536 -2.586685
v -0.227656 3.489780 -2.622932
v -0.291117 3.516069 -2.636216
v -0.354589 3.542357 -2.622978
v -0.401062 3.561602 -2.586764
v -0.446969 3.483557 -2.537288
v -0.429208 3.478793 -2.487789
v -0.380646 3.465777 -2.451541
v -0.314296 3.447998 -2.438255
v -0.247937 3.430218 -2.451493
v -0.199349 3.417202 -2.487706
v -0.181552 3.412438 -2.537192
v -0.199313 3.417202 -2.586691
v -0.247875 3.430218 -2.622940
v -0.314225 3.447998 -2.636225
v -0.380584 3.465777 -2.622988
v -0.429172 3.478793 -2.586774
v -0.464500 3.395426 -2.537294
v -0.446268 3.393023 -2.487796
v -0.396423 3.386459 -2.451546
v -0.328320 3.377493 -2.438260
v -0.260208 3.368526 -2.451497
v -0.210337 3.361962 -2.487710
v -0.192070 3.359560 -2.537195
v -0.210301 3.361962 -2.586695
v -0.260146 3.368526 -2.622944
v -0.328249 3.377493 -2.636231
v -0.396361 3.386459 -2.622993
v -0.446232 3.393023 -2.586781
v -0.470377 3.305761 -2.537296
v -0.451988 3.305761 -2.487797
v -0.401713 3.305761 -2.451548
v -0.333021 3.305761 -2.438262
v -0.264322 3.305761 -2.451499
v -0.214021 3.305761 -2.487711
v -0.195596 3.305761 -2.537197
v -0.213985 3.305761 -2.586696
v -0.264260 3.305761 -2.622946
v -0.332950 3.305761 -2.636232
v -0.401651 3.305761 -2.622995
v -0.451952 3.305761 -2.586782
v -0.464500 3.216095 -2.537294
v -0.446268 3.218498 -2.487796
v -0.396423 3.225062 -2.451546
v -0.328320 3.234028 -2.438260
v -0.260208 3.242995 -2.451497
v -0.210337 3.249559 -2.487710
v -0.192070 3.251961 -2.537195
v -0.210301 3.249559 -2.586695
v -0.260146 3.242995 -2.622944
v -0.328249 3.234028 -2.636231
v -0.396361 3.225062 -2.622993
v -0.446232 3.218498 -2.586781
v -0.446969 3.127964 -2.537288
v -0.429208 3.132729 -2.487789
v -0.380646 3.145744 -2.451541
v -0.314296 3.163524 -2.438255
v -0.247937 3.181303 -2.451493
v -0.199349 3.194319 -2.487706
v -0.181552 3.199083 -2.537192
v -0.199313 3.194319 -2.586691
v -0.247875 3.181303 -2.622940
v -0.314225 3.163524 -2.636225
v -0.380584 3.145744 -2.622988
v -0.429172 3.132729 -2.586774
v -0.418086 3.042876 -2.537277
v -0.401098 3.049920 -2.487779
v -0.354651 3.069164 -2.451531
v -0.291189 3.095453 -2.438246
v -0.227718 3.121741 -2.451485
v -0.181245 3.140985 -2.487700
v -0.164221 3.148030 -2.537185
v -0.181209 3.140985 -2.586685
v -0.227656 3.121741 -2.622932
v -0.291118 3.095453 -2.636217
v -0.354589 3.069164 -2.622978
v -0.401062 3.049920 -2.586764
v -0.378343 2.962285 -2.537263
v -0.362420 2.971488 -2.487765
v -0.318882 2.996632 -2.451518
v -0.259394 3.030980 -2.438235
v -0.199898 3.065328 -2.451475
v -0.156334 3.090472 -2.487691
v -0.140376 3.099675 -2.537177
v -0.156298 3.090472 -2.586676
v -0.199836 3.065328 -2.622922
v -0.259323 3.030980 -2.636206
v -0.318820 2.996632 -2.622965
v -0.362384 2.971488 -2.586750
v -0.328420 2.887571 -2.537245
v -0.313835 2.898776 -2.487748
v -0.273952 2.929390 -2.451502
v -0.219456 2.971209 -2.438221
v -0.164953 3.013028 -2.451463
v -0.125043 3.043641 -2.487679
v -0.110422 3.054847 -2.537166
v -0.125007 3.043641 -2.586664
v -0.164891 3.013028 -2.622910
v -0.219385 2.971209 -2.636191
v -0.273890 2.929390 -2.622949
v -0.313799 2.898776 -2.586733
v -0.269173 2.820012 -2.537223
v -0.256176 2.833028 -2.487727
v -0.220629 2.868587 -2.451483
v -0.172058 2.917162 -2.438203
v -0.123480 2.965737 -2.451448
v -0.087907 3.001296 -2.487666
v -0.074874 3.014312 -2.537153
v -0.087871 3.001296 -2.586651
v -0.123418 2.965737 -2.622895
v -0.171987 2.917162 -2.636174
v -0.220567 2.868587 -2.622930
v -0.256140 2.833028 -2.586712
v -0.201615 2.760765 -2.537199
v -0.190427 2.775368 -2.487703
v -0.159827 2.815265 -2.451461
v -0.118012 2.869764 -2.438184
v -0.076189 2.924264 -2.451431
v -0.045562 2.964160 -2.487651
v -0.034339 2.978763 -2.537138
v -0.045526 2.964160 -2.586636
v -0.076127 2.924264 -2.622878
v -0.117941 2.869764 -2.636155
v -0.159765 2.815265 -2.622908
v -0.190391 2.775368 -2.586688
v -0.126901 2.710843 -2.537172
v -0.117716 2.726784 -2.487677
v -0.092584 2.770335 -2.451437
v -0.058242 2.829827 -2.438162
v -0.023889 2.889318 -2.451412
v 0.001268 2.932869 -2.487634
v 0.010489 2.948810 -2.537122
v 0.001304 2.932869 -2.586619
v -0.023827 2.889318 -2.622859
v -0.058170 2.829827 -2.636133
v -0.092522 2.770335 -2.622884
v -0.117680 2.726784 -2.586662
v -0.046310 2.671100 -2.537143
v -0.039284 2.688106 -2.487648
v -0.020053 2.734566 -2.451410
v 0.006232 2.798032 -2.438139
v 0.032524 2.861498 -2.451391
v 0.051782 2.907959 -2.487615
v 0.058844 2.924964 -2.537105
v 0.051818 2.907959 -2.586600
v 0.032586 2.861498 -2.622838
v 0.006303 2.798032 -2.636110
v -0.019991 2.734566 -2.622857
v -0.039248 2.688106 -2.586633
v 0.038779 2.642216 -2.537112
v 0.043525 2.659996 -2.487618
v 0.056528 2.708570 -2.451383
v 0.074303 2.774925 -2.438114
v 0.092087 2.841280 -2.451370
v 0.105115 2.889854 -2.487596
v 0.109897 2.907634 -2.537086
v 0.105151 2.889854 -2.586581
v 0.092149 2.841280 -2.622817
v 0.074374 2.774925 -2.636085
v 0.056590 2.708570 -2.622830
v 0.043561 2.659996 -2.586603
v 0.126910 2.624686 -2.537080
v 0.129294 2.642935 -2.487587
v 0.135845 2.692793 -2.451354
v 0.144808 2.760901 -2.438089
v 0.153778 2.829008 -2.451348
v 0.160355 2.878866 -2.487576
v 0.162776 2.897116 -2.537067
v 0.160391 2.878866 -2.586561
v 0.153840 2.829008 -2.622795
v 0.144879 2.760901 -2.636060
v 0.135907 2.692793 -2.622801
v 0.129330 2.642935 -2.586572
v 0.216575 2.618809 -2.537048
v 0.216557 2.637216 -2.487556
v 0.216544 2.687504 -2.451325
v 0.216540 2.756199 -2.438063
v 0.216544 2.824894 -2.451325
v 0.216557 2.875183 -2.487556
v 0.216575 2.893589 -2.537048
v 0.216593 2.875183 -2.586541
v 0.216606 2.824894 -2.622772
v 0.216611 2.756199 -2.636034
v 0.216606 2.687504 -2.622772
v 0.216593 2.637216 -2.586541
v 0.306240 2.624686 -2.537015
v 0.303820 2.642935 -2.487524
v 0.297243 2.692793 -2.451296
v 0.288271 2.760901 -2.438037
v 0.279310 2.829008 -2.451302
v 0.272759 2.878866 -2.487535
v 0.270374 2.897116 -2.537028
v 0.272795 2.878866 -2.586520
v 0.279372 2.829008 -2.622749
v 0.288343 2.760901 -2.636008
v 0.297305 2.692793 -2.622743
v 0.303856 2.642935 -2.586509
v 0.394371 2.642216 -2.536983
v 0.389589 2.659996 -2.487493
v 0.376561 2.708570 -2.451267
v 0.358777 2.774925 -2.438011
v 0.341001 2.841280 -2.451280
v 0.327999 2.889854 -2.487515
v 0.323253 2.907634 -2.537009
v 0.328035 2.889854 -2.586500
v 0.341063 2.841280 -2.622727
v 0.358848 2.774925 -2.635982
v 0.376623 2.708570 -2.622714
v 0.389625 2.659996 -2.586478
v 0.479460 2.671100 -2.536953
v 0.472398 2.688106 -2.487463
v 0.453140 2.734566 -2.451239
v 0.426847 2.798032 -2.437987
v 0.400563 2.861498 -2.451258
v 0.381332 2.907959 -2.487496
v 0.374306 2.924964 -2.536991
v 0.381368 2.907959 -2.586481
v 0.400625 2.861498 -2.622705
v 0.426919 2.798032 -2.635958
v 0.453202 2.734566 -2.622686
v 0.472434 2.688106 -2.586448
v 0.560051 2.710843 -2.536924
v 0.550829 2.726784 -2.487435
v 0.525672 2.770335 -2.451213
v 0.491320 2.829826 -2.437963
v 0.456977 2.889318 -2.451238
v 0.431846 2.932869 -2.487478
v 0.422661 2.948810 -2.536973
v 0.431882 2.932869 -2.586463
v 0.457039 2.889318 -2.622685
v 0.491392 2.829826 -2.635934
v 0.525734 2.770335 -2.622660
v 0.550865 2.726784 -2.586420
v 0.634765 2.760765 -2.536896
v 0.623541 2.775368 -2.487409
v 0.592915 2.815265 -2.451189
v 0.551091 2.869764 -2.437942
v 0.509277 2.924264 -2.451219
v 0.478676 2.964160 -2.487461
v 0.467489 2.978763 -2.536957
v 0.478712 2.964160 -2.586446
v 0.509339 2.924264 -2.622666
v 0.551163 2.869764 -2.635913
v 0.592977 2.815265 -2.622636
v 0.623577 2.775368 -2.586394
v 0.702323 2.820012 -2.536872
v 0.689290 2.833028 -2.487385
v 0.653717 2.868587 -2.451167
v 0.605138 2.917162 -2.437922
v 0.556568 2.965737 -2.451202
v 0.521022 3.001296 -2.487446
v 0.508024 3.014312 -2.536942
v 0.521058 3.001296 -2.586431
v 0.556630 2.965737 -2.622649
v 0.605210 2.917162 -2.635893
v 0.653779 2.868587 -2.622614
v 0.689326 2.833028 -2.586370
v 0.761570 2.887571 -2.536851
v 0.746949 2.898776 -2.487364
v 0.707040 2.929389 -2.451148
v 0.652535 2.971209 -2.437905
v 0.598041 3.013028 -2.451187
v 0.558157 3.043641 -2.487432
v 0.543572 3.054847 -2.536930
v 0.558193 3.043641 -2.586417
v 0.598103 3.013028 -2.622634
v 0.652607 2.971209 -2.635876
v 0.707102 2.929389 -2.622595
v 0.746985 2.898776 -2.586349
v 0.811493 2.962285 -2.536833
v 0.795534 2.971488 -2.487347
v 0.751970 2.996632 -2.451131
v 0.692473 3.030980 -2.437891
v 0.632987 3.065328 -2.451174
v 0.589448 3.090472 -2.487421
v 0.573526 3.099675 -2.536919
v 0.589484 3.090472 -2.586406
v 0.633049 3.065328 -2.622621
v 0.692545 3.030980 -2.635862
v 0.752032 2.996632 -2.622578
v 0.795570 2.971488 -2.586332
v 0.851236 3.042876 -2.536818
v 0.834212 3.049920 -2.487333
v 0.787739 3.069164 -2.451118
v 0.724268 3.095453 -2.437879
v 0.660807 3.121741 -2.451164
v 0.614359 3.140985 -2.487412
v 0.597371 3.148030 -2.536910
v 0.614395 3.140985 -2.586397
v 0.660869 3.121741 -2.622611
v 0.724340 3.095453 -2.635850
v 0.787801 3.069164 -2.622565
v 0.834248 3.049920 -2.586318
v 0.880120 3.127964 -2.536808
v 0.862322 3.132728 -2.487322
v 0.813734 3.145744 -2.451109
v 0.747375 3.163523 -2.437871
v 0.681025 3.181303 -2.451157
v 0.632463 3.194319 -2.487406
v 0.614702 3.199083 -2.536904
v 0.632499 3.194319 -2.586390
v 0.681087 3.181303 -2.622604
v 0.747447 3.163523 -2.635842
v 0.813796 3.145744 -2.622556
v 0.862358 3.132728 -2.586307
v 0.897650 3.216095 -2.536802
v 0.879383 3.218498 -2.487316
v 0.829511 3.225062 -2.451103
v 0.761399 3.234028 -2.437866
v 0.693296 3.242995 -2.451153
v 0.643451 3.249559 -2.487401
v 0.625220 3.251961 -2.536900
v 0.643487 3.249559 -2.586386
v 0.693358 3.242995 -2.622600
v 0.761471 3.234028 -2.635837
v 0.829573 3.225062 -2.622550
v 0.879419 3.218498 -2.586301
v 0.903527 3.305761 -2.536799
v 0.885102 3.305761 -2.487314
v 0.834801 3.305761 -2.451101
v 0.766100 3.305761 -2.437864
v 0.697410 3.305761 -2.451151
v 0.647135 3.305761 -2.487400
v 0.628746 3.305761 -2.536899
v 0.647171 3.305761 -2.586385
v 0.697472 3.305761 -2.622598
v 0.766172 3.305761 -2.635835
v 0.834863 3.305761 -2.622548
v 0.885138 3.305761 -2.586299
v 0.897650 3.395426 -2.536802
v 0.879383 3.393023 -2.487316
v 0.829511 3.386459 -2.451103
v 0.761399 3.377493 -2.437866
v 0.693296 3.368526 -2.451153
v 0.643451 3.361962 -2.487401
v 0.625220 3.359560 -2.536900
v 0.643487 3.361962 -2.586386
v 0.693358 3.368526 -2.622600
v 0.761471 3.377493 -2.635837
v 0.829573 3.386459 -2.622550
v 0.879419 3.393023 -2.586301
v 0.880120 3.483557 -2.536808
v 0.862322 3.478792 -2.487322
v 0.813734 3.465777 -2.451109
v 0.747375 3.447997 -2.437871
v 0.681025 3.430218 -2.451157
v 0.632463 3.417202 -2.487406
v 0.614702 3.412438 -2.536904
v 0.632499 3.417202 -2.586390
v 0.681087 3.430218 -2.622604
v 0.747447 3.447997 -2.635841
v 0.813796 3.465777 -2.622556
v 0.862358 3.478792 -2.586307
v 0.851236 3.568646 -2.536818
v 0.834212 3.561602 -2.487333
v 0.787739 3.542357 -2.451118
v 0.724268 3.516069 -2.437879
v 0.660807 3.489780 -2.451164
v 0.614359 3.470536 -2.487412
v 0.597371 3.463492 -2.536910
v 0.614395 3.470536 -2.586397
v 0.660869 3.489780 -2.622611
v 0.724340 3.516069 -2.635849
v 0.787801 3.542357 -2.622565
v 0.834248 3.561602 -2.586318
v 0.811493 3.649236 -2.536833
v 0.795534 3.640033 -2.487347
v 0.751970 3.614889 -2.451131
v 0.692473 3.580541 -2.437891
v 0.632986 3.546194 -2.451174
v 0.589448 3.521049 -2.487421
v 0.573526 3.511846 -2.536919
v 0.589484 3.521049 -2.586406
v 0.633048 3.546194 -2.622621
v 0.692545 3.580541 -2.635861
v 0.752032 3.614889 -2.622578
v 0.795570 3.640033 -2.586332
v 0.761571 3.723950 -2.536851
v 0.746950 3.712745 -2.487364
v 0.707040 3.682131 -2.451148
v 0.652536 3.640312 -2.437905
v 0.598041 3.598493 -2.451187
v 0.558158 3.567880 -2.487432
v 0.543572 3.556674 -2.536930
v 0.558194 3.567880 -2.586417
v 0.598103 3.598493 -2.622634
v 0.652608 3.640312 -2.635875
v 0.707102 3.682131 -2.622595
v 0.746986 3.712745 -2.586349
v 0.702324 3.791509 -2.536872
v 0.689290 3.778493 -2.487385
v 0.653718 3.742934 -2.451167
v 0.605138 3.694359 -2.437922
v 0.556568 3.645784 -2.451202
v 0.521022 3.610225 -2.487446
v 0.508024 3.597209 -2.536942
v 0.521058 3.610225 -2.586431
v 0.556630 3.645784 -2.622649
v 0.605210 3.694359 -2.635892
v 0.653780 3.742934 -2.622614
v 0.689326 3.778493 -2.586370
v 0.634765 3.850756 -2.536896
v 0.623541 3.836153 -2.487409
v 0.592915 3.796257 -2.451189
v 0.551091 3.741757 -2.437942
v 0.509277 3.687258 -2.451219
v 0.478676 3.647361 -2.487461
v 0.467489 3.632758 -2.536957
v 0.478712 3.647361 -2.586446
v 0.509339 3.687258 -2.622666
v 0.551163 3.741757 -2.635912
v 0.592977 3.796257 -2.622636
v 0.623577 3.836153 -2.586394
v 0.560051 3.900678 -2.536924
v 0.550830 3.884737 -2.487435
v 0.525672 3.841187 -2.451213
v 0.491320 3.781695 -2.437963
v 0.456977 3.722203 -2.451238
v 0.431846 3.678652 -2.487478
v 0.422661 3.662711 -2.536973
v 0.431882 3.678652 -2.586463
v 0.457039 3.722203 -2.622685
v 0.491392 3.781695 -2.635933
v 0.525734 3.841187 -2.622660
v 0.550866 3.884737 -2.586420
v 0.479460 3.940421 -2.536953
v 0.472398 3.923416 -2.487463
v 0.453141 3.876955 -2.451239
v 0.426847 3.813489 -2.437987
v 0.400564 3.750023 -2.451258
v 0.381332 3.703563 -2.487496
v 0.374306 3.686557 -2.536991
v 0.381368 3.703563 -2.586481
v 0.400626 3.750023 -2.622705
v 0.426919 3.813489 -2.635957
v 0.453203 3.876955 -2.622686
v 0.472434 3.923416 -2.586448
v 0.394371 3.969305 -2.536983
v 0.389589 3.951526 -2.487493
v 0.376560 3.902951 -2.451267
v 0.358776 3.836596 -2.438011
v 0.341001 3.770242 -2.451280
v 0.327999 3.721667 -2.487515
v 0.323253 3.703887 -2.537009
v 0.328035 3.721667 -2.586500
v 0.341063 3.770242 -2.622727
v 0.358848 3.836596 -2.635981
v 0.376622 3.902951 -2.622714
v 0.389625 3.951526 -2.586478
v 0.306240 3.986835 -2.537015
v 0.303820 3.968586 -2.487524
v 0.297243 3.918728 -2.451296
v 0.288271 3.850621 -2.438037
v 0.279310 3.782513 -2.451302
v 0.272759 3.732655 -2.487535
v 0.270374 3.714406 -2.537028
v 0.272795 3.732655 -2.586520
v 0.279372 3.782513 -2.622749
v 0.288343 3.850621 -2.636007
v 0.297305 3.918728 -2.622743
v 0.303856 3.968586 -2.586509
vn -0.0614 0.9355 0.3479
vn -0.0386 0.5841 0.8107
vn -0.0128 0.1895 0.9818
vn 0.0121 -0.1895 0.9818
vn 0.0380 -0.5841 0.8108
vn 0.0612 -0.9355 0.3480
vn 0.0614 -0.9355 -0.3479
vn 0.0386 -0.5841 -0.8107
vn 0.0128 -0.1895 -0.9818
vn -0.0121 0.1895 -0.9818
vn -0.0380 0.5841 -0.8108
vn -0.0612 0.9355 -0.3479
vn -0.1830 0.9195 0.3479
vn -0.1145 0.5741 0.8107
vn -0.0374 0.1863 0.9818
vn 0.0367 -0.1863 0.9818
vn 0.1139 -0.5741 0.8108
vn 0.1828 -0.9195 0.3480
vn 0.1830 -0.9195 -0.3479
vn 0.1145 -0.5741 -0.8107
vn 0.0374 -0.1863 -0.9818
vn -0.0367 0.1863 -0.9818
vn -0.1139 0.5741 -0.8108
vn -0.1828 0.9195 -0.3480
vn -0.3015 0.8878 0.3478
vn -0.1885 0.5543 0.8107
vn -0.0614 0.1799 0.9818
vn 0.0607 -0.1799 0.9818
vn 0.1879 -0.5543 0.8108
vn 0.3012 -0.8878 0.3480
vn 0.3015 -0.8878 -0.3478
vn 0.1885 -0.5543 -0.8107
vn 0.0614 -0.1799 -0.9818
vn -0.0607 0.1799 -0.9818
vn -0.1879 0.5543 -0.8108
vn -0.3012 0.8878 -0.3480
vn -0.4148 0.8408 0.3478
vn -0.2592 0.5250 0.8107
vn -0.0844 0.1704 0.9818
vn 0.0837 -0.1704 0.9818
vn 0.2586 -0.5250 0.8109
vn 0.4145 -0.8408 0.3481
vn 0.4148 -0.8408 -0.3478
vn 0.2592 -0.5250 -0.8107
vn 0.0844 -0.1703 -0.9818
vn -0.0836 0.1703 -0.9818
vn -0.2586 0.5250 -0.8109
vn -0.4145 0.8408 -0.3481
vn -0.5210 0.7795 0.3477
vn -0.3255 0.4867 0.8106
vn -0.1059 0.1579 0.9818
vn 0.1052 -0.1579 0.9818
vn 0.3249 -0.4867 0.8109
vn 0.5207 -0.7795 0.3481
vn 0.5210 -0.7795 -0.3477
vn 0.3255 -0.4867 -0.8106
vn 0.1059 -0.1579 -0.9818
vn -0.1052 0.1579 -0.9818
vn -0.3249 0.4867 -0.8109
vn -0.5207 0.7795 -0.3481
vn -0.6183 0.7049 0.3477
vn -0.3863 0.4401 0.8106
vn -0.1256 0.1428 0.9817
vn 0.1249 -0.1428 0.9818
vn 0.3857 -0.4401 0.8109
vn 0.6180 -0.7049 0.3482
vn 0.6183 -0.7049 -0.3477
vn 0.3863 -0.4401 -0.8106
vn 0.1256 -0.1428 -0.9818
vn -0.1249 0.1428 -0.9818
vn -0.3857 0.4401 -0.8109
vn -0.6180 0.7049 -0.3481
vn -0.7050 0.6181 0.3477
vn -0.4404 0.3860 0.8106
vn -0.1432 0.1252 0.9817
vn 0.1425 -0.1252 0.9818
vn 0.4398 -0.3860 0.8109
vn 0.7047 -0.6181 0.3482
vn 0.7050 -0.6181 -0.3477
vn 0.4404 -0.3860 -0.8106
vn 0.1432 -0.1252 -0.9817
vn -0.1424 0.1252 -0.9818
vn -0.4398 0.3860 -0.8109
vn -0.7047 0.6181 -0.3482
vn -0.7796 0.5209 0.3476
vn -0.4870 0.3252 0.8106
vn -0.1583 0.1055 0.9817
vn 0.1576 -0.1055 0.9819
vn 0.4864 -0.3252 0.8109
vn 0.7794 -0.5209 0.3482
vn 0.7796 -0.5209 -0.3476
vn 0.4870 -0.3252 -0.8106
vn 0.1583 -0.1055 -0.9817
vn -0.1576 0.1055 -0.9819
vn -0.4864 0.3252 -0.8109
vn -0.7794 0.5209 -0.3482
vn -0.8410 0.4147 0.3476
vn -0.5253 0.2589 0.8106
vn -0.1707 0.0840 0.9817
vn 0.1700 -0.0840 0.9819
vn 0.5247 -0.2589 0.8109
vn 0.8407 -0.4147 0.3482
vn 0.8410 -0.4147 -0.3476
vn 0.5253 -0.2589 -0.8106
vn 0.1707 -0.0840 -0.9817
vn -0.1700 0.0840 -0.9819
vn -0.5247 0.2589 -0.8109
vn -0.8407 0.4147 -0.3482
vn -0.8879 0.3014 0.3476
vn -0.5546 0.1882 0.8106
vn -0.1802 0.0611 0.9817
vn 0.1795 -0.0611 0.9819
vn 0.5540 -0.1882 0.8110
vn 0.8876 -0.3014 0.3483
vn 0.8879 -0.3014 -0.3476
vn 0.5546 -0.1882 -0.8106
vn 0.1802 -0.0611 -0.9817
vn -0.1795 0.0611 -0.9819
vn -0.5540 0.1882 -0.8110
vn -0.8876 0.3014 -0.3482
vn -0.9196 0.1829 0.3476
vn -0.5744 0.1142 0.8106
vn -0.1867 0.0371 0.9817
vn 0.1859 -0.0371 0.9819
vn 0.5738 -0.1142 0.8110
vn 0.9194 -0.1829 0.3483
vn 0.9196 -0.1829 -0.3476
vn 0.5744 -0.1142 -0.8106
vn 0.1866 -0.0370 -0.9817
vn -0.1859 0.0371 -0.9819
vn -0.5738 0.1142 -0.8110
vn -0.9194 0.1829 -0.3483
vn -0.9356 0.0613 0.3476
vn -0.5844 0.0383 0.8105
vn -0.1899 0.0124 0.9817
vn 0.1892 -0.0124 0.9819
vn 0.5838 -0.0383 0.8110
vn 0.9354 -0.0613 0.3483
vn 0.9356 -0.0613 -0.3476
vn 0.5844 -0.0383 -0.8105
vn 0.1899 -0.0124 -0.9817
vn -0.1892 0.0124 -0.9819
vn -0.5838 0.0383 -0.8110
vn -0.9354 0.0613 -0.3483
vn -0.9356 -0.0613 0.3476
vn -0.5844 -0.0383 0.8105
vn -0.1899 -0.0124 0.9817
vn 0.1892 0.0124 0.9819
vn 0.5838 0.0383 0.8110
vn 0.9354 0.0613 0.3483
vn 0.9356 0.0613 -0.3476
vn 0.5844 0.0383 -0.8105
vn 0.1899 0.0124 -0.9817
vn -0.1892 -0.0124 -0.9819
vn -0.5838 -0.0383 -0.8110
vn -0.9354 -0.0613 -0.3483
vn -0.9196 -0.1829 0.3476
vn -0.5744 -0.1142 0.8106
vn -0.1867 -0.0371 0.9817
vn 0.1859 0.0371 0.9819
vn 0.5738 0.1142 0.8110
vn 0.9194 0.1829 0.3483
vn 0.9196 0.1829 -0.3476
vn 0.5744 0.1142 -0.8106
vn 0.1866 0.0371 -0.9817
vn -0.1859 -0.0371 -0.9819
vn -0.5738 -0.1142 -0.8110
vn -0.9194 -0.1829 -0.3483
vn -0.8879 -0.3014 0.3476
vn -0.5546 -0.1882 0.8106
vn -0.1802 -0.0611 0.9817
vn 0.1795 0.0611 0.9819
vn 0.5540 0.1882 0.8110
vn 0.8876 0.3014 0.3483
vn 0.8879 0.3014 -0.3476
vn 0.5546 0.1882 -0.8106
vn 0.1802 0.0611 -0.9817
vn -0.1795 -0.0611 -0.9819
vn -0.5540 -0.1882 -0.8110
vn -0.8876 -0.3014 -0.3482
vn -0.8410 -0.4147 0.3476
vn -0.5253 -0.2589 0.8106
vn -0.1707 -0.0840 0.9817
vn 0.1700 0.0840 0.9819
vn 0.5247 0.2589 0.8109
vn 0.8407 0.4147 0.3482
vn 0.8410 0.4147 -0.3476
vn 0.5253 0.2589 -0.8106
vn 0.1707 0.0840 -0.9817
vn -0.1700 -0.0840 -0.9819
vn -0.5247 -0.2589 -0.8109
vn -0.8407 -0.4146 -0.3482
vn -0.7796 -0.5209 0.3476
vn -0.4870 -0.3252 0.8106
vn -0.1583 -0.1055 0.9817
vn 0.1576 0.1055 0.9819
vn 0.4864 0.3252 0.8109
vn 0.7794 0.5209 0.3482
vn 0.7796 0.5209 -0.3476
vn 0.4870 0.3252 -0.8106
vn 0.1583 0.1055 -0.9817
vn -0.1576 -0.1055 -0.9819
vn -0.4864 -0.3252 -0.8109
vn -0.7794 -0.5209 -0.3482
vn -0.7050 -0.6181 0.3477
vn -0.4404 -0.3860 0.8106
vn -0.1432 -0.1252 0.9817
vn 0.1425 0.1252 0.9818
vn 0.4398 0.3860 0.8109
vn 0.7047 0.6182 0.3482
vn 0.7050 0.6182 -0.3477
vn 0.4404 0.3860 -0.8106
vn 0.1432 0.1252 -0.9817
vn -0.1425 -0.1252 -0.9818
vn -0.4398 -0.3860 -0.8109
vn -0.7047 -0.6181 -0.3482
vn -0.6183 -0.7049 0.3477
vn -0.3863 -0.4401 0.8106
vn -0.1256 -0.1428 0.9817
vn 0.1249 0.1428 0.9818
vn 0.3857 0.4401 0.8109
vn 0.6180 0.7049 0.3482
vn 0.6183 0.7049 -0.3477
vn 0.3863 0.4401 -0.8106
vn 0.1256 0.1428 -0.9817
vn -0.1249 -0.1428 -0.9818
vn -0.3857 -0.4401 -0.8109
vn -0.6180 -0.7049 -0.3482
vn -0.5210 -0.7795 0.3477
vn -0.3255 -0.4867 0.8106
vn -0.1059 -0.1579 0.9818
vn 0.1052 0.1579 0.9818
vn 0.3249 0.4867 0.8109
vn 0.5207 0.7795 0.3481
vn 0.5210 0.7795 -0.3477
vn 0.3255 0.4867 -0.8106
vn 0.1059 0.1579 -0.9818
vn -0.1052 -0.1579 -0.9818
vn -0.3249 -0.4867 -0.8109
vn -0.5207 -0.7795 -0.3481
vn -0.4148 -0.8408 0.3478
vn -0.2592 -0.5250 0.8107
vn -0.0844 -0.1704 0.9818
vn 0.0837 0.1704 0.9818
vn 0.2586 0.5250 0.8109
vn 0.4145 0.8408 0.3481
vn 0.4148 0.8408 -0.3478
vn 0.2592 0.5250 -0.8107
vn 0.0844 0.1704 -0.9818
vn -0.0837 -0.1704 -0.9818
vn -0.2586 -0.5250 -0.8109
vn -0.4145 -0.8408 -0.3481
vn -0.3015 -0.8878 0.3478
vn -0.1885 -0.5543 0.8107
vn -0.0614 -0.1799 0.9818
vn 0.0607 0.1799 0.9818
vn 0.1879 0.5543 0.8108
vn 0.3012 0.8878 0.3480
vn 0.3015 0.8878 -0.3478
vn 0.1885 0.5543 -0.8107
vn 0.0614 0.1799 -0.9818
vn -0.0607 -0.1799 -0.9818
vn -0.1879 -0.5543 -0.8108
vn -0.3012 -0.8878 -0.3480
vn -0.1830 -0.9195 0.3479
vn -0.1145 -0.5741 0.8107
vn -0.0374 -0.1863 0.9818
vn 0.0367 0.1863 0.9818
vn 0.1139 0.5741 0.8108
vn 0.1828 0.9195 0.3480
vn 0.1830 0.9195 -0.3479
vn 0.1145 0.5741 -0.8107
vn 0.0374 0.1863 -0.9818
vn -0.0367 -0.1863 -0.9818
vn -0.1139 -0.5741 -0.8108
vn -0.1828 -0.9195 -0.3480
vn -0.0614 -0.9355 0.3479
vn -0.0386 -0.5841 0.8107
vn -0.0128 -0.1895 0.9818
vn 0.0121 0.1895 0.9818
vn 0.0380 0.5841 0.8108
vn 0.0612 0.9355 0.3480
vn 0.0614 0.9355 -0.3479
vn 0.0386 0.5841 -0.8107
vn 0.0128 0.1895 -0.9818
vn -0.0121 -0.1895 -0.9818
vn -0.0380 -0.5841 -0.8108
vn -0.0612 -0.9355 -0.3479
vn -0.0386 0.5841 0.8108
vn -0.0837 0.1704 -0.9818
vn 0.0844 -0.1704 -0.9818
vn -0.6180 0.7049 -0.3482
vn 0.1256 -0.1428 -0.9817
vn -0.1425 0.1252 -0.9818
vn -0.5247 0.2589 -0.8110
vn -0.9194 0.1829 -0.3482
vn 0.1867 -0.0371 -0.9817
vn 0.5844 -0.0383 -0.8106
vn 0.5844 0.0383 -0.8106
vn -0.9194 -0.1829 -0.3482
vn -0.1859 -0.0370 -0.9819
vn -0.8407 -0.4147 -0.3482
vn -0.5247 -0.2589 -0.8110
vn -0.7796 -0.5209 0.3477
vn 0.7797 0.5209 -0.3476
vn 0.7047 0.6181 0.3482
vn -0.1424 -0.1252 -0.9818
vn -0.6180 -0.7049 -0.3481
vn 0.1256 0.1428 -0.9818
vn -0.0836 -0.1703 -0.9818
vn 0.0844 0.1703 -0.9818
vn 0.0612 0.9355 0.3479
vt 0.500000 0.500000
vt 0.520833 0.500000
vt 0.520833 0.583333
vt 0.500000 0.583333
vt 0.520833 0.666667
vt 0.500000 0.666667
vt 0.520833 0.750000
vt 0.500000 0.750000
vt 0.520833 0.833333
vt 0.500000 0.833333
vt 0.520833 0.916667
vt 0.500000 0.916667
vt 0.520833 1.000000
vt 0.500000 1.000000
vt 0.500000 0.000000
vt 0.520833 0.000000
vt 0.520833 0.083333
vt 0.500000 0.083333
vt 0.520833 0.166667
vt 0.500000 0.166667
vt 0.520833 0.250000
vt 0.500000 0.250000
vt 0.520833 0.333333
vt 0.500000 0.333333
vt 0.520833 0.416667
vt 0.500000 0.416667
vt 0.541667 0.500000
vt 0.541667 0.583333
vt 0.541667 0.666667
vt 0.541667 0.750000
vt 0.541667 0.833333
vt 0.541667 0.916667
vt 0.541667 1.000000
vt 0.541667 0.000000
vt 0.541667 0.083333
vt 0.541667 0.166667
vt 0.541667 0.250000
vt 0.541667 0.333333
vt 0.541667 0.416667
vt 0.562500 0.500000
vt 0.562500 0.583333
vt 0.562500 0.666667
vt 0.562500 0.750000
vt 0.562500 0.833333
vt 0.562500 0.916667
vt 0.562500 1.000000
vt 0.562500 0.000000
vt 0.562500 0.083333
vt 0.562500 0.166667
vt 0.562500 0.250000
vt 0.562500 0.333333
vt 0.562500 0.416667
vt 0.583333 0.500000
vt 0.583333 0.583333
vt 0.583333 0.666667
vt 0.583333 0.750000
vt 0.583333 0.833333
vt 0.583333 0.916667
vt 0.583333 1.000000
vt 0.583333 0.000000
vt 0.583333 0.083333
vt 0.583333 0.166667
vt 0.583333 0.250000
vt 0.583333 0.333333
vt 0.583333 0.416667
vt 0.604167 0.500000
vt 0.604167 0.583333
vt 0.604167 0.666667
vt 0.604167 0.750000
vt 0.604167 0.833333
vt 0.604167 0.916667
vt 0.604167 1.000000
vt 0.604167 0.000000
vt 0.604167 0.083333
vt 0.604167 0.166667
vt 0.604167 0.250000
vt 0.604167 0.333333
vt 0.604167 0.416667
vt 0.625000 0.500000
vt 0.625000 0.583333
vt 0.625000 0.666667
vt 0.625000 0.750000
vt 0.625000 0.833333
vt 0.625000 0.916667
vt 0.625000 1.000000
vt 0.625000 0.000000
vt 0.625000 0.083333
vt 0.625000 0.166667
vt 0.625000 0.250000
vt 0.625000 0.333333
vt 0.625000 0.416667
vt 0.645833 0.500000
vt 0.645833 0.583333
vt 0.645833 0.666667
vt 0.645833 0.750000
vt 0.645833 0.833333
vt 0.645833 0.916667
vt 0.645833 1.000000
vt 0.645833 0.000000
vt 0.645833 0.083333
vt 0.645833 0.166667
vt 0.645833 0.250000
vt 0.645833 0.333333
vt 0.645833 0.416667
vt 0.666667 0.500000
vt 0.666667 0.583333
vt 0.666667 0.666667
vt 0.666667 0.750000
vt 0.666667 0.833333
vt 0.666667 0.916667
vt 0.666667 1.000000
vt 0.666667 0.000000
vt 0.666667 0.083333
vt 0.666667 0.166667
vt 0.666667 0.250000
vt 0.666667 0.333333
vt 0.666667 0.416667
vt 0.687500 0.500000
vt 0.687500 0.583333
vt 0.687500 0.666667
vt 0.687500 0.750000
vt 0.687500 0.833333
vt 0.687500 0.916667
vt 0.687500 1.000000
vt 0.687500 0.000000
vt 0.687500 0.083333
vt 0.687500 0.166667
vt 0.687500 0.250000
vt 0.687500 0.333333
vt 0.687500 0.416667
vt 0.708333 0.500000
vt 0.708333 0.583333
vt 0.708333 0.666667
vt 0.708333 0.750000
vt 0.708333 0.833333
vt 0.708333 0.916667
vt 0.708333 1.000000
vt 0.708333 0.000000
vt 0.708333 0.083333
vt 0.708333 0.166667
vt 0.708333 0.250000
vt 0.708333 0.333333
vt 0.708333 0.416667
vt 0.729167 0.500000
vt 0.729167 0.583333
vt 0.729167 0.666667
vt 0.729167 0.750000
vt 0.729167 0.833333
vt 0.729167 0.916667
vt 0.729167 1.000000
vt 0.729167 0.000000
vt 0.729167 0.083333
vt 0.729167 0.166667
vt 0.729167 0.250000
vt 0.729167 0.333333
vt 0.729167 0.416667
vt 0.750000 0.500000
vt 0.750000 0.583333
vt 0.750000 0.666667
vt 0.750000 0.750000
vt 0.750000 0.833333
vt 0.750000 0.916667
vt 0.750000 1.000000
vt 0.750000 0.000000
vt 0.750000 0.083333
vt 0.750000 0.166667
vt 0.750000 0.250000
vt 0.750000 0.333333
vt 0.750000 0.416667
vt 0.770833 0.500000
vt 0.770833 0.583333
vt 0.770833 0.666667
vt 0.770833 0.750000
vt 0.770833 0.833333
vt 0.770833 0.916667
vt 0.770833 1.000000
vt 0.770833 0.000000
vt 0.770833 0.083333
vt 0.770833 0.166667
vt 0.770833 0.250000
vt 0.770833 0.333333
vt 0.770833 0.416667
vt 0.791667 0.500000
vt 0.791667 0.583333
vt 0.791667 0.666667
vt 0.791667 0.750000
vt 0.791667 0.833333
vt 0.791667 0.916667
vt 0.791667 1.000000
vt 0.791667 0.000000
vt 0.791667 0.083333
vt 0.791667 0.166667
vt 0.791667 0.250000
vt 0.791667 0.333333
vt 0.791667 0.416667
vt 0.812500 0.500000
vt 0.812500 0.583333
vt 0.812500 0.666667
vt 0.812500 0.750000
vt 0.812500 0.833333
vt 0.812500 0.916667
vt 0.812500 1.000000
vt 0.812500 0.000000
vt 0.812500 0.083333
vt 0.812500 0.166667
vt 0.812500 0.250000
vt 0.812500 0.333333
vt 0.812500 0.416667
vt 0.833333 0.500000
vt 0.833333 0.583333
vt 0.833333 0.666667
vt 0.833333 0.750000
vt 0.833333 0.833333
vt 0.833333 0.916667
vt 0.833333 1.000000
vt 0.833333 0.000000
vt 0.833333 0.083333
vt 0.833333 0.166667
vt 0.833333 0.250000
vt 0.833333 0.333333
vt 0.833333 0.416667
vt 0.854167 0.500000
vt 0.854167 0.583333
vt 0.854167 0.666667
vt 0.854167 0.750000
vt 0.854167 0.833333
vt 0.854167 0.916667
vt 0.854167 1.000000
vt 0.854167 0.000000
vt 0.854167 0.083333
vt 0.854167 0.166667
vt 0.854167 0.250000
vt 0.854167 0.333333
vt 0.854167 0.416667
vt 0.875000 0.500000
vt 0.875000 0.583333
vt 0.875000 0.666667
vt 0.875000 0.750000
vt 0.875000 0.833333
vt 0.875000 0.916667
vt 0.875000 1.000000
vt 0.875000 0.000000
vt 0.875000 0.083333
vt 0.875000 0.166667
vt 0.875000 0.250000
vt 0.875000 0.333333
vt 0.875000 0.416667
vt 0.895833 0.500000
vt 0.895833 0.583333
vt 0.895833 0.666667
vt 0.895833 0.750000
vt 0.895833 0.833333
vt 0.895833 0.916667
vt 0.895833 1.000000
vt 0.895833 0.000000
vt 0.895833 0.083333
vt 0.895833 0.166667
vt 0.895833 0.250000
vt 0.895833 0.333333
vt 0.895833 0.416667
vt 0.916667 0.500000
vt 0.916667 0.583333
vt 0.916667 0.666667
vt 0.916667 0.750000
vt 0.916667 0.833333
vt 0.916667 0.916667
vt 0.916667 1.000000
vt 0.916667 0.000000
vt 0.916667 0.083333
vt 0.916667 0.166667
vt 0.916667 0.250000
vt 0.916667 0.333333
vt 0.916667 0.416667
vt 0.937500 0.500000
vt 0.937500 0.583333
vt 0.937500 0.666667
vt 0.937500 0.750000
vt 0.937500 0.833333
vt 0.937500 0.916667
vt 0.937500 1.000000
vt 0.937500 0.000000
vt 0.937500 0.083333
vt 0.937500 0.166667
vt 0.937500 0.250000
vt 0.937500 0.333333
vt 0.937500 0.416667
vt 0.958333 0.500000
vt 0.958333 0.583333
vt 0.958333 0.666667
vt 0.958333 0.750000
vt 0.958333 0.833333
vt 0.958333 0.916667
vt 0.958333 1.000000
vt 0.958333 0.000000
vt 0.958333 0.083333
vt 0.958333 0.166667
vt 0.958333 0.250000
vt 0.958333 0.333333
vt 0.958333 0.416667
vt 0.979167 0.500000
vt 0.979167 0.583333
vt 0.979167 0.666667
vt 0.979167 0.750000
vt 0.979167 0.833333
vt 0.979167 0.916667
vt 0.979167 1.000000
vt 0.979167 0.000000
vt 0.979167 0.083333
vt 0.979167 0.166667
vt 0.979167 0.250000
vt 0.979167 0.333333
vt 0.979167 0.416667
vt 1.000000 0.500000
vt 1.000000 0.583333
vt 1.000000 0.666667
vt 1.000000 0.750000
vt 1.000000 0.833333
vt 1.000000 0.916667
vt 1.000000 1.000000
vt 1.000000 0.000000
vt 1.000000 0.083333
vt 1.000000 0.166667
vt 1.000000 0.250000
vt 1.000000 0.333333
vt 1.000000 0.416667
vt 0.000000 0.500000
vt 0.020833 0.500000
vt 0.020833 0.583333
vt 0.000000 0.583333
vt 0.020833 0.666667
vt 0.000000 0.666667
vt 0.020833 0.750000
vt 0.000000 0.750000
vt 0.020833 0.833333
vt 0.000000 0.833333
vt 0.020833 0.916667
vt 0.000000 0.916667
vt 0.020833 1.000000
vt 0.000000 1.000000
vt 0.000000 0.000000
vt 0.020833 0.000000
vt 0.020833 0.083333
vt 0.000000 0.083333
vt 0.020833 0.166667
vt 0.000000 0.166667
vt 0.020833 0.250000
vt 0.000000 0.250000
vt 0.020833 0.333333
vt 0.000000 0.333333
vt 0.020833 0.416667
vt 0.000000 0.416667
vt 0.041667 0.500000
vt 0.041667 0.583333
vt 0.041667 0.666667
vt 0.041667 0.750000
vt 0.041667 0.833333
vt 0.041667 0.916667
vt 0.041667 1.000000
vt 0.041667 0.000000
vt 0.041667 0.083333
vt 0.041667 0.166667
vt 0.041667 0.250000
vt 0.041667 0.333333
vt 0.041667 0.416667
vt 0.062500 0.500000
vt 0.062500 0.583333
vt 0.062500 0.666667
vt 0.062500 0.750000
vt 0.062500 0.833333
vt 0.062500 0.916667
vt 0.062500 1.000000
vt 0.062500 0.000000
vt 0.062500 0.083333
vt 0.062500 0.166667
vt 0.062500 0.250000
vt 0.062500 0.333333
vt 0.062500 0.416667
vt 0.083333 0.500000
vt 0.083333 0.583333
vt 0.083333 0.666667
vt 0.083333 0.750000
vt 0.083333 0.833333
vt 0.083333 0.916667
vt 0.083333 1.000000
vt 0.083333 0.000000
vt 0.083333 0.083333
vt 0.083333 0.166667
vt 0.083333 0.250000
vt 0.083333 0.333333
vt 0.083333 0.416667
vt 0.104167 0.500000
vt 0.104167 0.583333
vt 0.104167 0.666667
vt 0.104167 0.750000
vt 0.104167 0.833333
vt 0.104167 0.916667
vt 0.104167 1.000000
vt 0.104167 0.000000
vt 0.104167 0.083333
vt 0.104167 0.166667
vt 0.104167 0.250000
vt 0.104167 0.333333
vt 0.104167 0.416667
vt 0.125000 0.500000
vt 0.125000 0.583333
vt 0.125000 0.666667
vt 0.125000 0.750000
vt 0.125000 0.833333
vt 0.125000 0.916667
vt 0.125000 1.000000
vt 0.125000 0.000000
vt 0.125000 0.083333
vt 0.125000 0.166667
vt 0.125000 0.250000
vt 0.125000 0.333333
vt 0.125000 0.416667
vt 0.145833 0.500000
vt 0.145833 0.583333
vt 0.145833 0.666667
vt 0.145833 0.750000
vt 0.145833 0.833333
vt 0.145833 0.916667
vt 0.145833 1.000000
vt 0.145833 0.000000
vt 0.145833 0.083333
vt 0.145833 0.166667
vt 0.145833 0.250000
vt 0.145833 0.333333
vt 0.145833 0.416667
vt 0.166667 0.500000
vt 0.166667 0.583333
vt 0.166667 0.666667
vt 0.166667 0.750000
vt 0.166667 0.833333
vt 0.166667 0.916667
vt 0.166667 1.000000
vt 0.166667 0.000000
vt 0.166667 0.083333
vt 0.166667 0.166667
vt 0.166667 0.250000
vt 0.166667 0.333333
vt 0.166667 0.416667
vt 0.187500 0.500000
vt 0.187500 0.583333
vt 0.187500 0.666667
vt 0.187500 0.750000
vt 0.187500 0.833333
vt 0.187500 0.916667
vt 0.187500 1.000000
vt 0.187500 0.000000
vt 0.187500 0.083333
vt 0.187500 0.166667
vt 0.187500 0.250000
vt 0.187500 0.333333
vt 0.187500 0.416667
vt 0.208333 0.500000
vt 0.208333 0.583333
vt 0.208333 0.666667
vt 0.208333 0.750000
vt 0.208333 0.833333
vt 0.208333 0.916667
vt 0.208333 1.000000
vt 0.208333 0.000000
vt 0.208333 0.083333
vt 0.208333 0.166667
vt 0.208333 0.250000
vt 0.208333 0.333333
vt 0.208333 0.416667
vt 0.229167 0.500000
vt 0.229167 0.583333
vt 0.229167 0.666667
vt 0.229167 0.750000
vt 0.229167 0.833333
vt 0.229167 0.916667
vt 0.229167 1.000000
vt 0.229167 0.000000
vt 0.229167 0.083333
vt 0.229167 0.166667
vt 0.229167 0.250000
vt 0.229167 0.333333
vt 0.229167 0.416667
vt 0.250000 0.500000
vt 0.250000 0.583333
vt 0.250000 0.666667
vt 0.250000 0.750000
vt 0.250000 0.833333
vt 0.250000 0.916667
vt 0.250000 1.000000
vt 0.250000 0.000000
vt 0.250000 0.083333
vt 0.250000 0.166667
vt 0.250000 0.250000
vt 0.250000 0.333333
vt 0.250000 0.416667
vt 0.270833 0.500000
vt 0.270833 0.583333
vt 0.270833 0.666667
vt 0.270833 0.750000
vt 0.270833 0.833333
vt 0.270833 0.916667
vt 0.270833 1.000000
vt 0.270833 0.000000
vt 0.270833 0.083333
vt 0.270833 0.166667
vt 0.270833 0.250000
vt 0.270833 0.333333
vt 0.270833 0.416667
vt 0.291667 0.500000
vt 0.291667 0.583333
vt 0.291667 0.666667
vt 0.291667 0.750000
vt 0.291667 0.833333
vt 0.291667 0.916667
vt 0.291667 1.000000
vt 0.291667 0.000000
vt 0.291667 0.083333
vt 0.291667 0.166667
vt 0.291667 0.250000
vt 0.291667 0.333333
vt 0.291667 0.416667
vt 0.312500 0.500000
vt 0.312500 0.583333
vt 0.312500 0.666667
vt 0.312500 0.750000
vt 0.312500 0.833333
vt 0.312500 0.916667
vt 0.312500 1.000000
vt 0.312500 0.000000
vt 0.312500 0.083333
vt 0.312500 0.166667
vt 0.312500 0.250000
vt 0.312500 0.333333
vt 0.312500 0.416667
vt 0.333333 0.500000
vt 0.333333 0.583333
vt 0.333333 0.666667
vt 0.333333 0.750000
vt 0.333333 0.833333
vt 0.333333 0.916667
vt 0.333333 1.000000
vt 0.333333 0.000000
vt 0.333333 0.083333
vt 0.333333 0.166667
vt 0.333333 0.250000
vt 0.333333 0.333333
vt 0.333333 0.416667
vt 0.354167 0.500000
vt 0.354167 0.583333
vt 0.354167 0.666667
vt 0.354167 0.750000
vt 0.354167 0.833333
vt 0.354167 0.916667
vt 0.354167 1.000000
vt 0.354167 0.000000
vt 0.354167 0.083333
vt 0.354167 0.166667
vt 0.354167 0.250000
vt 0.354167 0.333333
vt 0.354167 0.416667
vt 0.375000 0.500000
vt 0.375000 0.583333
vt 0.375000 0.666667
vt 0.375000 0.750000
vt 0.375000 0.833333
vt 0.375000 0.916667
vt 0.375000 1.000000
vt 0.375000 0.000000
vt 0.375000 0.083333
vt 0.375000 0.166667
vt 0.375000 0.250000
vt 0.375000 0.333333
vt 0.375000 0.416667
vt 0.395833 0.500000
vt 0.395833 0.583333
vt 0.395833 0.666667
vt 0.395833 0.750000
vt 0.395833 0.833333
vt 0.395833 0.916667
vt 0.395833 1.000000
vt 0.395833 0.000000
vt 0.395833 0.083333
vt 0.395833 0.166667
vt 0.395833 0.250000
vt 0.395833 0.333333
vt 0.395833 0.416667
vt 0.416667 0.500000
vt 0.416667 0.583333
vt 0.416667 0.666667
vt 0.416667 0.750000
vt 0.416667 0.833333
vt 0.416667 0.916667
vt 0.416667 1.000000
vt 0.416667 0.000000
vt 0.416667 0.083333
vt 0.416667 0.166667
vt 0.416667 0.250000
vt 0.416667 0.333333
vt 0.416667 0.416667
vt 0.437500 0.500000
vt 0.437500 0.583333
vt 0.437500 0.666667
vt 0.437500 0.750000
vt 0.437500 0.833333
vt 0.437500 0.916667
vt 0.437500 1.000000
vt 0.437500 0.000000
vt 0.437500 0.083333
vt 0.437500 0.166667
vt 0.437500 0.250000
vt 0.437500 0.333333
vt 0.437500 0.416667
vt 0.458333 0.500000
vt 0.458333 0.583333
vt 0.458333 0.666667
vt 0.458333 0.750000
vt 0.458333 0.833333
vt 0.458333 0.916667
vt 0.458333 1.000000
vt 0.458333 0.000000
vt 0.458333 0.083333
vt 0.458333 0.166667
vt 0.458333 0.250000
vt 0.458333 0.333333
vt 0.458333 0.416667
vt 0.479167 0.500000
vt 0.479167 0.583333
vt 0.479167 0.666667
vt 0.479167 0.750000
vt 0.479167 0.833333
vt 0.479167 0.916667
vt 0.479167 1.000000
vt 0.479167 0.000000
vt 0.479167 0.083333
vt 0.479167 0.166667
vt 0.479167 0.250000
vt 0.479167 0.333333
vt 0.479167 0.416667
s 1
usemtl None
f 5455/7058/4989 5467/7059/4989 5468/7060/4989 5456/7061/4989
f 5456/7061/4990 5468/7060/4990 5469/7062/4990 5457/7063/4990
f 5457/7063/4991 5469/7062/4991 5470/7064/4991 5458/7065/4991
f 5458/7065/4992 5470/7064/4992 5471/7066/4992 5459/7067/4992
f 5459/7067/4993 5471/7066/4993 5472/7068/4993 5460/7069/4993
f 5460/7069/4994 5472/7068/4994 5473/7070/4994 5461/7071/4994
f 5461/7072/4995 5473/7073/4995 5474/7074/4995 5462/7075/4995
f 5462/7075/4996 5474/7074/4996 5475/7076/4996 5463/7077/4996
f 5463/7077/4997 5475/7076/4997 5476/7078/4997 5464/7079/4997
f 5464/7079/4998 5476/7078/4998 5477/7080/4998 5465/7081/4998
f 5465/7081/4999 5477/7080/4999 5478/7082/4999 5466/7083/4999
f 5466/7083/5000 5478/7082/5000 5467/7059/5000 5455/7058/5000
f 5467/7059/5001 5479/7084/5001 5480/7085/5001 5468/7060/5001
f 5468/7060/5002 5480/7085/5002 5481/7086/5002 5469/7062/5002
f 5469/7062/5003 5481/7086/5003 5482/7087/5003 5470/7064/5003
f 5470/7064/5004 5482/7087/5004 5483/7088/5004 5471/7066/5004
f 5471/7066/5005 5483/7088/5005 5484/7089/5005 5472/7068/5005
f 5472/7068/5006 5484/7089/5006 5485/7090/5006 5473/7070/5006
f 5473/7073/5007 5485/7091/5007 5486/7092/5007 5474/7074/5007
f 5474/7074/5008 5486/7092/5008 5487/7093/5008 5475/7076/5008
f 5475/7076/5009 5487/7093/5009 5488/7094/5009 5476/7078/5009
f 5476/7078/5010 5488/7094/5010 5489/7095/5010 5477/7080/5010
f 5477/7080/5011 5489/7095/5011 5490/7096/5011 5478/7082/5011
f 5478/7082/5012 5490/7096/5012 5479/7084/5012 5467/7059/5012
f 5479/7084/5013 5491/7097/5013 5492/7098/5013 5480/7085/5013
f 5480/7085/5014 5492/7098/5014 5493/7099/5014 5481/7086/5014
f 5481/7086/5015 5493/7099/5015 5494/7100/5015 5482/7087/5015
f 5482/7087/5016 5494/7100/5016 5495/7101/5016 5483/7088/5016
f 5483/7088/5017 5495/7101/5017 5496/7102/5017 5484/7089/5017
f 5484/7089/5018 5496/7102/5018 5497/7103/5018 5485/7090/5018
f 5485/7091/5019 5497/7104/5019 5498/7105/5019 5486/7092/5019
f 5486/7092/5020 5498/7105/5020 5499/7106/5020 5487/7093/5020
f 5487/7093/5021 5499/7106/5021 5500/7107/5021 5488/7094/5021
f 5488/7094/5022 5500/7107/5022 5501/7108/5022 5489/7095/5022
f 5489/7095/5023 5501/7108/5023 5502/7109/5023 5490/7096/5023
f 5490/7096/5024 5502/7109/5024 5491/7097/5024 5479/7084/5024
f 5491/7097/5025 5503/7110/5025 5504/7111/5025 5492/7098/5025
f 5492/7098/5026 5504/7111/5026 5505/7112/5026 5493/7099/5026
f 5493/7099/5027 5505/7112/5027 5506/7113/5027 5494/7100/5027
f 5494/7100/5028 5506/7113/5028 5507/7114/5028 5495/7101/5028
f 5495/7101/5029 5507/7114/5029 5508/7115/5029 5496/7102/5029
f 5496/7102/5030 5508/7115/5030 5509/7116/5030 5497/7103/5030
f 5497/7104/5031 5509/7117/5031 5510/7118/5031 5498/7105/5031
f 5498/7105/5032 5510/7118/5032 5511/7119/5032 5499/7106/5032
f 5499/7106/5033 5511/7119/5033 5512/7120/5033 5500/7107/5033
f 5500/7107/5034 5512/7120/5034 5513/7121/5034 5501/7108/5034
f 5501/7108/5035 5513/7121/5035 5514/7122/5035 5502/7109/5035
f 5502/7109/5036 5514/7122/5036 5503/7110/5036 5491/7097/5036
f 5503/7110/5037 5515/7123/5037 5516/7124/5037 5504/7111/5037
f 5504/7111/5038 5516/7124/5038 5517/7125/5038 5505/7112/5038
f 5505/7112/5039 5517/7125/5039 5518/7126/5039 5506/7113/5039
f 5506/7113/5040 5518/7126/5040 5519/7127/5040 5507/7114/5040
f 5507/7114/5041 5519/7127/5041 5520/7128/5041 5508/7115/5041
f 5508/7115/5042 5520/7128/5042 5521/7129/5042 5509/7116/5042
f 5509/7117/5043 5521/7130/5043 5522/7131/5043 5510/7118/5043
f 5510/7118/5044 5522/7131/5044 5523/7132/5044 5511/7119/5044
f 5511/7119/5045 5523/7132/5045 5524/7133/5045 5512/7120/5045
f 5512/7120/5046 5524/7133/5046 5525/7134/5046 5513/7121/5046
f 5513/7121/5047 5525/7134/5047 5526/7135/5047 5514/7122/5047
f 5514/7122/5048 5526/7135/5048 5515/7123/5048 5503/7110/5048
f 5515/7123/5049 5527/7136/5049 5528/7137/5049 5516/7124/5049
f 5516/7124/5050 5528/7137/5050 5529/7138/5050 5517/7125/5050
f 5517/7125/5051 5529/7138/5051 5530/7139/5051 5518/7126/5051
f 5518/7126/5052 5530/7139/5052 5531/7140/5052 5519/7127/5052
f 5519/7127/5053 5531/7140/5053 5532/7141/5053 5520/7128/5053
f 5520/7128/5054 5532/7141/5054 5533/7142/5054 5521/7129/5054
f 5521/7130/5055 5533/7143/5055 5534/7144/5055 5522/7131/5055
f 5522/7131/5056 5534/7144/5056 5535/7145/5056 5523/7132/5056
f 5523/7132/5057 5535/7145/5057 5536/7146/5057 5524/7133/5057
f 5524/7133/5058 5536/7146/5058 5537/7147/5058 5525/7134/5058
f 5525/7134/5059 5537/7147/5059 5538/7148/5059 5526/7135/5059
f 5526/7135/5060 5538/7148/5060 5527/7136/5060 5515/7123/5060
f 5527/7136/5061 5539/7149/5061 5540/7150/5061 5528/7137/5061
f 5528/7137/5062 5540/7150/5062 5541/7151/5062 5529/7138/5062
f 5529/7138/5063 5541/7151/5063 5542/7152/5063 5530/7139/5063
f 5530/7139/5064 5542/7152/5064 5543/7153/5064 5531/7140/5064
f 5531/7140/5065 5543/7153/5065 5544/7154/5065 5532/7141/5065
f 5532/7141/5066 5544/7154/5066 5545/7155/5066 5533/7142/5066
f 5533/7143/5067 5545/7156/5067 5546/7157/5067 5534/7144/5067
f 5534/7144/5068 5546/7157/5068 5547/7158/5068 5535/7145/5068
f 5535/7145/5069 5547/7158/5069 5548/7159/5069 5536/7146/5069
f 5536/7146/5070 5548/7159/5070 5549/7160/5070 5537/7147/5070
f 5537/7147/5071 5549/7160/5071 5550/7161/5071 5538/7148/5071
f 5538/7148/5072 5550/7161/5072 5539/7149/5072 5527/7136/5072
f 5539/7149/5073 5551/7162/5073 5552/7163/5073 5540/7150/5073
f 5540/7150/5074 5552/7163/5074 5553/7164/5074 5541/7151/5074
f 5541/7151/5075 5553/7164/5075 5554/7165/5075 5542/7152/5075
f 5542/7152/5076 5554/7165/5076 5555/7166/5076 5543/7153/5076
f 5543/7153/5077 5555/7166/5077 5556/7167/5077 5544/7154/5077
f 5544/7154/5078 5556/7167/5078 5557/7168/5078 5545/7155/5078
f 5545/7156/5079 5557/7169/5079 5558/7170/5079 5546/7157/5079
f 5546/7157/5080 5558/7170/5080 5559/7171/5080 5547/7158/5080
f 5547/7158/5081 5559/7171/5081 5560/7172/5081 5548/7159/5081
f 5548/7159/5082 5560/7172/5082 5561/7173/5082 5549/7160/5082
f 5549/7160/5083 5561/7173/5083 5562/7174/5083 5550/7161/5083
f 5550/7161/5084 5562/7174/5084 5551/7162/5084 5539/7149/5084
f 5551/7162/5085 5563/7175/5085 5564/7176/5085 5552/7163/5085
f 5552/7163/5086 5564/7176/5086 5565/7177/5086 5553/7164/5086
f 5553/7164/5087 5565/7177/5087 5566/7178/5087 5554/7165/5087
f 5554/7165/5088 5566/7178/5088 5567/7179/5088 5555/7166/5088
f 5555/7166/5089 5567/7179/5089 5568/7180/5089 5556/7167/5089
f 5556/7167/5090 5568/7180/5090 5569/7181/5090 5557/7168/5090
f 5557/7169/5091 5569/7182/5091 5570/7183/5091 5558/7170/5091
f 5558/7170/5092 5570/7183/5092 5571/7184/5092 5559/7171/5092
f 5559/7171/5093 5571/7184/5093 5572/7185/5093 5560/7172/5093
f 5560/7172/5094 5572/7185/5094 5573/7186/5094 5561/7173/5094
f 5561/7173/5095 5573/7186/5095 5574/7187/5095 5562/7174/5095
f 5562/7174/5096 5574/7187/5096 5563/7175/5096 5551/7162/5096
f 5563/7175/5097 5575/7188/5097 5576/7189/5097 5564/7176/5097
f 5564/7176/5098 5576/7189/5098 5577/7190/5098 5565/7177/5098
f 5565/7177/5099 5577/7190/5099 5578/7191/5099 5566/7178/5099
f 5566/7178/5100 5578/7191/5100 5579/7192/5100 5567/7179/5100
f 5567/7179/5101 5579/7192/5101 5580/7193/5101 5568/7180/5101
f 5568/7180/5102 5580/7193/5102 5581/7194/5102 5569/7181/5102
f 5569/7182/5103 5581/7195/5103 5582/7196/5103 5570/7183/5103
f 5570/7183/5104 5582/7196/5104 5583/7197/5104 5571/7184/5104
f 5571/7184/5105 5583/7197/5105 5584/7198/5105 5572/7185/5105
f 5572/7185/5106 5584/7198/5106 5585/7199/5106 5573/7186/5106
f 5573/7186/5107 5585/7199/5107 5586/7200/5107 5574/7187/5107
f 5574/7187/5108 5586/7200/5108 5575/7188/5108 5563/7175/5108
f 5575/7188/5109 5587/7201/5109 5588/7202/5109 5576/7189/5109
f 5576/7189/5110 5588/7202/5110 5589/7203/5110 5577/7190/5110
f 5577/7190/5111 5589/7203/5111 5590/7204/5111 5578/7191/5111
f 5578/7191/5112 5590/7204/5112 5591/7205/5112 5579/7192/5112
f 5579/7192/5113 5591/7205/5113 5592/7206/5113 5580/7193/5113
f 5580/7193/5114 5592/7206/5114 5593/7207/5114 5581/7194/5114
f 5581/7195/5115 5593/7208/5115 5594/7209/5115 5582/7196/5115
f 5582/7196/5116 5594/7209/5116 5595/7210/5116 5583/7197/5116
f 5583/7197/5117 5595/7210/5117 5596/7211/5117 5584/7198/5117
f 5584/7198/5118 5596/7211/5118 5597/7212/5118 5585/7199/5118
f 5585/7199/5119 5597/7212/5119 5598/7213/5119 5586/7200/5119
f 5586/7200/5120 5598/7213/5120 5587/7201/5120 5575/7188/5120
f 5587/7201/5121 5599/7214/5121 5600/7215/5121 5588/7202/5121
f 5588/7202/5122 5600/7215/5122 5601/7216/5122 5589/7203/5122
f 5589/7203/5123 5601/7216/5123 5602/7217/5123 5590/7204/5123
f 5590/7204/5124 5602/7217/5124 5603/7218/5124 5591/7205/5124
f 5591/7205/5125 5603/7218/5125 5604/7219/5125 5592/7206/5125
f 5592/7206/5126 5604/7219/5126 5605/7220/5126 5593/7207/5126
f 5593/7208/5127 5605/7221/5127 5606/7222/5127 5594/7209/5127
f 5594/7209/5128 5606/7222/5128 5607/7223/5128 5595/7210/5128
f 5595/7210/5129 5607/7223/5129 5608/7224/5129 5596/7211/5129
f 5596/7211/5130 5608/7224/5130 5609/7225/5130 5597/7212/5130
f 5597/7212/5131 5609/7225/5131 5610/7226/5131 5598/7213/5131
f 5598/7213/5132 5610/7226/5132 5599/7214/5132 5587/7201/5132
f 5599/7214/5133 5611/7227/5133 5612/7228/5133 5600/7215/5133
f 5600/7215/5134 5612/7228/5134 5613/7229/5134 5601/7216/5134
f 5601/7216/5135 5613/7229/5135 5614/7230/5135 5602/7217/5135
f 5602/7217/5136 5614/7230/5136 5615/7231/5136 5603/7218/5136
f 5603/7218/5137 5615/7231/5137 5616/7232/5137 5604/7219/5137
f 5604/7219/5138 5616/7232/5138 5617/7233/5138 5605/7220/5138
f 5605/7221/5139 5617/7234/5139 5618/7235/5139 5606/7222/5139
f 5606/7222/5140 5618/7235/5140 5619/7236/5140 5607/7223/5140
f 5607/7223/5141 5619/7236/5141 5620/7237/5141 5608/7224/5141
f 5608/7224/5142 5620/7237/5142 5621/7238/5142 5609/7225/5142
f 5609/7225/5143 5621/7238/5143 5622/7239/5143 5610/7226/5143
f 5610/7226/5144 5622/7239/5144 5611/7227/5144 5599/7214/5144
f 5611/7227/5145 5623/7240/5145 5624/7241/5145 5612/7228/5145
f 5612/7228/5146 5624/7241/5146 5625/7242/5146 5613/7229/5146
f 5613/7229/5147 5625/7242/5147 5626/7243/5147 5614/7230/5147
f 5614/7230/5148 5626/7243/5148 5627/7244/5148 5615/7231/5148
f 5615/7231/5149 5627/7244/5149 5628/7245/5149 5616/7232/5149
f 5616/7232/5150 5628/7245/5150 5629/7246/5150 5617/7233/5150
f 5617/7234/5151 5629/7247/5151 5630/7248/5151 5618/7235/5151
f 5618/7235/5152 5630/7248/5152 5631/7249/5152 5619/7236/5152
f 5619/7236/5153 5631/7249/5153 5632/7250/5153 5620/7237/5153
f 5620/7237/5154 5632/7250/5154 5633/7251/5154 5621/7238/5154
f 5621/7238/5155 5633/7251/5155 5634/7252/5155 5622/7239/5155
f 5622/7239/5156 5634/7252/5156 5623/7240/5156 5611/7227/5156
f 5623/7240/5157 5635/7253/5157 5636/7254/5157 5624/7241/5157
f 5624/7241/5158 5636/7254/5158 5637/7255/5158 5625/7242/5158
f 5625/7242/5159 5637/7255/5159 5638/7256/5159 5626/7243/5159
f 5626/7243/5160 5638/7256/5160 5639/7257/5160 5627/7244/5160
f 5627/7244/5161 5639/7257/5161 5640/7258/5161 5628/7245/5161
f 5628/7245/5162 5640/7258/5162 5641/7259/5162 5629/7246/5162
f 5629/7247/5163 5641/7260/5163 5642/7261/5163 5630/7248/5163
f 5630/7248/5164 5642/7261/5164 5643/7262/5164 5631/7249/5164
f 5631/7249/5165 5643/7262/5165 5644/7263/5165 5632/7250/5165
f 5632/7250/5166 5644/7263/5166 5645/7264/5166 5633/7251/5166
f 5633/7251/5167 5645/7264/5167 5646/7265/5167 5634/7252/5167
f 5634/7252/5168 5646/7265/5168 5635/7253/5168 5623/7240/5168
f 5635/7253/5169 5647/7266/5169 5648/7267/5169 5636/7254/5169
f 5636/7254/5170 5648/7267/5170 5649/7268/5170 5637/7255/5170
f 5637/7255/5171 5649/7268/5171 5650/7269/5171 5638/7256/5171
f 5638/7256/5172 5650/7269/5172 5651/7270/5172 5639/7257/5172
f 5639/7257/5173 5651/7270/5173 5652/7271/5173 5640/7258/5173
f 5640/7258/5174 5652/7271/5174 5653/7272/5174 5641/7259/5174
f 5641/7260/5175 5653/7273/5175 5654/7274/5175 5642/7261/5175
f 5642/7261/5176 5654/7274/5176 5655/7275/5176 5643/7262/5176
f 5643/7262/5177 5655/7275/5177 5656/7276/5177 5644/7263/5177
f 5644/7263/5178 5656/7276/5178 5657/7277/5178 5645/7264/5178
f 5645/7264/5179 5657/7277/5179 5658/7278/5179 5646/7265/5179
f 5646/7265/5180 5658/7278/5180 5647/7266/5180 5635/7253/5180
f 5647/7266/5181 5659/7279/5181 5660/7280/5181 5648/7267/5181
f 5648/7267/5182 5660/7280/5182 5661/7281/5182 5649/7268/5182
f 5649/7268/5183 5661/7281/5183 5662/7282/5183 5650/7269/5183
f 5650/7269/5184 5662/7282/5184 5663/7283/5184 5651/7270/5184
f 5651/7270/5185 5663/7283/5185 5664/7284/5185 5652/7271/5185
f 5652/7271/5186 5664/7284/5186 5665/7285/5186 5653/7272/5186
f 5653/7273/5187 5665/7286/5187 5666/7287/5187 5654/7274/5187
f 5654/7274/5188 5666/7287/5188 5667/7288/5188 5655/7275/5188
f 5655/7275/5189 5667/7288/5189 5668/7289/5189 5656/7276/5189
f 5656/7276/5190 5668/7289/5190 5669/7290/5190 5657/7277/5190
f 5657/7277/5191 5669/7290/5191 5670/7291/5191 5658/7278/5191
f 5658/7278/5192 5670/7291/5192 5659/7279/5192 5647/7266/5192
f 5659/7279/5193 5671/7292/5193 5672/7293/5193 5660/7280/5193
f 5660/7280/5194 5672/7293/5194 5673/7294/5194 5661/7281/5194
f 5661/7281/5195 5673/7294/5195 5674/7295/5195 5662/7282/5195
f 5662/7282/5196 5674/7295/5196 5675/7296/5196 5663/7283/5196
f 5663/7283/5197 5675/7296/5197 5676/7297/5197 5664/7284/5197
f 5664/7284/5198 5676/7297/5198 5677/7298/5198 5665/7285/5198
f 5665/7286/5199 5677/7299/5199 5678/7300/5199 5666/7287/5199
f 5666/7287/5200 5678/7300/5200 5679/7301/5200 5667/7288/5200
f 5667/7288/5201 5679/7301/5201 5680/7302/5201 5668/7289/5201
f 5668/7289/5202 5680/7302/5202 5681/7303/5202 5669/7290/5202
f 5669/7290/5203 5681/7303/5203 5682/7304/5203 5670/7291/5203
f 5670/7291/5204 5682/7304/5204 5671/7292/5204 5659/7279/5204
f 5671/7292/5205 5683/7305/5205 5684/7306/5205 5672/7293/5205
f 5672/7293/5206 5684/7306/5206 5685/7307/5206 5673/7294/5206
f 5673/7294/5207 5685/7307/5207 5686/7308/5207 5674/7295/5207
f 5674/7295/5208 5686/7308/5208 5687/7309/5208 5675/7296/5208
f 5675/7296/5209 5687/7309/5209 5688/7310/5209 5676/7297/5209
f 5676/7297/5210 5688/7310/5210 5689/7311/5210 5677/7298/5210
f 5677/7299/5211 5689/7312/5211 5690/7313/5211 5678/7300/5211
f 5678/7300/5212 5690/7313/5212 5691/7314/5212 5679/7301/5212
f 5679/7301/5213 5691/7314/5213 5692/7315/5213 5680/7302/5213
f 5680/7302/5214 5692/7315/5214 5693/7316/5214 5681/7303/5214
f 5681/7303/5215 5693/7316/5215 5694/7317/5215 5682/7304/5215
f 5682/7304/5216 5694/7317/5216 5683/7305/5216 5671/7292/5216
f 5683/7305/5217 5695/7318/5217 5696/7319/5217 5684/7306/5217
f 5684/7306/5218 5696/7319/5218 5697/7320/5218 5685/7307/5218
f 5685/7307/5219 5697/7320/5219 5698/7321/5219 5686/7308/5219
f 5686/7308/5220 5698/7321/5220 5699/7322/5220 5687/7309/5220
f 5687/7309/5221 5699/7322/5221 5700/7323/5221 5688/7310/5221
f 5688/7310/5222 5700/7323/5222 5701/7324/5222 5689/7311/5222
f 5689/7312/5223 5701/7325/5223 5702/7326/5223 5690/7313/5223
f 5690/7313/5224 5702/7326/5224 5703/7327/5224 5691/7314/5224
f 5691/7314/5225 5703/7327/5225 5704/7328/5225 5692/7315/5225
f 5692/7315/5226 5704/7328/5226 5705/7329/5226 5693/7316/5226
f 5693/7316/5227 5705/7329/5227 5706/7330/5227 5694/7317/5227
f 5694/7317/5228 5706/7330/5228 5695/7318/5228 5683/7305/5228
f 5695/7318/5229 5707/7331/5229 5708/7332/5229 5696/7319/5229
f 5696/7319/5230 5708/7332/5230 5709/7333/5230 5697/7320/5230
f 5697/7320/5231 5709/7333/5231 5710/7334/5231 5698/7321/5231
f 5698/7321/5232 5710/7334/5232 5711/7335/5232 5699/7322/5232
f 5699/7322/5233 5711/7335/5233 5712/7336/5233 5700/7323/5233
f 5700/7323/5234 5712/7336/5234 5713/7337/5234 5701/7324/5234
f 5701/7325/5235 5713/7338/5235 5714/7339/5235 5702/7326/5235
f 5702/7326/5236 5714/7339/5236 5715/7340/5236 5703/7327/5236
f 5703/7327/5237 5715/7340/5237 5716/7341/5237 5704/7328/5237
f 5704/7328/5238 5716/7341/5238 5717/7342/5238 5705/7329/5238
f 5705/7329/5239 5717/7342/5239 5718/7343/5239 5706/7330/5239
f 5706/7330/5240 5718/7343/5240 5707/7331/5240 5695/7318/5240
f 5707/7331/5241 5719/7344/5241 5720/7345/5241 5708/7332/5241
f 5708/7332/5242 5720/7345/5242 5721/7346/5242 5709/7333/5242
f 5709/7333/5243 5721/7346/5243 5722/7347/5243 5710/7334/5243
f 5710/7334/5244 5722/7347/5244 5723/7348/5244 5711/7335/5244
f 5711/7335/5245 5723/7348/5245 5724/7349/5245 5712/7336/5245
f 5712/7336/5246 5724/7349/5246 5725/7350/5246 5713/7337/5246
f 5713/7338/5247 5725/7351/5247 5726/7352/5247 5714/7339/5247
f 5714/7339/5248 5726/7352/5248 5727/7353/5248 5715/7340/5248
f 5715/7340/5249 5727/7353/5249 5728/7354/5249 5716/7341/5249
f 5716/7341/5250 5728/7354/5250 5729/7355/5250 5717/7342/5250
f 5717/7342/5251 5729/7355/5251 5730/7356/5251 5718/7343/5251
f 5718/7343/5252 5730/7356/5252 5719/7344/5252 5707/7331/5252
f 5719/7344/5253 5731/7357/5253 5732/7358/5253 5720/7345/5253
f 5720/7345/5254 5732/7358/5254 5733/7359/5254 5721/7346/5254
f 5721/7346/5255 5733/7359/5255 5734/7360/5255 5722/7347/5255
f 5722/7347/5256 5734/7360/5256 5735/7361/5256 5723/7348/5256
f 5723/7348/5257 5735/7361/5257 5736/7362/5257 5724/7349/5257
f 5724/7349/5258 5736/7362/5258 5737/7363/5258 5725/7350/5258
f 5725/7351/5259 5737/7364/5259 5738/7365/5259 5726/7352/5259
f 5726/7352/5260 5738/7365/5260 5739/7366/5260 5727/7353/5260
f 5727/7353/5261 5739/7366/5261 5740/7367/5261 5728/7354/5261
f 5728/7354/5262 5740/7367/5262 5741/7368/5262 5729/7355/5262
f 5729/7355/5263 5741/7368/5263 5742/7369/5263 5730/7356/5263
f 5730/7356/5264 5742/7369/5264 5731/7357/5264 5719/7344/5264
f 5731/7357/5265 5743/7370/5265 5744/7371/5265 5732/7358/5265
f 5732/7358/5266 5744/7371/5266 5745/7372/5266 5733/7359/5266
f 5733/7359/5267 5745/7372/5267 5746/7373/5267 5734/7360/5267
f 5734/7360/5268 5746/7373/5268 5747/7374/5268 5735/7361/5268
f 5735/7361/5269 5747/7374/5269 5748/7375/5269 5736/7362/5269
f 5736/7362/5270 5748/7375/5270 5749/7376/5270 5737/7363/5270
f 5737/7364/5271 5749/7377/5271 5750/7378/5271 5738/7365/5271
f 5738/7365/5272 5750/7378/5272 5751/7379/5272 5739/7366/5272
f 5739/7366/5273 5751/7379/5273 5752/7380/5273 5740/7367/5273
f 5740/7367/5274 5752/7380/5274 5753/7381/5274 5741/7368/5274
f 5741/7368/5275 5753/7381/5275 5754/7382/5275 5742/7369/5275
f 5742/7369/5276 5754/7382/5276 5743/7370/5276 5731/7357/5276
f 5743/7383/4994 5755/7384/4994 5756/7385/4994 5744/7386/4994
f 5744/7386/4993 5756/7385/4993 5757/7387/4993 5745/7388/4993
f 5745/7388/4992 5757/7387/4992 5758/7389/4992 5746/7390/4992
f 5746/7390/4991 5758/7389/4991 5759/7391/4991 5747/7392/4991
f 5747/7392/5277 5759/7391/5277 5760/7393/5277 5748/7394/5277
f 5748/7394/4989 5760/7393/4989 5761/7395/4989 5749/7396/4989
f 5749/7397/5000 5761/7398/5000 5762/7399/5000 5750/7400/5000
f 5750/7400/4999 5762/7399/4999 5763/7401/4999 5751/7402/4999
f 5751/7402/4998 5763/7401/4998 5764/7403/4998 5752/7404/4998
f 5752/7404/4997 5764/7403/4997 5765/7405/4997 5753/7406/4997
f 5753/7406/4996 5765/7405/4996 5766/7407/4996 5754/7408/4996
f 5754/7408/4995 5766/7407/4995 5755/7384/4995 5743/7383/4995
f 5755/7384/5006 5767/7409/5006 5768/7410/5006 5756/7385/5006
f 5756/7385/5005 5768/7410/5005 5769/7411/5005 5757/7387/5005
f 5757/7387/5004 5769/7411/5004 5770/7412/5004 5758/7389/5004
f 5758/7389/5003 5770/7412/5003 5771/7413/5003 5759/7391/5003
f 5759/7391/5002 5771/7413/5002 5772/7414/5002 5760/7393/5002
f 5760/7393/5001 5772/7414/5001 5773/7415/5001 5761/7395/5001
f 5761/7398/5012 5773/7416/5012 5774/7417/5012 5762/7399/5012
f 5762/7399/5011 5774/7417/5011 5775/7418/5011 5763/7401/5011
f 5763/7401/5010 5775/7418/5010 5776/7419/5010 5764/7403/5010
f 5764/7403/5009 5776/7419/5009 5777/7420/5009 5765/7405/5009
f 5765/7405/5008 5777/7420/5008 5778/7421/5008 5766/7407/5008
f 5766/7407/5007 5778/7421/5007 5767/7409/5007 5755/7384/5007
f 5767/7409/5018 5779/7422/5018 5780/7423/5018 5768/7410/5018
f 5768/7410/5017 5780/7423/5017 5781/7424/5017 5769/7411/5017
f 5769/7411/5016 5781/7424/5016 5782/7425/5016 5770/7412/5016
f 5770/7412/5015 5782/7425/5015 5783/7426/5015 5771/7413/5015
f 5771/7413/5014 5783/7426/5014 5784/7427/5014 5772/7414/5014
f 5772/7414/5013 5784/7427/5013 5785/7428/5013 5773/7415/5013
f 5773/7416/5024 5785/7429/5024 5786/7430/5024 5774/7417/5024
f 5774/7417/5023 5786/7430/5023 5787/7431/5023 5775/7418/5023
f 5775/7418/5022 5787/7431/5022 5788/7432/5022 5776/7419/5022
f 5776/7419/5021 5788/7432/5021 5789/7433/5021 5777/7420/5021
f 5777/7420/5020 5789/7433/5020 5790/7434/5020 5778/7421/5020
f 5778/7421/5019 5790/7434/5019 5779/7422/5019 5767/7409/5019
f 5779/7422/5030 5791/7435/5030 5792/7436/5030 5780/7423/5030
f 5780/7423/5029 5792/7436/5029 5793/7437/5029 5781/7424/5029
f 5781/7424/5028 5793/7437/5028 5794/7438/5028 5782/7425/5028
f 5782/7425/5027 5794/7438/5027 5795/7439/5027 5783/7426/5027
f 5783/7426/5026 5795/7439/5026 5796/7440/5026 5784/7427/5026
f 5784/7427/5025 5796/7440/5025 5797/7441/5025 5785/7428/5025
f 5785/7429/5036 5797/7442/5036 5798/7443/5036 5786/7430/5036
f 5786/7430/5035 5798/7443/5035 5799/7444/5035 5787/7431/5035
f 5787/7431/5278 5799/7444/5278 5800/7445/5278 5788/7432/5278
f 5788/7432/5279 5800/7445/5279 5801/7446/5279 5789/7433/5279
f 5789/7433/5032 5801/7446/5032 5802/7447/5032 5790/7434/5032
f 5790/7434/5031 5802/7447/5031 5791/7435/5031 5779/7422/5031
f 5791/7435/5042 5803/7448/5042 5804/7449/5042 5792/7436/5042
f 5792/7436/5041 5804/7449/5041 5805/7450/5041 5793/7437/5041
f 5793/7437/5040 5805/7450/5040 5806/7451/5040 5794/7438/5040
f 5794/7438/5039 5806/7451/5039 5807/7452/5039 5795/7439/5039
f 5795/7439/5038 5807/7452/5038 5808/7453/5038 5796/7440/5038
f 5796/7440/5037 5808/7453/5037 5809/7454/5037 5797/7441/5037
f 5797/7442/5048 5809/7455/5048 5810/7456/5048 5798/7443/5048
f 5798/7443/5047 5810/7456/5047 5811/7457/5047 5799/7444/5047
f 5799/7444/5046 5811/7457/5046 5812/7458/5046 5800/7445/5046
f 5800/7445/5045 5812/7458/5045 5813/7459/5045 5801/7446/5045
f 5801/7446/5044 5813/7459/5044 5814/7460/5044 5802/7447/5044
f 5802/7447/5043 5814/7460/5043 5803/7448/5043 5791/7435/5043
f 5803/7448/5054 5815/7461/5054 5816/7462/5054 5804/7449/5054
f 5804/7449/5053 5816/7462/5053 5817/7463/5053 5805/7450/5053
f 5805/7450/5052 5817/7463/5052 5818/7464/5052 5806/7451/5052
f 5806/7451/5051 5818/7464/5051 5819/7465/5051 5807/7452/5051
f 5807/7452/5050 5819/7465/5050 5820/7466/5050 5808/7453/5050
f 5808/7453/5049 5820/7466/5049 5821/7467/5049 5809/7454/5049
f 5809/7455/5280 5821/7468/5280 5822/7469/5280 5810/7456/5280
f 5810/7456/5059 5822/7469/5059 5823/7470/5059 5811/7457/5059
f 5811/7457/5058 5823/7470/5058 5824/7471/5058 5812/7458/5058
f 5812/7458/5281 5824/7471/5281 5825/7472/5281 5813/7459/5281
f 5813/7459/5056 5825/7472/5056 5826/7473/5056 5814/7460/5056
f 5814/7460/5055 5826/7473/5055 5815/7461/5055 5803/7448/5055
f 5815/7461/5066 5827/7474/5066 5828/7475/5066 5816/7462/5066
f 5816/7462/5065 5828/7475/5065 5829/7476/5065 5817/7463/5065
f 5817/7463/5064 5829/7476/5064 5830/7477/5064 5818/7464/5064
f 5818/7464/5063 5830/7477/5063 5831/7478/5063 5819/7465/5063
f 5819/7465/5062 5831/7478/5062 5832/7479/5062 5820/7466/5062
f 5820/7466/5061 5832/7479/5061 5833/7480/5061 5821/7467/5061
f 5821/7468/5072 5833/7481/5072 5834/7482/5072 5822/7469/5072
f 5822/7469/5071 5834/7482/5071 5835/7483/5071 5823/7470/5071
f 5823/7470/5282 5835/7483/5282 5836/7484/5282 5824/7471/5282
f 5824/7471/5069 5836/7484/5069 5837/7485/5069 5825/7472/5069
f 5825/7472/5068 5837/7485/5068 5838/7486/5068 5826/7473/5068
f 5826/7473/5067 5838/7486/5067 5827/7474/5067 5815/7461/5067
f 5827/7474/5078 5839/7487/5078 5840/7488/5078 5828/7475/5078
f 5828/7475/5077 5840/7488/5077 5841/7489/5077 5829/7476/5077
f 5829/7476/5076 5841/7489/5076 5842/7490/5076 5830/7477/5076
f 5830/7477/5075 5842/7490/5075 5843/7491/5075 5831/7478/5075
f 5831/7478/5074 5843/7491/5074 5844/7492/5074 5832/7479/5074
f 5832/7479/5073 5844/7492/5073 5845/7493/5073 5833/7480/5073
f 5833/7481/5084 5845/7494/5084 5846/7495/5084 5834/7482/5084
f 5834/7482/5083 5846/7495/5083 5847/7496/5083 5835/7483/5083
f 5835/7483/5082 5847/7496/5082 5848/7497/5082 5836/7484/5082
f 5836/7484/5081 5848/7497/5081 5849/7498/5081 5837/7485/5081
f 5837/7485/5080 5849/7498/5080 5850/7499/5080 5838/7486/5080
f 5838/7486/5079 5850/7499/5079 5839/7487/5079 5827/7474/5079
f 5839/7487/5090 5851/7500/5090 5852/7501/5090 5840/7488/5090
f 5840/7488/5089 5852/7501/5089 5853/7502/5089 5841/7489/5089
f 5841/7489/5088 5853/7502/5088 5854/7503/5088 5842/7490/5088
f 5842/7490/5087 5854/7503/5087 5855/7504/5087 5843/7491/5087
f 5843/7491/5086 5855/7504/5086 5856/7505/5086 5844/7492/5086
f 5844/7492/5085 5856/7505/5085 5857/7506/5085 5845/7493/5085
f 5845/7494/5096 5857/7507/5096 5858/7508/5096 5846/7495/5096
f 5846/7495/5283 5858/7508/5283 5859/7509/5283 5847/7496/5283
f 5847/7496/5094 5859/7509/5094 5860/7510/5094 5848/7497/5094
f 5848/7497/5093 5860/7510/5093 5861/7511/5093 5849/7498/5093
f 5849/7498/5092 5861/7511/5092 5862/7512/5092 5850/7499/5092
f 5850/7499/5091 5862/7512/5091 5851/7500/5091 5839/7487/5091
f 5851/7500/5102 5863/7513/5102 5864/7514/5102 5852/7501/5102
f 5852/7501/5101 5864/7514/5101 5865/7515/5101 5853/7502/5101
f 5853/7502/5100 5865/7515/5100 5866/7516/5100 5854/7503/5100
f 5854/7503/5099 5866/7516/5099 5867/7517/5099 5855/7504/5099
f 5855/7504/5098 5867/7517/5098 5868/7518/5098 5856/7505/5098
f 5856/7505/5097 5868/7518/5097 5869/7519/5097 5857/7506/5097
f 5857/7507/5108 5869/7520/5108 5870/7521/5108 5858/7508/5108
f 5858/7508/5107 5870/7521/5107 5871/7522/5107 5859/7509/5107
f 5859/7509/5106 5871/7522/5106 5872/7523/5106 5860/7510/5106
f 5860/7510/5105 5872/7523/5105 5873/7524/5105 5861/7511/5105
f 5861/7511/5104 5873/7524/5104 5874/7525/5104 5862/7512/5104
f 5862/7512/5103 5874/7525/5103 5863/7513/5103 5851/7500/5103
f 5863/7513/5114 5875/7526/5114 5876/7527/5114 5864/7514/5114
f 5864/7514/5113 5876/7527/5113 5877/7528/5113 5865/7515/5113
f 5865/7515/5112 5877/7528/5112 5878/7529/5112 5866/7516/5112
f 5866/7516/5111 5878/7529/5111 5879/7530/5111 5867/7517/5111
f 5867/7517/5110 5879/7530/5110 5880/7531/5110 5868/7518/5110
f 5868/7518/5109 5880/7531/5109 5881/7532/5109 5869/7519/5109
f 5869/7520/5284 5881/7533/5284 5882/7534/5284 5870/7521/5284
f 5870/7521/5119 5882/7534/5119 5883/7535/5119 5871/7522/5119
f 5871/7522/5118 5883/7535/5118 5884/7536/5118 5872/7523/5118
f 5872/7523/5285 5884/7536/5285 5885/7537/5285 5873/7524/5285
f 5873/7524/5116 5885/7537/5116 5886/7538/5116 5874/7525/5116
f 5874/7525/5115 5886/7538/5115 5875/7526/5115 5863/7513/5115
f 5875/7526/5126 5887/7539/5126 5888/7540/5126 5876/7527/5126
f 5876/7527/5125 5888/7540/5125 5889/7541/5125 5877/7528/5125
f 5877/7528/5124 5889/7541/5124 5890/7542/5124 5878/7529/5124
f 5878/7529/5123 5890/7542/5123 5891/7543/5123 5879/7530/5123
f 5879/7530/5122 5891/7543/5122 5892/7544/5122 5880/7531/5122
f 5880/7531/5121 5892/7544/5121 5893/7545/5121 5881/7532/5121
f 5881/7533/5132 5893/7546/5132 5894/7547/5132 5882/7534/5132
f 5882/7534/5131 5894/7547/5131 5895/7548/5131 5883/7535/5131
f 5883/7535/5130 5895/7548/5130 5896/7549/5130 5884/7536/5130
f 5884/7536/5129 5896/7549/5129 5897/7550/5129 5885/7537/5129
f 5885/7537/5286 5897/7550/5286 5898/7551/5286 5886/7538/5286
f 5886/7538/5127 5898/7551/5127 5887/7539/5127 5875/7526/5127
f 5887/7539/5138 5899/7552/5138 5900/7553/5138 5888/7540/5138
f 5888/7540/5137 5900/7553/5137 5901/7554/5137 5889/7541/5137
f 5889/7541/5136 5901/7554/5136 5902/7555/5136 5890/7542/5136
f 5890/7542/5135 5902/7555/5135 5903/7556/5135 5891/7543/5135
f 5891/7543/5134 5903/7556/5134 5904/7557/5134 5892/7544/5134
f 5892/7544/5133 5904/7557/5133 5905/7558/5133 5893/7545/5133
f 5893/7546/5144 5905/7559/5144 5906/7560/5144 5894/7547/5144
f 5894/7547/5143 5906/7560/5143 5907/7561/5143 5895/7548/5143
f 5895/7548/5142 5907/7561/5142 5908/7562/5142 5896/7549/5142
f 5896/7549/5141 5908/7562/5141 5909/7563/5141 5897/7550/5141
f 5897/7550/5287 5909/7563/5287 5910/7564/5287 5898/7551/5287
f 5898/7551/5139 5910/7564/5139 5899/7552/5139 5887/7539/5139
f 5899/7552/5150 5911/7565/5150 5912/7566/5150 5900/7553/5150
f 5900/7553/5149 5912/7566/5149 5913/7567/5149 5901/7554/5149
f 5901/7554/5148 5913/7567/5148 5914/7568/5148 5902/7555/5148
f 5902/7555/5147 5914/7568/5147 5915/7569/5147 5903/7556/5147
f 5903/7556/5146 5915/7569/5146 5916/7570/5146 5904/7557/5146
f 5904/7557/5145 5916/7570/5145 5917/7571/5145 5905/7558/5145
f 5905/7559/5288 5917/7572/5288 5918/7573/5288 5906/7560/5288
f 5906/7560/5155 5918/7573/5155 5919/7574/5155 5907/7561/5155
f 5907/7561/5289 5919/7574/5289 5920/7575/5289 5908/7562/5289
f 5908/7562/5153 5920/7575/5153 5921/7576/5153 5909/7563/5153
f 5909/7563/5152 5921/7576/5152 5922/7577/5152 5910/7564/5152
f 5910/7564/5151 5922/7577/5151 5911/7565/5151 5899/7552/5151
f 5911/7565/5162 5923/7578/5162 5924/7579/5162 5912/7566/5162
f 5912/7566/5161 5924/7579/5161 5925/7580/5161 5913/7567/5161
f 5913/7567/5160 5925/7580/5160 5926/7581/5160 5914/7568/5160
f 5914/7568/5159 5926/7581/5159 5927/7582/5159 5915/7569/5159
f 5915/7569/5158 5927/7582/5158 5928/7583/5158 5916/7570/5158
f 5916/7570/5157 5928/7583/5157 5929/7584/5157 5917/7571/5157
f 5917/7572/5168 5929/7585/5168 5930/7586/5168 5918/7573/5168
f 5918/7573/5167 5930/7586/5167 5931/7587/5167 5919/7574/5167
f 5919/7574/5166 5931/7587/5166 5932/7588/5166 5920/7575/5166
f 5920/7575/5165 5932/7588/5165 5933/7589/5165 5921/7576/5165
f 5921/7576/5164 5933/7589/5164 5934/7590/5164 5922/7577/5164
f 5922/7577/5163 5934/7590/5163 5923/7578/5163 5911/7565/5163
f 5923/7578/5174 5935/7591/5174 5936/7592/5174 5924/7579/5174
f 5924/7579/5173 5936/7592/5173 5937/7593/5173 5925/7580/5173
f 5925/7580/5172 5937/7593/5172 5938/7594/5172 5926/7581/5172
f 5926/7581/5171 5938/7594/5171 5939/7595/5171 5927/7582/5171
f 5927/7582/5170 5939/7595/5170 5940/7596/5170 5928/7583/5170
f 5928/7583/5169 5940/7596/5169 5941/7597/5169 5929/7584/5169
f 5929/7585/5290 5941/7598/5290 5942/7599/5290 5930/7586/5290
f 5930/7586/5291 5942/7599/5291 5943/7600/5291 5931/7587/5291
f 5931/7587/5178 5943/7600/5178 5944/7601/5178 5932/7588/5178
f 5932/7588/5177 5944/7601/5177 5945/7602/5177 5933/7589/5177
f 5933/7589/5176 5945/7602/5176 5946/7603/5176 5934/7590/5176
f 5934/7590/5175 5946/7603/5175 5935/7591/5175 5923/7578/5175
f 5935/7591/5186 5947/7604/5186 5948/7605/5186 5936/7592/5186
f 5936/7592/5185 5948/7605/5185 5949/7606/5185 5937/7593/5185
f 5937/7593/5184 5949/7606/5184 5950/7607/5184 5938/7594/5184
f 5938/7594/5183 5950/7607/5183 5951/7608/5183 5939/7595/5183
f 5939/7595/5182 5951/7608/5182 5952/7609/5182 5940/7596/5182
f 5940/7596/5292 5952/7609/5292 5953/7610/5292 5941/7597/5292
f 5941/7598/5192 5953/7611/5192 5954/7612/5192 5942/7599/5192
f 5942/7599/5191 5954/7612/5191 5955/7613/5191 5943/7600/5191
f 5943/7600/5190 5955/7613/5190 5956/7614/5190 5944/7601/5190
f 5944/7601/5189 5956/7614/5189 5957/7615/5189 5945/7602/5189
f 5945/7602/5188 5957/7615/5188 5958/7616/5188 5946/7603/5188
f 5946/7603/5293 5958/7616/5293 5947/7604/5293 5935/7591/5293
f 5947/7604/5294 5959/7617/5294 5960/7618/5294 5948/7605/5294
f 5948/7605/5197 5960/7618/5197 5961/7619/5197 5949/7606/5197
f 5949/7606/5196 5961/7619/5196 5962/7620/5196 5950/7607/5196
f 5950/7607/5195 5962/7620/5195 5963/7621/5195 5951/7608/5195
f 5951/7608/5194 5963/7621/5194 5964/7622/5194 5952/7609/5194
f 5952/7609/5193 5964/7622/5193 5965/7623/5193 5953/7610/5193
f 5953/7611/5204 5965/7624/5204 5966/7625/5204 5954/7612/5204
f 5954/7612/5203 5966/7625/5203 5967/7626/5203 5955/7613/5203
f 5955/7613/5295 5967/7626/5295 5968/7627/5295 5956/7614/5295
f 5956/7614/5201 5968/7627/5201 5969/7628/5201 5957/7615/5201
f 5957/7615/5200 5969/7628/5200 5970/7629/5200 5958/7616/5200
f 5958/7616/5199 5970/7629/5199 5959/7617/5199 5947/7604/5199
f 5959/7617/5210 5971/7630/5210 5972/7631/5210 5960/7618/5210
f 5960/7618/5209 5972/7631/5209 5973/7632/5209 5961/7619/5209
f 5961/7619/5208 5973/7632/5208 5974/7633/5208 5962/7620/5208
f 5962/7620/5207 5974/7633/5207 5975/7634/5207 5963/7621/5207
f 5963/7621/5206 5975/7634/5206 5976/7635/5206 5964/7622/5206
f 5964/7622/5205 5976/7635/5205 5977/7636/5205 5965/7623/5205
f 5965/7624/5296 5977/7637/5296 5978/7638/5296 5966/7625/5296
f 5966/7625/5215 5978/7638/5215 5979/7639/5215 5967/7626/5215
f 5967/7626/5214 5979/7639/5214 5980/7640/5214 5968/7627/5214
f 5968/7627/5297 5980/7640/5297 5981/7641/5297 5969/7628/5297
f 5969/7628/5212 5981/7641/5212 5982/7642/5212 5970/7629/5212
f 5970/7629/5211 5982/7642/5211 5971/7630/5211 5959/7617/5211
f 5971/7630/5222 5983/7643/5222 5984/7644/5222 5972/7631/5222
f 5972/7631/5221 5984/7644/5221 5985/7645/5221 5973/7632/5221
f 5973/7632/5220 5985/7645/5220 5986/7646/5220 5974/7633/5220
f 5974/7633/5219 5986/7646/5219 5987/7647/5219 5975/7634/5219
f 5975/7634/5218 5987/7647/5218 5988/7648/5218 5976/7635/5218
f 5976/7635/5217 5988/7648/5217 5989/7649/5217 5977/7636/5217
f 5977/7637/5228 5989/7650/5228 5990/7651/5228 5978/7638/5228
f 5978/7638/5227 5990/7651/5227 5991/7652/5227 5979/7639/5227
f 5979/7639/5226 5991/7652/5226 5992/7653/5226 5980/7640/5226
f 5980/7640/5225 5992/7653/5225 5993/7654/5225 5981/7641/5225
f 5981/7641/5224 5993/7654/5224 5994/7655/5224 5982/7642/5224
f 5982/7642/5223 5994/7655/5223 5983/7643/5223 5971/7630/5223
f 5983/7643/5234 5995/7656/5234 5996/7657/5234 5984/7644/5234
f 5984/7644/5233 5996/7657/5233 5997/7658/5233 5985/7645/5233
f 5985/7645/5232 5997/7658/5232 5998/7659/5232 5986/7646/5232
f 5986/7646/5231 5998/7659/5231 5999/7660/5231 5987/7647/5231
f 5987/7647/5230 5999/7660/5230 6000/7661/5230 5988/7648/5230
f 5988/7648/5229 6000/7661/5229 6001/7662/5229 5989/7649/5229
f 5989/7650/5240 6001/7663/5240 6002/7664/5240 5990/7651/5240
f 5990/7651/5239 6002/7664/5239 6003/7665/5239 5991/7652/5239
f 5991/7652/5298 6003/7665/5298 6004/7666/5298 5992/7653/5298
f 5992/7653/5299 6004/7666/5299 6005/7667/5299 5993/7654/5299
f 5993/7654/5236 6005/7667/5236 6006/7668/5236 5994/7655/5236
f 5994/7655/5235 6006/7668/5235 5995/7656/5235 5983/7643/5235
f 5995/7656/5246 6007/7669/5246 6008/7670/5246 5996/7657/5246
f 5996/7657/5245 6008/7670/5245 6009/7671/5245 5997/7658/5245
f 5997/7658/5244 6009/7671/5244 6010/7672/5244 5998/7659/5244
f 5998/7659/5243 6010/7672/5243 6011/7673/5243 5999/7660/5243
f 5999/7660/5242 6011/7673/5242 6012/7674/5242 6000/7661/5242
f 6000/7661/5241 6012/7674/5241 6013/7675/5241 6001/7662/5241
f 6001/7663/5252 6013/7676/5252 6014/7677/5252 6002/7664/5252
f 6002/7664/5251 6014/7677/5251 6015/7678/5251 6003/7665/5251
f 6003/7665/5250 6015/7678/5250 6016/7679/5250 6004/7666/5250
f 6004/7666/5249 6016/7679/5249 6017/7680/5249 6005/7667/5249
f 6005/7667/5248 6017/7680/5248 6018/7681/5248 6006/7668/5248
f 6006/7668/5247 6018/7681/5247 6007/7669/5247 5995/7656/5247
f 6007/7669/5258 6019/7682/5258 6020/7683/5258 6008/7670/5258
f 6008/7670/5257 6020/7683/5257 6021/7684/5257 6009/7671/5257
f 6009/7671/5256 6021/7684/5256 6022/7685/5256 6010/7672/5256
f 6010/7672/5255 6022/7685/5255 6023/7686/5255 6011/7673/5255
f 6011/7673/5254 6023/7686/5254 6024/7687/5254 6012/7674/5254
f 6012/7674/5253 6024/7687/5253 6025/7688/5253 6013/7675/5253
f 6013/7676/5264 6025/7689/5264 6026/7690/5264 6014/7677/5264
f 6014/7677/5263 6026/7690/5263 6027/7691/5263 6015/7678/5263
f 6015/7678/5262 6027/7691/5262 6028/7692/5262 6016/7679/5262
f 6016/7679/5261 6028/7692/5261 6029/7693/5261 6017/7680/5261
f 6017/7680/5260 6029/7693/5260 6030/7694/5260 6018/7681/5260
f 6018/7681/5259 6030/7694/5259 6019/7682/5259 6007/7669/5259
f 6019/7682/5300 5455/7058/5300 5456/7061/5300 6020/7683/5300
f 6020/7683/5269 5456/7061/5269 5457/7063/5269 6021/7684/5269
f 6021/7684/5268 5457/7063/5268 5458/7065/5268 6022/7685/5268
f 6022/7685/5267 5458/7065/5267 5459/7067/5267 6023/7686/5267
f 6023/7686/5266 5459/7067/5266 5460/7069/5266 6024/7687/5266
f 6024/7687/5265 5460/7069/5265 5461/7071/5265 6025/7688/5265
f 6025/7689/5276 5461/7072/5276 5462/7075/5276 6026/7690/5276
f 6026/7690/5275 5462/7075/5275 5463/7077/5275 6027/7691/5275
f 6027/7691/5274 5463/7077/5274 5464/7079/5274 6028/7692/5274
f 6028/7692/5273 5464/7079/5273 5465/7081/5273 6029/7693/5273
f 6029/7693/5272 5465/7081/5272 5466/7083/5272 6030/7694/5272
f 6030/7694/5271 5466/7083/5271 5455/7058/5271 6019/7682/5271
