# Blender 5.1.2
# www.blender.org
mtllib tank.mtl
o Cylinder.003_Cylinder.005
v -0.484084 3.011230 -0.039151
v -0.482414 3.263636 -0.056103
v -0.432253 3.011230 -0.221422
v -0.424222 3.263636 -0.236444
v -0.341916 3.011230 -0.341960
v -0.341916 3.263636 -0.341960
v -0.236390 3.011230 -0.424252
v -0.221366 3.263636 -0.432281
v -0.094310 3.011230 -0.474287
v 0.039151 3.011230 -0.484083
v -0.039089 3.263636 -0.484089
v 0.221422 3.011230 -0.432253
v 0.149140 3.263636 -0.462198
v 0.369983 3.011230 -0.314615
v 0.314663 3.263636 -0.369943
v 0.446775 3.011230 -0.185026
v 0.432281 3.263636 -0.221366
v 0.482420 3.011230 -0.056041
v 0.474287 3.263636 -0.094309
v 0.467144 3.011230 0.132839
v 0.482413 3.263636 0.056103
v 0.446751 3.263636 0.185084
v 0.380749 3.011230 0.301496
v 0.369942 3.263636 0.314663
v 0.236389 3.011230 0.424252
v 0.221366 3.263636 0.432281
v 0.056041 3.011230 0.482421
v 0.039089 3.263636 0.484089
v -0.094371 3.011230 0.474275
v -0.094371 3.263636 0.474275
v -0.221422 3.011230 0.432253
v -0.236445 3.263636 0.424222
v -0.369983 3.011230 0.314615
v -0.380789 3.263636 0.301446
v -0.462218 3.011230 0.149080
v -0.467162 3.263636 0.132779
v -0.632937 2.053753 -0.000041
v -0.632937 2.384121 -0.000041
v -0.620767 2.053753 -0.123520
v -0.620767 2.384121 -0.123520
v -0.584742 2.053753 -0.242252
v -0.584742 2.384121 -0.242252
v -0.526244 2.053753 -0.351675
v -0.526245 2.384121 -0.351675
v -0.447525 2.053753 -0.447583
v -0.447525 2.384121 -0.447583
v -0.351607 2.053753 -0.526290
v -0.351607 2.384121 -0.526290
v -0.242176 2.053753 -0.584773
v -0.242176 2.384121 -0.584773
v -0.123440 2.053753 -0.620783
v -0.123440 2.384121 -0.620783
v 0.000041 2.053753 -0.632937
v 0.000041 2.384121 -0.632937
v 0.123520 2.053753 -0.620767
v 0.123520 2.384121 -0.620767
v 0.242252 2.053753 -0.584741
v 0.242252 2.384121 -0.584741
v 0.351675 2.053753 -0.526245
v 0.351675 2.384121 -0.526245
v 0.447583 2.053753 -0.447525
v 0.447583 2.384121 -0.447525
v 0.526291 2.053753 -0.351607
v 0.526290 2.384121 -0.351607
v 0.584772 2.053753 -0.242176
v 0.584772 2.384121 -0.242176
v 0.620783 2.053753 -0.123440
v 0.620783 2.384121 -0.123440
v 0.632937 2.053753 0.000041
v 0.632937 2.384121 0.000041
v 0.620767 2.053753 0.123520
v 0.620767 2.384121 0.123520
v 0.584741 2.053753 0.242252
v 0.584741 2.384121 0.242252
v 0.526244 2.053753 0.351675
v 0.526244 2.384121 0.351675
v 0.447525 2.053753 0.447583
v 0.447525 2.384121 0.447583
v 0.351607 2.053753 0.526290
v 0.351607 2.384121 0.526290
v 0.242176 2.053753 0.584773
v 0.242176 2.384121 0.584773
v 0.123440 2.053753 0.620783
v 0.123440 2.384121 0.620783
v -0.000041 2.053753 0.632937
v -0.000041 2.384121 0.632937
v -0.123520 2.053753 0.620767
v -0.123520 2.384121 0.620767
v -0.242252 2.053753 0.584741
v -0.242252 2.384121 0.584741
v -0.351675 2.053753 0.526245
v -0.351675 2.384121 0.526245
v -0.447583 2.053753 0.447525
v -0.447583 2.384121 0.447525
v -0.526290 2.053753 0.351607
v -0.526290 2.384121 0.351607
v -0.584773 2.053753 0.242176
v -0.584773 2.384121 0.242176
v -0.620783 2.053753 0.123440
v -0.620783 2.384121 0.123440
v -0.391274 3.110374 -0.000025
v -0.377982 2.286358 -0.107484
v -0.373980 3.110374 -0.120673
v -0.308077 2.286358 -0.243950
v -0.325319 3.110374 -0.217401
v -0.217359 2.286358 -0.325347
v -0.243910 3.110374 -0.308109
v -0.120625 2.286358 -0.373996
v -0.107436 3.110374 -0.377996
v 0.000025 2.286358 -0.391274
v 0.000025 3.110374 -0.391274
v 0.107484 2.286358 -0.377982
v 0.120674 3.110374 -0.373980
v 0.243950 2.286358 -0.308077
v 0.254603 3.110374 -0.299333
v 0.343276 2.286358 -0.191271
v 0.349772 3.110374 -0.179114
v 0.390342 2.286358 -0.045345
v 0.383761 3.110374 -0.076309
v 0.377982 2.286358 0.107484
v 0.390336 3.110374 0.045395
v 0.361480 3.110374 0.149757
v 0.308077 2.286358 0.243950
v 0.299332 3.110374 0.254603
v 0.217359 2.286358 0.325347
v 0.120625 2.286358 0.373996
v 0.179114 3.110374 0.349773
v -0.031678 2.286358 0.391688
v 0.031628 3.110374 0.391692
v -0.076359 3.110374 0.383751
v -0.179160 2.286358 0.349749
v -0.191315 3.110374 0.343252
v -0.276691 2.286358 0.276655
v -0.343277 2.286358 0.191270
v -0.308109 3.110374 0.243910
v -0.390342 2.286358 0.045345
v -0.377996 3.110374 0.107436
v -1.570749 1.188221 -0.235113
v -1.298296 1.188221 -0.235096
v -1.570743 1.179102 -0.327695
v -1.298290 1.179102 -0.327678
v -1.570737 1.152097 -0.416720
v -1.298284 1.152097 -0.416703
v -1.570732 1.108243 -0.498765
v -1.298279 1.108243 -0.498748
v -1.570727 1.049225 -0.570679
v -1.298274 1.049225 -0.570662
v -1.570722 0.949358 -0.649378
v -1.298270 0.977312 -0.629679
v -1.570718 0.769390 -0.708525
v -1.298266 0.846680 -0.692898
v -1.570719 0.580639 -0.692915
v -1.298265 0.657929 -0.708509
v -1.570723 0.450007 -0.629696
v -1.298269 0.477961 -0.649361
v -1.570727 0.378094 -0.570679
v -1.298274 0.378094 -0.570662
v -1.570732 0.319076 -0.498765
v -1.298279 0.319076 -0.498748
v -1.570737 0.275222 -0.416720
v -1.298284 0.275222 -0.416703
v -1.570743 0.248217 -0.327695
v -1.298290 0.248217 -0.327678
v -1.570749 0.239098 -0.235113
v -1.298296 0.239098 -0.235096
v -1.570755 0.248217 -0.142531
v -1.298302 0.248217 -0.142514
v -1.570760 0.275222 -0.053506
v -1.298308 0.275222 -0.053489
v -1.570766 0.319076 0.028539
v -1.298313 0.319076 0.028556
v -1.570771 0.378094 0.100453
v -1.298318 0.378094 0.100470
v -1.570776 0.477961 0.179152
v -1.298321 0.450007 0.159487
v -1.570779 0.657929 0.238300
v -1.298325 0.580639 0.222706
v -1.570778 0.846680 0.222689
v -1.298326 0.769390 0.238317
v -1.570774 0.977312 0.159471
v -1.298323 0.949358 0.179169
v -1.570771 1.049225 0.100453
v -1.298318 1.049225 0.100470
v -1.570766 1.108243 0.028539
v -1.298313 1.108243 0.028556
v -1.570761 1.152097 -0.053506
v -1.298308 1.152097 -0.053489
v -1.570755 1.179102 -0.142531
v -1.298302 1.179102 -0.142514
v -1.141227 0.839848 1.660986
v -1.141227 0.709502 1.660986
v -1.695607 0.709502 1.660951
v -1.140981 0.709502 -2.160545
v -1.695361 0.709502 -2.160581
v -1.695516 1.306574 0.243165
v -1.141074 1.306574 -0.712183
v -1.141136 1.176229 0.243200
v -1.695423 1.153673 -1.189909
v -1.141043 1.284018 -1.189875
v -1.695423 1.284018 -1.189910
v -1.141043 1.153673 -1.189874
v -1.695547 1.284018 0.720857
v -1.141167 1.153673 0.720891
v -1.695547 1.153673 0.720855
v -1.141167 1.284018 0.720892
v -1.141136 1.306574 0.243200
v -1.695454 1.306574 -0.712218
v -1.141074 1.176229 -0.712183
v -1.695454 1.176229 -0.712218
v -1.695393 1.060975 -1.667601
v -1.141013 1.191321 -1.667566
v -1.695393 1.191321 -1.667601
v -1.141013 1.060975 -1.667567
v -1.695577 1.191321 1.198548
v -1.141197 1.060975 1.198583
v -1.695577 1.060975 1.198549
v -1.141197 1.191321 1.198583
v -1.695607 0.839848 1.660951
v -1.695361 0.839848 -2.160581
v -1.140981 0.839848 -2.160545
v -1.695516 1.176229 0.243165
v -1.695607 0.579901 1.660951
v -1.695607 0.710247 1.660951
v -1.141227 0.710247 1.660986
v -1.695361 0.710247 -2.160581
v -1.140981 0.710247 -2.160545
v -1.141136 0.113175 0.243195
v -1.141136 0.243520 0.243195
v -1.695454 0.113175 -0.712213
v -1.695516 0.243520 0.243160
v -1.141043 0.266077 -1.189876
v -1.141043 0.135731 -1.189875
v -1.695423 0.266077 -1.189910
v -1.141166 0.135731 0.720892
v -1.695547 0.266077 0.720858
v -1.141166 0.266077 0.720892
v -1.695547 0.135731 0.720857
v -1.695516 0.113175 0.243165
v -1.695454 0.243520 -0.712218
v -1.141074 0.243521 -0.712183
v -1.141013 0.358774 -1.667566
v -1.695393 0.228429 -1.667601
v -1.141013 0.228429 -1.667566
v -1.695393 0.358774 -1.667601
v -1.141197 0.228429 1.198583
v -1.695577 0.358774 1.198548
v -1.141197 0.358774 1.198583
v -1.695577 0.228429 1.198548
v -1.141227 0.579901 1.660986
v -1.140981 0.579901 -2.160545
v -1.695361 0.579901 -2.160581
v -1.695423 0.135731 -1.189911
v -1.141074 0.113175 -0.712178
v -1.570824 1.188221 0.933842
v -1.298371 1.188221 0.933859
v -1.570818 1.179102 0.841260
v -1.298365 1.179102 0.841277
v -1.570812 1.152097 0.752235
v -1.298360 1.152097 0.752252
v -1.570807 1.108243 0.670190
v -1.298354 1.108243 0.670207
v -1.570803 1.049225 0.598277
v -1.298350 1.049225 0.598294
v -1.570798 0.949358 0.519577
v -1.298346 0.977312 0.539276
v -1.570794 0.769389 0.460430
v -1.298342 0.846681 0.476058
v -1.570795 0.580638 0.476041
v -1.298341 0.657929 0.460447
v -1.570799 0.450007 0.539259
v -1.298344 0.477961 0.519594
v -1.570803 0.378094 0.598277
v -1.298350 0.378094 0.598294
v -1.570807 0.319076 0.670190
v -1.298354 0.319076 0.670207
v -1.570812 0.275222 0.752235
v -1.298360 0.275222 0.752252
v -1.570818 0.248217 0.841260
v -1.298365 0.248217 0.841277
v -1.570824 0.239098 0.933842
v -1.298371 0.239098 0.933859
v -1.570830 0.248217 1.026424
v -1.298377 0.248217 1.026441
v -1.570836 0.275222 1.115449
v -1.298383 0.275222 1.115466
v -1.570841 0.319076 1.197494
v -1.298388 0.319076 1.197511
v -1.570846 0.378094 1.269408
v -1.298393 0.378094 1.269425
v -1.570851 0.477960 1.348107
v -1.298397 0.450007 1.328443
v -1.570855 0.657930 1.407255
v -1.298401 0.580638 1.391661
v -1.570854 0.846681 1.391644
v -1.298402 0.769389 1.407272
v -1.570850 0.977312 1.328426
v -1.298398 0.949358 1.348124
v -1.570846 1.049225 1.269408
v -1.298393 1.049225 1.269425
v -1.570841 1.108243 1.197494
v -1.298388 1.108243 1.197511
v -1.570836 1.152097 1.115449
v -1.298383 1.152097 1.115466
v -1.570830 1.179102 1.026424
v -1.298377 1.179102 1.026441
v -1.570672 1.188221 -1.427874
v -1.298219 1.188221 -1.427857
v -1.570666 1.179102 -1.520457
v -1.298213 1.179102 -1.520440
v -1.570660 1.152097 -1.609481
v -1.298207 1.152097 -1.609464
v -1.570655 1.108243 -1.691526
v -1.298202 1.108243 -1.691509
v -1.570650 1.049225 -1.763440
v -1.298197 1.049225 -1.763423
v -1.570645 0.949358 -1.842139
v -1.298194 0.977312 -1.822441
v -1.570642 0.769390 -1.901287
v -1.298190 0.846680 -1.885659
v -1.570642 0.580639 -1.885676
v -1.298189 0.657928 -1.901270
v -1.570647 0.450007 -1.822458
v -1.298192 0.477961 -1.842122
v -1.570650 0.378094 -1.763440
v -1.298197 0.378094 -1.763423
v -1.570655 0.319076 -1.691526
v -1.298202 0.319076 -1.691509
v -1.570660 0.275222 -1.609481
v -1.298207 0.275222 -1.609464
v -1.570666 0.248217 -1.520457
v -1.298213 0.248217 -1.520440
v -1.570672 0.239098 -1.427874
v -1.298219 0.239098 -1.427857
v -1.570678 0.248217 -1.335292
v -1.298225 0.248217 -1.335275
v -1.570684 0.275222 -1.246267
v -1.298231 0.275222 -1.246250
v -1.570689 0.319076 -1.164222
v -1.298236 0.319076 -1.164205
v -1.570694 0.378094 -1.092309
v -1.298241 0.378094 -1.092292
v -1.570699 0.477961 -1.013609
v -1.298244 0.450007 -1.033274
v -1.570702 0.657929 -0.954462
v -1.298249 0.580639 -0.970055
v -1.570701 0.846680 -0.970072
v -1.298250 0.769389 -0.954445
v -1.570697 0.977312 -1.033291
v -1.298246 0.949358 -1.013593
v -1.570694 1.049225 -1.092309
v -1.298241 1.049225 -1.092292
v -1.570689 1.108243 -1.164222
v -1.298236 1.108243 -1.164205
v -1.570684 1.152097 -1.246267
v -1.298231 1.152097 -1.246250
v -1.570678 1.179102 -1.335292
v -1.298225 1.179102 -1.335275
v 1.569020 1.188221 -0.234911
v 1.296568 1.188221 -0.234928
v 1.569026 1.179102 -0.327493
v 1.296574 1.179102 -0.327510
v 1.569032 1.152097 -0.416518
v 1.296580 1.152097 -0.416535
v 1.569037 1.108243 -0.498563
v 1.296585 1.108243 -0.498580
v 1.569042 1.049225 -0.570477
v 1.296590 1.049225 -0.570494
v 1.569046 0.977312 -0.629494
v 1.569048 0.895266 -0.673348
v 1.296595 0.942765 -0.652139
v 1.569051 0.761324 -0.708490
v 1.296598 0.806242 -0.700371
v 1.569050 0.621077 -0.700354
v 1.296599 0.665994 -0.708507
v 1.569047 0.484555 -0.652122
v 1.296596 0.532053 -0.673365
v 1.296594 0.450007 -0.629511
v 1.569042 0.378094 -0.570477
v 1.296590 0.378094 -0.570494
v 1.569037 0.319076 -0.498563
v 1.296585 0.319076 -0.498580
v 1.569032 0.275222 -0.416518
v 1.296580 0.275222 -0.416535
v 1.569026 0.248217 -0.327493
v 1.296574 0.248217 -0.327510
v 1.569020 0.239098 -0.234911
v 1.296568 0.239098 -0.234928
v 1.569014 0.248217 -0.142329
v 1.296562 0.248217 -0.142346
v 1.569008 0.275222 -0.053304
v 1.296556 0.275222 -0.053321
v 1.569003 0.319076 0.028741
v 1.296551 0.319076 0.028724
v 1.568998 0.378094 0.100655
v 1.296546 0.378094 0.100638
v 1.568993 0.477961 0.179354
v 1.296543 0.450007 0.159655
v 1.568990 0.657929 0.238502
v 1.296539 0.580639 0.222874
v 1.568991 0.846680 0.222891
v 1.296538 0.769390 0.238485
v 1.568995 0.977312 0.159673
v 1.296541 0.949358 0.179337
v 1.568998 1.049225 0.100655
v 1.296546 1.049225 0.100638
v 1.569003 1.108243 0.028741
v 1.296551 1.108243 0.028724
v 1.569008 1.152097 -0.053304
v 1.296556 1.152097 -0.053321
v 1.569014 1.179102 -0.142329
v 1.296562 1.179102 -0.142346
v 1.139254 0.839848 1.661133
v 1.139254 0.709502 1.661133
v 1.693635 0.709502 1.661169
v 1.139500 0.709502 -2.160398
v 1.693881 0.709502 -2.160363
v 1.693726 1.306574 0.243383
v 1.139407 1.306574 -0.712036
v 1.139345 1.176229 0.243347
v 1.693819 1.153673 -1.189691
v 1.139438 1.284018 -1.189728
v 1.693819 1.284018 -1.189692
v 1.139438 1.153673 -1.189727
v 1.693695 1.284018 0.721075
v 1.139314 1.153673 0.721038
v 1.693695 1.153673 0.721073
v 1.139314 1.284018 0.721039
v 1.139345 1.306574 0.243347
v 1.693788 1.306574 -0.712000
v 1.139407 1.176229 -0.712036
v 1.693788 1.176229 -0.712000
v 1.693849 1.060975 -1.667383
v 1.139468 1.191321 -1.667419
v 1.693849 1.191321 -1.667383
v 1.139468 1.060975 -1.667420
v 1.693665 1.191321 1.198766
v 1.139284 1.060975 1.198730
v 1.693665 1.060975 1.198767
v 1.139284 1.191321 1.198730
v 1.693635 0.839848 1.661169
v 1.693881 0.839848 -2.160363
v 1.139500 0.839848 -2.160398
v 1.693726 1.176229 0.243383
v 1.693635 0.579901 1.661169
v 1.693635 0.710247 1.661169
v 1.139255 0.710247 1.661133
v 1.693881 0.710247 -2.160363
v 1.139501 0.710247 -2.160398
v 1.139346 0.113175 0.243342
v 1.139346 0.243520 0.243342
v 1.693788 0.113175 -0.711995
v 1.693726 0.243520 0.243378
v 1.139439 0.266077 -1.189729
v 1.139439 0.135731 -1.189728
v 1.693819 0.266077 -1.189692
v 1.139315 0.135731 0.721039
v 1.693696 0.266077 0.721076
v 1.139315 0.266077 0.721039
v 1.693696 0.135731 0.721075
v 1.693726 0.113175 0.243383
v 1.693788 0.243520 -0.712000
v 1.139408 0.243521 -0.712036
v 1.139469 0.358774 -1.667419
v 1.693849 0.228429 -1.667383
v 1.139469 0.228429 -1.667419
v 1.693849 0.358774 -1.667383
v 1.139285 0.228429 1.198730
v 1.693665 0.358774 1.198766
v 1.139285 0.358774 1.198730
v 1.693665 0.228429 1.198766
v 1.139255 0.579901 1.661133
v 1.139501 0.579901 -2.160398
v 1.693881 0.579901 -2.160363
v 1.693819 0.135731 -1.189693
v 1.139408 0.113175 -0.712031
v 1.568945 1.188221 0.934044
v 1.296493 1.188221 0.934027
v 1.568951 1.179102 0.841462
v 1.296499 1.179102 0.841445
v 1.568956 1.152097 0.752437
v 1.296504 1.152097 0.752420
v 1.568962 1.108243 0.670392
v 1.296510 1.108243 0.670375
v 1.568966 1.049225 0.598479
v 1.296514 1.049225 0.598462
v 1.568971 0.949358 0.519779
v 1.296518 0.977312 0.539444
v 1.568975 0.769389 0.460632
v 1.296522 0.846681 0.476226
v 1.568975 0.621077 0.468601
v 1.296523 0.665995 0.460448
v 1.568972 0.484555 0.516832
v 1.296521 0.532053 0.495590
v 1.296518 0.450007 0.539444
v 1.568966 0.378094 0.598479
v 1.296514 0.378094 0.598462
v 1.568962 0.319076 0.670392
v 1.296510 0.319076 0.670375
v 1.568956 0.275222 0.752437
v 1.296504 0.275222 0.752420
v 1.568951 0.248217 0.841462
v 1.296499 0.248217 0.841445
v 1.568945 0.239098 0.934044
v 1.296493 0.239098 0.934027
v 1.568939 0.248217 1.026626
v 1.296487 0.248217 1.026609
v 1.568933 0.275222 1.115651
v 1.296481 0.275222 1.115634
v 1.568928 0.319076 1.197696
v 1.296476 0.319076 1.197679
v 1.568923 0.378094 1.269610
v 1.296471 0.378094 1.269593
v 1.568918 0.477960 1.348309
v 1.296467 0.450007 1.328611
v 1.568914 0.657930 1.407457
v 1.296463 0.580638 1.391829
v 1.568915 0.846681 1.391846
v 1.296462 0.769389 1.407440
v 1.568919 0.977312 1.328628
v 1.296466 0.949358 1.348292
v 1.568923 1.049225 1.269610
v 1.296471 1.049225 1.269593
v 1.568928 1.108243 1.197696
v 1.296476 1.108243 1.197679
v 1.568933 1.152097 1.115651
v 1.296481 1.152097 1.115634
v 1.568939 1.179102 1.026626
v 1.296487 1.179102 1.026609
v 1.569097 1.188221 -1.427672
v 1.296645 1.188221 -1.427689
v 1.569103 1.179102 -1.520255
v 1.296651 1.179102 -1.520272
v 1.569109 1.152097 -1.609279
v 1.296657 1.152097 -1.609296
v 1.569114 1.108243 -1.691324
v 1.296662 1.108243 -1.691341
v 1.569119 1.049225 -1.763238
v 1.296667 1.049225 -1.763255
v 1.569124 0.949358 -1.841937
v 1.296670 0.977312 -1.822273
v 1.569127 0.769390 -1.901085
v 1.296674 0.846680 -1.885491
v 1.569127 0.621077 -1.893115
v 1.296676 0.665994 -1.901268
v 1.569124 0.484555 -1.844884
v 1.296673 0.532053 -1.866127
v 1.296670 0.450007 -1.822273
v 1.569119 0.378094 -1.763238
v 1.296667 0.378094 -1.763255
v 1.569114 0.319076 -1.691324
v 1.296662 0.319076 -1.691341
v 1.569109 0.275222 -1.609279
v 1.296657 0.275222 -1.609296
v 1.569103 0.248217 -1.520255
v 1.296651 0.248217 -1.520272
v 1.569097 0.239098 -1.427672
v 1.296645 0.239098 -1.427689
v 1.569091 0.248217 -1.335090
v 1.296639 0.248217 -1.335107
v 1.569085 0.275222 -1.246065
v 1.296633 0.275222 -1.246082
v 1.569080 0.319076 -1.164020
v 1.296628 0.319076 -1.164037
v 1.569075 0.378094 -1.092107
v 1.296623 0.378094 -1.092124
v 1.569070 0.477961 -1.013407
v 1.296620 0.450007 -1.033106
v 1.569067 0.657929 -0.954260
v 1.296615 0.580639 -0.969887
v 1.569067 0.846680 -0.969870
v 1.296614 0.769389 -0.954277
v 1.569072 0.977312 -1.033089
v 1.296618 0.949358 -1.013425
v 1.569075 1.049225 -1.092107
v 1.296623 1.049225 -1.092124
v 1.569080 1.108243 -1.164020
v 1.296628 1.108243 -1.164037
v 1.569085 1.152097 -1.246065
v 1.296633 1.152097 -1.246082
v 1.569091 1.179102 -1.335090
v 1.296639 1.179102 -1.335107
v -0.343600 3.648253 -0.754270
v -0.355190 3.706272 -2.738147
v -0.277247 3.521821 -0.754266
v -0.310791 3.571179 -2.738144
v -0.197862 3.451912 -0.754261
v -0.216723 3.463659 -2.738138
v -0.136275 3.418993 -0.754257
v -0.136147 3.418993 -2.738133
v -0.069449 3.398722 -0.754252
v -0.069321 3.398722 -2.738128
v 0.000048 3.391877 -0.754248
v 0.000176 3.391877 -2.738124
v 0.069545 3.398722 -0.754244
v 0.069673 3.398722 -2.738119
v 0.136371 3.418993 -0.754239
v 0.136499 3.418993 -2.738115
v 0.197958 3.451912 -0.754235
v 0.269491 3.512769 -0.754231
v 0.226372 3.470709 -2.738109
v 0.329160 3.611783 -0.754227
v 0.313355 3.576128 -2.738104
v 0.355539 3.712326 -0.754225
v 0.349559 3.678609 -2.738101
v 0.349431 3.817602 -0.754225
v 0.355667 3.783885 -2.738101
v 0.313227 3.920083 -0.754228
v 0.329288 3.884428 -2.738103
v 0.226244 4.025502 -0.754233
v 0.269619 3.983442 -2.738106
v 0.198086 4.044298 -2.738111
v 0.136371 4.077218 -0.754239
v 0.136499 4.077218 -2.738115
v 0.069545 4.097489 -0.754244
v 0.069673 4.097489 -2.738119
v 0.000048 4.104334 -0.754248
v 0.000176 4.104334 -2.738124
v -0.069449 4.097489 -0.754252
v -0.069321 4.097489 -2.738128
v -0.136275 4.077218 -0.754257
v -0.136147 4.077217 -2.738133
v -0.216851 4.032551 -0.754262
v -0.197734 4.044298 -2.738137
v -0.310919 3.925032 -0.754268
v -0.277119 3.974390 -2.738142
v -0.355318 3.789939 -0.754271
v -0.343472 3.847957 -2.738146
v -0.451066 3.617000 -2.237438
v -0.466428 3.693178 -2.615955
v -0.388758 3.488250 -2.237433
v -0.408132 3.515800 -2.615951
v -0.330590 3.417372 -2.237429
v -0.330566 3.417372 -2.615946
v -0.259712 3.359204 -2.237425
v -0.259688 3.359204 -2.615942
v -0.178848 3.315981 -2.237419
v -0.178824 3.315981 -2.615937
v -0.091105 3.289365 -2.237414
v -0.091081 3.289365 -2.615931
v 0.000144 3.280377 -2.237408
v 0.000168 3.280377 -2.615925
v 0.091393 3.289365 -2.237402
v 0.091417 3.289365 -2.615919
v 0.179136 3.315981 -2.237396
v 0.179160 3.315981 -2.615914
v 0.260000 3.359204 -2.237391
v 0.260024 3.359204 -2.615908
v 0.330878 3.417372 -2.237387
v 0.330902 3.417372 -2.615904
v 0.389046 3.488250 -2.237383
v 0.448165 3.608999 -2.237380
v 0.411372 3.522299 -2.615899
v 0.458909 3.656856 -2.615896
v 0.467872 3.748106 -2.237378
v 0.446511 3.894596 -2.237380
v 0.466928 3.795084 -2.615895
v 0.432292 3.927097 -2.615897
v 0.357742 4.051759 -2.237386
v 0.389070 4.007961 -2.615900
v 0.330902 4.078839 -2.615904
v 0.260000 4.137007 -2.237391
v 0.260024 4.137007 -2.615908
v 0.179136 4.180230 -2.237396
v 0.179160 4.180230 -2.615914
v 0.091393 4.206846 -2.237402
v 0.091417 4.206846 -2.615919
v 0.000144 4.215834 -2.237408
v 0.000168 4.215834 -2.615925
v -0.091105 4.206846 -2.237414
v -0.091081 4.206846 -2.615931
v -0.178848 4.180230 -2.237419
v -0.178824 4.180230 -2.615937
v -0.259712 4.137007 -2.237425
v -0.259688 4.137007 -2.615942
v -0.330590 4.078839 -2.237429
v -0.330566 4.078839 -2.615946
v -0.408156 3.980410 -2.237435
v -0.388734 4.007961 -2.615950
v -0.466452 3.803033 -2.237439
v -0.451042 3.879211 -2.615954
v -0.388119 3.635297 -1.846703
v -0.401347 3.700844 -2.024615
v -0.313156 3.492459 -1.846698
v -0.351187 3.548221 -2.024612
v -0.223471 3.413480 -1.846692
v -0.244913 3.426751 -2.024605
v -0.153892 3.376289 -1.846688
v -0.153881 3.376289 -2.024599
v -0.078395 3.353387 -1.846683
v -0.078384 3.353387 -2.024594
v 0.000119 3.345654 -1.846678
v 0.000130 3.345654 -2.024589
v 0.078633 3.353387 -1.846673
v 0.078644 3.353387 -2.024584
v 0.154130 3.376289 -1.846668
v 0.154141 3.376289 -2.024579
v 0.223709 3.413480 -1.846664
v 0.223720 3.413480 -2.024575
v 0.310062 3.487455 -1.846658
v 0.284706 3.463530 -2.024571
v 0.385613 3.628413 -1.846653
v 0.358150 3.560233 -2.024566
v 0.394848 3.669591 -2.024564
v 0.403009 3.781506 -1.846652
v 0.401607 3.795367 -2.024563
v 0.358139 3.935978 -1.846655
v 0.351447 3.947989 -2.024566
v 0.284695 4.032681 -1.846660
v 0.223709 4.082731 -1.846664
v 0.245173 4.069460 -2.024573
v 0.154130 4.119922 -1.846668
v 0.154141 4.119922 -2.024579
v 0.078633 4.142824 -1.846673
v 0.078644 4.142824 -2.024584
v 0.000119 4.150557 -1.846678
v 0.000130 4.150557 -2.024589
v -0.078395 4.142824 -1.846683
v -0.078384 4.142824 -2.024594
v -0.153892 4.119922 -1.846688
v -0.153881 4.119922 -2.024599
v -0.244924 4.069460 -1.846694
v -0.223460 4.082731 -2.024603
v -0.351198 3.947989 -1.846701
v -0.313145 4.003752 -2.024609
v -0.401358 3.795367 -1.846704
v -0.388108 3.860914 -2.024614
v 0.000177 4.282090 -2.756844
v 0.000172 4.269820 -2.673906
v -0.030805 4.236796 -2.613594
v -0.028400 4.194099 -2.590588
v -0.024734 4.144142 -2.613614
v 0.021890 4.110645 -2.675426
v 0.000177 4.098924 -2.756844
v 0.000183 4.111194 -2.839781
v 0.025088 4.144142 -2.900073
v 0.000188 4.192897 -2.922992
v 0.031160 4.236796 -2.900093
v 0.000183 4.269820 -2.839781
v -0.068493 4.277589 -2.756849
v -0.066897 4.265424 -2.673910
v -0.063787 4.105973 -2.674409
v -0.044586 4.095990 -2.756847
v -0.063776 4.105973 -2.839286
v -0.050553 4.141390 -2.900499
v -0.096680 4.227283 -2.900651
v -0.066886 4.265424 -2.839785
v -0.135989 4.264163 -2.756853
v -0.132818 4.252312 -2.673915
v -0.156671 4.210891 -2.613078
v -0.119797 4.126406 -2.613381
v -0.088582 4.087239 -2.756850
v -0.119779 4.126406 -2.900323
v -0.193243 4.150208 -2.922725
v -0.132807 4.252312 -2.839790
v -0.201155 4.242043 -2.756857
v -0.196464 4.230707 -2.673919
v -0.242966 4.121663 -2.590992
v -0.152949 4.077259 -2.674152
v -0.151742 4.064225 -2.756854
v -0.152938 4.077259 -2.839556
v -0.214347 4.186723 -2.900616
v -0.224919 4.219043 -2.839911
v -0.283471 4.200238 -2.756861
v -0.283715 4.185531 -2.673796
v -0.268669 4.155108 -2.613111
v -0.211745 4.082665 -2.613364
v -0.211726 4.082665 -2.900351
v -0.231975 4.025786 -2.674070
v -0.227275 4.013581 -2.756859
v -0.231964 4.025785 -2.839647
v -0.318489 4.116573 -2.900611
v -0.337657 4.144532 -2.839944
v -0.389892 4.110510 -2.756869
v -0.385789 4.096780 -2.673784
v -0.362944 4.071787 -2.613120
v -0.289569 4.016181 -2.613343
v -0.289551 4.016181 -2.900383
v -0.364428 4.000744 -2.922736
v -0.393348 3.950928 -2.590999
v -0.294513 3.955613 -2.674046
v -0.286766 3.945056 -2.756863
v -0.294502 3.955613 -2.839679
v -0.401144 4.021530 -2.900618
v -0.427212 4.043114 -2.839958
v -0.468978 3.996300 -2.756874
v -0.461247 3.984468 -2.673787
v -0.432487 3.966673 -2.613121
v -0.347402 3.931657 -2.613325
v -0.347383 3.931657 -2.900406
v -0.336420 3.871737 -2.674038
v -0.326180 3.863546 -2.756865
v -0.336409 3.871737 -2.839693
v -0.456343 3.908164 -2.900627
v -0.487258 3.921859 -2.839962
v -0.515442 3.865570 -2.756877
v -0.504840 3.856370 -2.673790
v -0.472369 3.847005 -2.613117
v -0.381175 3.835062 -2.613315
v -0.381156 3.835062 -2.900423
v -0.437961 3.784829 -2.922361
v -0.437982 3.727141 -2.591383
v -0.355428 3.779454 -2.672676
v -0.342459 3.778655 -2.756866
v -0.355417 3.779454 -2.841057
v -0.479434 3.787591 -2.901008
v -0.512899 3.789846 -2.841756
v -0.525928 3.755985 -2.756878
v -0.512910 3.722124 -2.671997
v -0.479453 3.724380 -2.612742
v -0.388160 3.704328 -2.612598
v -0.388141 3.704329 -2.901139
v -0.515441 3.646400 -2.756877
v -0.348724 3.685521 -2.674035
v -0.337494 3.692311 -2.756866
v -0.348713 3.685522 -2.839696
v -0.472350 3.664964 -2.900631
v -0.504829 3.655599 -2.839964
v -0.487269 3.590111 -2.673789
v -0.456362 3.603807 -2.613119
v -0.393327 3.561042 -2.922739
v -0.468978 3.515670 -2.756874
v -0.364449 3.511226 -2.591000
v -0.347402 3.580313 -2.613325
v -0.318251 3.596929 -2.674042
v -0.309178 3.606383 -2.756864
v -0.318240 3.596929 -2.839688
v -0.347383 3.580313 -2.900407
v -0.432468 3.545297 -2.900623
v -0.461236 3.527503 -2.839961
v -0.427223 3.468856 -2.673785
v -0.401164 3.490440 -2.613121
v -0.389892 3.401460 -2.756869
v -0.289570 3.495789 -2.613343
v -0.265596 3.519224 -2.674055
v -0.259313 3.530703 -2.756861
v -0.265585 3.519224 -2.839667
v -0.289551 3.495789 -2.900383
v -0.362925 3.440184 -2.900614
v -0.385778 3.415190 -2.839953
v -0.337668 3.367439 -2.673788
v -0.318509 3.395397 -2.613117
v -0.242945 3.390307 -2.922728
v -0.283471 3.311732 -2.756862
v -0.193264 3.361762 -2.590987
v -0.211745 3.429305 -2.613364
v -0.194207 3.457834 -2.674098
v -0.191196 3.470558 -2.756856
v -0.194197 3.457834 -2.839616
v -0.211727 3.429305 -2.900352
v -0.268649 3.356862 -2.900611
v -0.283705 3.326440 -2.839928
v -0.224930 3.292928 -2.673805
v -0.214366 3.325247 -2.613099
v -0.201155 3.269928 -2.756857
v -0.119797 3.385564 -2.613381
v -0.109044 3.417303 -2.674254
v -0.109829 3.430438 -2.756851
v -0.109033 3.417303 -2.839448
v -0.119779 3.385564 -2.900324
v -0.156652 3.301080 -2.900630
v -0.196453 3.281263 -2.839794
v -0.135989 3.247807 -2.756853
v -0.132818 3.259659 -2.673915
v -0.096699 3.284686 -2.613048
v -0.028379 3.317871 -2.923103
v -0.132807 3.259659 -2.839790
v -0.068493 3.234381 -2.756849
v -0.066897 3.246546 -2.673910
v 0.028734 3.317871 -2.590585
v -0.050572 3.370580 -2.613194
v -0.021546 3.401325 -2.675429
v -0.044586 3.415980 -2.756847
v -0.046181 3.403815 -2.839784
v -0.050553 3.370580 -2.900499
v -0.030786 3.275174 -2.900098
v -0.066886 3.246546 -2.839785
v 0.000177 3.229880 -2.756844
v 0.000172 3.242150 -2.673906
v 0.031141 3.275174 -2.613590
v 0.025070 3.367828 -2.613610
v 0.000177 3.413046 -2.756844
v 0.021901 3.401325 -2.838258
v 0.025089 3.367828 -2.900073
v 0.000183 3.242150 -2.839781
v 0.068847 3.234381 -2.756840
v 0.067241 3.246546 -2.673902
v 0.064131 3.405997 -2.674401
v 0.044940 3.415980 -2.756841
v 0.097054 3.284687 -2.900640
v 0.067252 3.246546 -2.839777
v 0.136343 3.247807 -2.756835
v 0.133162 3.259659 -2.673898
v 0.157006 3.301079 -2.613059
v 0.120133 3.385565 -2.613365
v 0.088936 3.424731 -2.756838
v 0.109399 3.417303 -2.839434
v 0.120152 3.385564 -2.900307
v 0.193618 3.361761 -2.922701
v 0.133173 3.259658 -2.839772
v 0.201508 3.269928 -2.756831
v 0.196808 3.281263 -2.673893
v 0.243300 3.390307 -2.590960
v 0.153293 3.434711 -2.674132
v 0.152096 3.447745 -2.756834
v 0.214722 3.325248 -2.900589
v 0.196819 3.281263 -2.839768
v 0.283825 3.311732 -2.756826
v 0.284060 3.326440 -2.673759
v 0.269004 3.356861 -2.613077
v 0.212081 3.429305 -2.613336
v 0.194563 3.457834 -2.839590
v 0.212100 3.429305 -2.900323
v 0.284071 3.326440 -2.839892
v 0.232319 3.486184 -2.674040
v 0.227629 3.498389 -2.756830
v 0.318864 3.395397 -2.900570
v 0.390246 3.401460 -2.756819
v 0.386133 3.415190 -2.673734
v 0.363280 3.440183 -2.613074
v 0.289906 3.495789 -2.613305
v 0.265951 3.519224 -2.839633
v 0.289924 3.495789 -2.900345
v 0.364804 3.511225 -2.922689
v 0.386144 3.415190 -2.839903
v 0.393682 3.561042 -2.590949
v 0.294857 3.556357 -2.674008
v 0.287120 3.566914 -2.756825
v 0.401518 3.490441 -2.900567
v 0.469332 3.515670 -2.756814
v 0.461591 3.527503 -2.673727
v 0.432823 3.545296 -2.613065
v 0.347738 3.580313 -2.613281
v 0.318606 3.596929 -2.839647
v 0.347757 3.580313 -2.900362
v 0.461602 3.527503 -2.839901
v 0.336764 3.640233 -2.673994
v 0.326534 3.648424 -2.756823
v 0.456717 3.603806 -2.900569
v 0.515796 3.646400 -2.756811
v 0.505184 3.655599 -2.673724
v 0.472705 3.664966 -2.613055
v 0.388496 3.704328 -2.612548
v 0.349079 3.685522 -2.839653
v 0.388515 3.704329 -2.901089
v 0.438337 3.727141 -2.922305
v 0.505195 3.655599 -2.839898
v 0.438316 3.784829 -2.591327
v 0.355772 3.732516 -2.672630
v 0.342813 3.733315 -2.756822
v 0.479808 3.724380 -2.900946
v 0.526282 3.755985 -2.756810
v 0.513254 3.789846 -2.671931
v 0.479789 3.787591 -2.612680
v 0.355783 3.779454 -2.841011
v 0.513265 3.789846 -2.841690
v 0.515795 3.865570 -2.756811
v 0.381511 3.835062 -2.613266
v 0.349068 3.826449 -2.673990
v 0.337848 3.819659 -2.756822
v 0.381530 3.835062 -2.900373
v 0.472724 3.847004 -2.900570
v 0.487613 3.921859 -2.673726
v 0.456698 3.908164 -2.613061
v 0.336776 3.871737 -2.839650
v 0.393703 3.950929 -2.922689
v 0.487624 3.921859 -2.839899
v 0.469332 3.996300 -2.756814
v 0.364784 4.000744 -2.590952
v 0.347738 3.931657 -2.613281
v 0.318595 3.915042 -2.674000
v 0.309532 3.905587 -2.756824
v 0.347757 3.931657 -2.900362
v 0.432842 3.966674 -2.900567
v 0.427567 4.043114 -2.673729
v 0.401499 4.021530 -2.613069
v 0.294868 3.955613 -2.839641
v 0.427578 4.043114 -2.839902
v 0.390246 4.110510 -2.756819
v 0.289905 4.016181 -2.613305
v 0.265940 3.992746 -2.674021
v 0.259667 3.981266 -2.756827
v 0.289925 4.016181 -2.900345
v 0.363299 4.071787 -2.900568
v 0.338012 4.144532 -2.673744
v 0.318844 4.116573 -2.613076
v 0.232330 4.025785 -2.839617
v 0.287024 4.083611 -2.922700
v 0.338024 4.144531 -2.839900
v 0.283825 4.200238 -2.756826
v 0.193597 4.150209 -2.590963
v 0.212082 4.082665 -2.613336
v 0.194552 4.054136 -2.674072
v 0.191550 4.041412 -2.756832
v 0.212100 4.082665 -2.900323
v 0.269023 4.155109 -2.900577
v 0.225274 4.219043 -2.673776
v 0.214701 4.186723 -2.613071
v 0.153304 4.077259 -2.839536
v 0.166932 4.159898 -2.922706
v 0.225286 4.219042 -2.839882
v 0.201509 4.242043 -2.756831
v 0.120134 4.126406 -2.613364
v 0.109388 4.094667 -2.674240
v 0.110182 4.081532 -2.756837
v 0.120153 4.126406 -2.900307
v 0.157026 4.210891 -2.900609
v 0.136343 4.264163 -2.756835
v 0.133162 4.252312 -2.673898
v 0.097035 4.227283 -2.613036
v 0.064141 4.105973 -2.839278
v 0.133173 4.252312 -2.839772
v 0.068847 4.277589 -2.756840
v 0.067241 4.265424 -2.673902
v 0.050908 4.141390 -2.613188
v 0.044940 4.095990 -2.756841
v 0.067252 4.265424 -2.839777
v 0.600345 4.314580 0.756314
v 0.600342 5.555634 0.794674
v 0.602666 5.555634 0.754108
v 0.629484 4.314580 0.727293
v 0.670050 4.314580 0.724975
v 0.631690 5.555634 0.724973
v 0.677313 5.555634 0.729213
v 0.701424 4.314580 0.758595
v 0.700075 5.555634 0.756538
v 0.698567 4.314580 0.799294
v 0.701421 5.555634 0.792405
v 0.667769 4.314580 0.826054
v 0.674658 5.555634 0.823201
v 0.631902 4.314580 0.824703
v 0.633958 5.555634 0.826052
v 0.604579 4.314580 0.801937
v 0.579178 5.693742 0.764093
v 0.562609 5.528796 0.766935
v 0.561899 5.678079 0.743332
v 0.533895 5.616760 0.748441
v 0.543574 5.559897 0.740817
v 0.562974 5.527991 0.737873
v 0.604912 5.497452 0.754076
v 0.605675 5.709308 0.745101
v 0.549785 5.658400 0.729549
v 0.540421 5.589836 0.714969
v 0.626396 5.715566 0.747201
v 0.594084 5.699614 0.719467
v 0.552769 5.638196 0.697332
v 0.572652 5.528376 0.708057
v 0.587488 5.507773 0.732495
v 0.579264 5.678816 0.698038
v 0.558850 5.561868 0.690989
v 0.613377 5.497461 0.724678
v 0.628810 5.490963 0.739074
v 0.618657 5.708974 0.718255
v 0.570257 5.595279 0.665357
v 0.592925 5.530082 0.681210
v 0.588486 5.636646 0.656981
v 0.612653 5.507820 0.697874
v 0.616589 5.678472 0.668288
v 0.616159 5.591733 0.640292
v 0.611819 5.551304 0.653469
v 0.639255 5.520680 0.669688
v 0.631854 5.698746 0.688137
v 0.640629 5.617105 0.635862
v 0.637324 5.497476 0.707191
v 0.644610 5.709271 0.706389
v 0.650310 5.659695 0.648819
v 0.659677 5.579836 0.637963
v 0.659322 5.546513 0.650128
v 0.666614 5.693007 0.679430
v 0.679147 5.648095 0.648695
v 0.683736 5.615686 0.640390
v 0.654760 5.506906 0.687040
v 0.649469 5.490973 0.727247
v 0.701405 5.569129 0.652761
v 0.689296 5.528963 0.671437
v 0.650160 5.715794 0.726463
v 0.676890 5.709308 0.715608
v 0.709116 5.659683 0.668475
v 0.720397 5.616866 0.660315
v 0.698830 5.694753 0.699960
v 0.743896 5.640220 0.695415
v 0.738801 5.590756 0.678083
v 0.727324 5.548699 0.684816
v 0.701955 5.512100 0.702558
v 0.676962 5.496463 0.716619
v 0.727347 5.677598 0.708800
v 0.760728 5.603260 0.716374
v 0.717633 5.512886 0.729444
v 0.718786 5.695693 0.745012
v 0.751074 5.657100 0.740115
v 0.747204 5.546106 0.725568
v 0.693774 5.709043 0.744914
v 0.763876 5.614794 0.761423
v 0.758856 5.567631 0.756633
v 0.670895 5.490904 0.740526
v 0.732881 5.679446 0.772133
v 0.753795 5.639121 0.784066
v 0.737697 5.537623 0.785472
v 0.720229 5.512755 0.762494
v 0.694252 5.497588 0.754531
v 0.672836 5.715687 0.752419
v 0.735777 5.660024 0.801029
v 0.748759 5.593186 0.807809
v 0.751903 5.568452 0.791914
v 0.735983 5.626684 0.822213
v 0.702147 5.511806 0.796773
v 0.684310 5.709066 0.778167
v 0.702835 5.695622 0.794495
v 0.721800 5.592631 0.839697
v 0.680510 5.497447 0.781493
v 0.649467 5.717700 0.750117
v 0.705928 5.658996 0.834906
v 0.700598 5.605106 0.854680
v 0.706184 5.547523 0.834735
v 0.688118 5.521813 0.821088
v 0.657464 5.709155 0.793354
v 0.677957 5.693886 0.815978
v 0.664707 5.490953 0.767682
v 0.661337 5.636474 0.860000
v 0.658718 5.603259 0.864679
v 0.661338 5.570045 0.860000
v 0.658199 5.530082 0.838824
v 0.656473 5.507670 0.814267
v 0.653149 5.678837 0.837640
v 0.653091 5.497211 0.794045
v 0.614248 5.591734 0.859541
v 0.621010 5.548699 0.847668
v 0.626326 5.522473 0.828259
v 0.630934 5.699040 0.811197
v 0.614614 5.678248 0.831025
v 0.611872 5.635261 0.855102
v 0.628600 5.709139 0.789150
v 0.578177 5.639121 0.833511
v 0.586163 5.547255 0.828813
v 0.613532 5.507506 0.802495
v 0.621131 5.497247 0.783773
v 0.644828 5.715806 0.773433
v 0.587109 5.677624 0.812975
v 0.565692 5.657682 0.807250
v 0.569638 5.587686 0.832903
v 0.562531 5.545841 0.799489
v 0.592884 5.520506 0.806693
v 0.607827 5.706025 0.781379
v 0.550003 5.617047 0.806549
v 0.539457 5.594558 0.784164
v 0.635007 5.490831 0.768805
v 0.552532 5.659265 0.778474
v 0.590568 5.507560 0.773634
v 0.540754 5.568952 0.771547
v 0.649467 5.488819 0.750117
v 1.174668 0.714905 1.374338
v 1.082875 2.111201 1.998356
v -1.174846 0.714905 1.374186
v -1.083133 2.111201 1.998216
v 1.174892 0.714905 -2.098368
v 1.000085 2.111201 -1.327724
v -1.174622 0.714905 -2.098520
v -0.999915 2.111201 -1.327852
v -1.174734 0.714905 -0.362167
v -1.041524 2.111201 0.335182
v 1.174780 0.714905 -0.362015
v 1.041480 2.111201 0.335316
v -1.020719 2.111201 -0.496335
v 1.174836 0.714905 -1.230192
v -1.174678 0.714905 -1.230344
v 1.020783 2.111201 -0.496203
v -1.174790 0.714905 0.506010
v 1.062178 2.111201 1.166836
v -1.062328 2.111201 1.166700
v 1.174724 0.714905 0.506162
v -0.000337 0.714905 1.374262
v -0.000358 2.111201 1.998286
v -0.000113 0.714905 -2.098444
v -0.000126 2.111201 -1.327788
v -0.000242 2.111201 0.335249
v -0.000225 0.601517 -0.362091
v -0.000184 2.111201 -0.496269
v -0.000169 0.601517 -1.230268
v -0.000281 0.601517 0.506086
v -0.000300 2.111201 1.166768
v 0.587165 0.714905 1.374300
v 0.499979 2.111201 -1.327756
v 0.520619 2.111201 0.335283
v 0.587277 0.601517 -0.362053
v 0.510300 2.111201 -0.496236
v 0.587333 0.601517 -1.230230
v 0.587221 0.601517 0.506124
v 0.530939 2.111201 1.166802
v 0.541259 2.111201 1.998321
v 0.587389 0.714905 -2.098406
v -0.541746 2.111201 1.998251
v -0.587368 0.714905 -2.098482
v -0.587592 0.714905 1.374224
v -0.500021 2.111201 -1.327820
v -0.520883 2.111201 0.335215
v -0.587480 0.601517 -0.362129
v -0.510452 2.111201 -0.496302
v -0.587424 0.601517 -1.230306
v -0.587536 0.601517 0.506048
v -0.531314 2.111201 1.166734
v 1.079941 3.219460 1.228785
v 0.999935 4.518259 1.000064
v -1.080099 3.219460 1.228645
v -1.000065 4.518259 0.999936
v 1.080099 3.219460 -1.228645
v 1.000064 4.518259 -0.999936
v -1.079941 3.219460 -1.228785
v -0.999936 4.518259 -1.000064
vn -0.0732 -0.0227 -0.9971
vn 0.2733 -0.0358 -0.9613
vn 0.6204 -0.0358 -0.7835
vn 0.8600 -0.0240 -0.5096
vn 0.9961 -0.0358 0.0806
vn -0.6678 -0.0059 -0.7443
vn 0.9967 -0.0089 0.0806
vn 0.4493 -0.0056 0.8934
vn 0.1154 -0.0089 0.9933
vn -0.7886 -0.0056 0.6149
vn -0.9517 -0.0089 0.3069
vn -0.0341 0.3120 -0.9495
vn -0.0336 -0.0824 -0.9960
vn -0.0203 -0.4355 -0.8999
vn -0.0342 -0.3120 0.9495
vn -0.0338 0.0824 0.9960
vn -0.0204 0.4355 0.8999
vn -0.0000 -1.0000 -0.0000
vn 1.0000 -0.0000 0.0001
vn -1.0000 -0.0000 -0.0001
vn -0.0000 1.0000 -0.0000
vn -0.0203 -0.4355 -0.9000
vn -0.0135 -0.4713 0.8818
vn -0.0203 0.0579 0.9981
vn -0.0210 0.0536 0.9983
vn -0.9966 -0.0824 0.0034
vn -0.8855 -0.4647 0.0034
vn -0.6609 -0.7505 0.0018
vn 0.6480 -0.7617 0.0021
vn 0.8565 -0.5161 0.0025
vn 0.9983 0.0579 0.0022
vn 0.7713 0.6364 0.0034
vn -0.7526 0.6585 0.0036
vn -0.9500 0.3122 0.0035
vn -0.9963 -0.0824 0.0239
vn -0.9000 -0.4356 0.0144
vn 0.8980 -0.4397 0.0134
vn 0.9894 0.1443 0.0154
vn -0.9497 0.3121 0.0242
vn -0.9956 -0.0823 0.0437
vn -0.8846 -0.4643 0.0436
vn -0.6607 -0.7503 0.0237
vn 0.8805 -0.4719 0.0449
vn 0.6343 0.7729 0.0189
vn -0.9569 -0.0000 -0.2903
vn -0.7518 0.6578 0.0454
vn -0.9491 0.3119 0.0442
vn -0.0582 0.8879 0.4563
vn -0.0319 0.4798 -0.8768
vn -0.0928 0.4682 0.8787
vn 0.1652 -0.8796 0.4461
vn 0.1865 -0.8673 -0.4615
vn -0.1731 0.8705 -0.4607
vn -0.2854 0.8406 0.4604
vn 0.1724 -0.5154 0.8394
vn -0.1537 0.4453 -0.8821
vn -0.2103 0.4217 0.8820
vn 0.3849 -0.8090 0.4443
vn 0.3850 -0.8090 -0.4442
vn -0.4497 0.8855 -0.1166
vn -0.2599 0.3858 -0.8852
vn -0.3082 0.3486 0.8852
vn 0.5820 -0.6811 0.4442
vn 0.5821 -0.6811 -0.4442
vn -0.6419 0.7613 -0.0918
vn 0.4059 -0.3575 0.8411
vn -0.3559 0.3096 -0.8818
vn -0.3936 0.2604 0.8817
vn 0.7394 -0.5058 0.4444
vn 0.7394 -0.5058 -0.4444
vn -0.8186 0.5669 -0.0921
vn -0.4180 0.2036 -0.8853
vn -0.4412 0.1471 0.8853
vn 0.8455 -0.2956 0.4447
vn 0.8456 -0.2956 -0.4445
vn -0.9382 0.3335 -0.0923
vn 0.5281 -0.1068 0.8425
vn -0.4512 0.0892 -0.8879
vn -0.4592 0.0292 0.8878
vn 0.9001 -0.0457 0.4332
vn 0.9002 -0.0457 -0.4331
vn -0.9890 0.0946 -0.1140
vn 0.8477 0.0529 0.5279
vn 0.8477 0.0529 -0.5278
vn -0.9618 -0.1895 0.1977
vn -0.3513 -0.0685 -0.9338
vn -0.3395 -0.1140 0.9337
vn 0.3915 0.1233 -0.9119
vn -0.8787 -0.4351 0.1964
vn 0.3202 0.2189 0.9217
vn 0.3435 0.2348 -0.9093
vn -0.7350 -0.6490 0.1962
vn -0.2712 -0.2389 -0.9324
vn -0.2379 -0.2724 0.9323
vn 0.2659 0.3108 -0.9125
vn -0.5407 -0.8181 0.1959
vn 0.1671 0.3510 0.9214
vn 0.1798 0.3773 -0.9085
vn -0.1180 -0.3448 -0.9312
vn -0.0723 -0.3571 0.9313
vn 0.0895 0.4241 -0.9012
vn 0.0203 0.4197 0.9074
vn 0.0646 0.9852 0.1591
vn 0.0197 0.4011 -0.9158
vn 0.0582 -0.8879 0.4563
vn 0.0317 -0.4755 -0.8792
vn 0.0927 -0.4682 0.8787
vn -0.1653 0.8796 0.4461
vn 0.1732 -0.8705 -0.4607
vn 0.2853 -0.8406 0.4605
vn -0.1725 0.5154 0.8394
vn 0.1539 -0.4452 -0.8821
vn 0.2102 -0.4217 0.8820
vn -0.3850 0.8090 0.4442
vn -0.4273 0.8974 -0.1099
vn 0.4096 -0.7922 -0.4524
vn 0.2600 -0.3858 -0.8852
vn 0.3081 -0.3486 0.8852
vn -0.5820 0.6811 0.4442
vn -0.6481 0.7535 -0.1103
vn 0.5912 -0.6800 -0.4338
vn -0.4060 0.3575 0.8410
vn 0.3560 -0.3096 -0.8817
vn 0.3934 -0.2604 0.8817
vn -0.7394 0.5058 0.4444
vn -0.8228 0.5575 -0.1107
vn 0.7479 -0.5025 -0.4338
vn 0.4182 -0.2036 -0.8853
vn 0.4411 -0.1471 0.8853
vn -0.8580 0.2795 0.4309
vn -0.9398 0.3232 -0.1110
vn 0.8530 -0.2903 -0.4338
vn -0.5315 0.1074 0.8402
vn 0.4513 -0.0892 -0.8879
vn 0.4591 -0.0292 0.8879
vn -0.9910 0.0691 -0.1148
vn 0.8960 -0.0597 -0.4399
vn -0.3716 -0.0148 0.9283
vn -0.9816 -0.0564 -0.1822
vn -0.3857 -0.0156 -0.9225
vn 0.8448 0.0504 -0.5327
vn 0.9617 0.1895 0.1978
vn -0.8389 -0.1651 -0.5186
vn 0.3514 0.0685 -0.9337
vn 0.9618 0.1895 -0.1977
vn 0.3394 0.1140 0.9337
vn -0.9340 -0.3078 -0.1814
vn -0.3867 -0.1351 -0.9123
vn 0.8052 0.2684 -0.5288
vn 0.8787 0.4351 0.1965
vn -0.7661 -0.3827 -0.5163
vn 0.8787 0.4351 -0.1964
vn -0.3203 -0.2189 0.9217
vn -0.8212 -0.5411 -0.1814
vn -0.3434 -0.2348 -0.9094
vn 0.7079 0.4683 -0.5287
vn 0.7350 0.6490 0.1963
vn -0.6394 -0.5697 -0.5163
vn 0.3050 0.2452 -0.9202
vn 0.7350 0.6490 -0.1962
vn 0.2378 0.2724 0.9323
vn -0.6509 -0.7372 -0.1815
vn -0.2681 -0.3135 -0.9109
vn 0.5622 0.6361 -0.5285
vn 0.5407 0.8181 0.1959
vn -0.4678 -0.7174 -0.5163
vn 0.2145 0.3376 -0.9165
vn 0.5407 0.8181 -0.1959
vn -0.1672 -0.3510 0.9213
vn -0.4349 -0.8821 -0.1812
vn -0.1747 -0.3670 -0.9137
vn 0.3788 0.7602 -0.5278
vn -0.2641 -0.8153 -0.5153
vn 0.0722 0.3571 0.9313
vn -0.2133 -0.9627 -0.1663
vn -0.0204 -0.4197 0.9074
vn -0.0646 -0.9852 0.1590
vn -0.0666 -0.8637 -0.4995
vn -0.7065 -0.0000 -0.7077
vn -0.7057 -0.0001 -0.7085
vn -0.7077 -0.0000 -0.7065
vn -0.0570 -0.0018 -0.9984
vn 0.9975 -0.0019 0.0700
vn 0.6559 -0.0019 0.7549
vn -0.0376 -0.0010 0.9993
vn -0.9957 -0.0029 0.0924
vn -0.9841 -0.1684 -0.0564
vn -0.5426 0.8370 -0.0711
vn -0.8543 -0.5198 0.0037
vn -0.6565 0.7151 -0.2401
vn -0.3973 -0.9105 -0.1147
vn -0.9380 0.2479 -0.2424
vn -0.8943 -0.3426 -0.2877
vn -0.8581 0.0322 -0.5125
vn -0.2727 0.9513 -0.1437
vn -0.6629 0.4429 -0.6037
vn -0.0815 0.9933 -0.0824
vn -0.6551 -0.5395 -0.5290
vn -0.5862 -0.3576 -0.7270
vn -0.3395 0.8353 -0.4324
vn -0.2500 -0.9054 -0.3432
vn -0.1325 -0.9636 -0.2322
vn -0.4771 0.0324 -0.8783
vn -0.0531 -0.9942 -0.0936
vn -0.1353 0.9527 -0.2722
vn -0.1536 -0.8362 -0.5265
vn -0.1534 -0.8374 -0.5246
vn -0.1534 -0.8369 -0.5254
vn -0.2697 0.4160 -0.8684
vn -0.0547 0.7193 -0.6926
vn 0.0152 0.8616 -0.5074
vn 0.0657 -0.9244 -0.3757
vn 0.2996 -0.1372 -0.9441
vn 0.0934 0.9390 -0.3310
vn 0.2373 -0.3354 -0.9117
vn 0.1355 -0.6628 -0.7364
vn 0.2578 0.5823 -0.7710
vn 0.2436 0.8565 -0.4551
vn 0.2656 -0.7983 -0.5406
vn 0.1185 -0.9734 -0.1963
vn 0.0549 -0.9941 -0.0936
vn 0.6014 -0.1141 -0.7907
vn 0.5032 -0.4844 -0.7156
vn 0.5512 0.6411 -0.5340
vn 0.6841 0.3064 -0.6619
vn 0.0932 0.9926 -0.0773
vn 0.8505 0.0938 -0.5176
vn 0.2543 0.9572 -0.1379
vn 0.7497 0.6456 -0.1454
vn 0.8225 0.4758 -0.3117
vn 0.4129 -0.8963 -0.1617
vn 0.7420 -0.6676 -0.0609
vn 0.9653 0.2286 -0.1260
vn 0.7661 0.6426 -0.0132
vn 0.9731 -0.1233 0.1947
vn 0.8410 -0.5379 0.0573
vn 0.9378 0.0726 0.3395
vn 0.1085 -0.9937 0.0265
vn 0.3315 0.9388 0.0937
vn 0.2429 -0.9684 0.0571
vn 0.6212 -0.7207 0.3077
vn 0.7126 -0.4422 0.5447
vn 0.5744 0.6279 0.5252
vn 0.7635 0.0135 0.6457
vn 0.5780 0.2301 0.7829
vn 0.0761 0.9925 0.0958
vn 0.5067 -0.6541 0.5616
vn 0.1361 0.9624 0.2350
vn 0.2640 -0.8287 0.4934
vn 0.2273 0.4886 0.8424
vn 0.3532 0.2913 0.8890
vn 0.2257 0.1185 0.9670
vn 0.3645 -0.2730 0.8903
vn 0.2809 -0.5965 0.7519
vn 0.2704 0.6175 0.7386
vn 0.0381 0.8439 0.5351
vn 0.0129 -0.9716 0.2363
vn 0.0084 -0.9935 0.1134
vn -0.0764 -0.1450 0.9865
vn -0.0508 0.9372 0.3451
vn -0.1257 0.7346 0.6668
vn -0.1478 -0.8215 0.5506
vn -0.5157 0.0590 0.8547
vn -0.2873 0.8590 0.4239
vn -0.7319 0.1136 0.6719
vn -0.2135 0.9590 0.1864
vn -0.7196 -0.3545 0.5970
vn -0.4459 -0.8224 0.3533
vn -0.6131 0.4778 0.6292
vn -0.7701 0.2875 0.5694
vn -0.6476 -0.6757 0.3522
vn -0.3714 -0.9074 0.1966
vn -0.0996 0.9932 0.0609
vn -0.8519 -0.1102 0.5120
vn -0.5368 0.7715 0.3415
vn -0.2972 0.9492 0.1035
vn -0.8376 -0.4848 0.2518
vn -0.9385 0.2285 0.2590
vn -0.7534 0.6419 0.1428
vn -0.8630 0.5036 0.0396
vn -0.2355 -0.9708 0.0448
vn -0.1134 -0.9934 0.0192
vn -0.7947 -0.0054 -0.6069
vn -0.6068 0.0054 -0.7948
vn -0.2996 0.0080 -0.9540
vn 0.9570 -0.0000 -0.2902
vn 0.1154 0.0358 -0.9927
vn 0.4865 0.0358 -0.8729
vn 0.7836 0.0358 -0.6203
vn 0.8772 -0.0080 0.4800
vn 0.9983 0.0240 -0.0539
vn 0.9636 0.0227 0.2664
vn 0.6343 -0.0000 0.7731
vn 0.2902 -0.0000 0.9570
vn -0.0631 -0.0054 0.9980
vn -0.3237 0.0054 0.9461
vn -0.6344 -0.0000 0.7730
vn -0.8820 -0.0000 0.4713
vn -0.9952 -0.0000 0.0980
vn -0.9952 -0.0000 -0.0981
vn -0.8819 -0.0000 -0.4715
vn -0.7730 -0.0000 -0.6344
vn -0.6343 -0.0000 -0.7731
vn -0.4713 -0.0000 -0.8820
vn -0.2902 -0.0000 -0.9570
vn -0.0980 -0.0000 -0.9952
vn 0.0981 -0.0000 -0.9952
vn 0.2903 -0.0000 -0.9569
vn 0.4714 -0.0000 -0.8819
vn 0.6344 -0.0000 -0.7730
vn 0.7731 -0.0000 -0.6343
vn 0.8820 -0.0000 -0.4713
vn 0.9952 -0.0000 -0.0980
vn 0.9952 -0.0000 0.0981
vn 0.9569 -0.0000 0.2903
vn 0.8819 -0.0000 0.4715
vn 0.7730 -0.0000 0.6344
vn 0.4713 -0.0000 0.8820
vn 0.0980 -0.0000 0.9952
vn -0.0981 -0.0000 0.9952
vn -0.2903 -0.0000 0.9569
vn -0.4714 -0.0000 0.8819
vn -0.7731 -0.0000 0.6343
vn -0.9570 -0.0000 0.2902
vn -0.9942 -0.0020 -0.1078
vn -0.8914 -0.0035 -0.4532
vn -0.4531 0.0035 -0.8914
vn -0.7442 0.0059 -0.6679
vn -0.1328 -0.0013 -0.9911
vn 0.1329 0.0013 -0.9911
vn 0.4715 -0.0000 -0.8819
vn 0.9508 -0.0035 -0.3098
vn 0.8772 -0.0020 0.4800
vn 0.9985 0.0059 -0.0539
vn 0.9638 0.0056 0.2665
vn 0.6419 0.0020 0.7668
vn -0.2997 -0.0020 0.9540
vn 0.2734 0.0089 0.9619
vn -0.0733 0.0056 0.9973
vn -0.6269 0.0020 0.7791
vn -0.8900 0.0089 0.4558
vn -0.9924 0.0056 0.1226
vn -0.0000 0.9952 -0.0980
vn -0.0000 0.9569 -0.2903
vn -0.0000 0.8819 -0.4714
vn -0.0000 0.7730 -0.6344
vn -0.0039 0.6255 -0.7802
vn 0.0040 -0.6255 -0.7802
vn 0.0204 0.4355 -0.8999
vn 0.0338 0.0824 -0.9960
vn 0.0342 -0.3120 -0.9495
vn -0.0000 -0.7730 -0.6344
vn -0.0000 -0.8819 -0.4714
vn -0.0000 -0.9569 -0.2903
vn -0.0000 -0.9952 -0.0980
vn -0.0000 -0.9952 0.0980
vn -0.0000 -0.9569 0.2903
vn -0.0000 -0.8819 0.4714
vn -0.0000 -0.7730 0.6344
vn -0.0040 -0.6255 0.7802
vn 0.0039 0.6255 0.7802
vn 0.0203 -0.4355 0.8999
vn 0.0336 -0.0824 0.9960
vn 0.0341 0.3120 0.9495
vn -0.0000 0.7730 0.6344
vn -0.0000 0.8819 0.4714
vn -0.0000 0.9569 0.2903
vn -0.0000 0.9952 0.0980
vn 0.0001 -0.0000 -1.0000
vn -0.0001 -0.0000 1.0000
vn -0.0000 -0.8142 0.5805
vn -0.0000 0.7961 0.6051
vn -0.0000 0.9817 -0.1905
vn -0.0000 -0.9989 0.0472
vn -0.0000 -0.9817 -0.1905
vn -0.0000 0.9989 0.0472
vn -0.0000 -0.9989 -0.0472
vn -0.0000 0.9989 -0.0472
vn -0.0000 0.8142 -0.5805
vn -0.0000 -0.9817 0.1905
vn -0.0000 -0.7961 -0.6051
vn -0.0000 0.9817 0.1905
vn -0.0000 0.8142 0.5805
vn -0.0000 -0.7961 0.6051
vn -0.0000 -0.8142 -0.5805
vn -0.0000 0.7961 -0.6051
vn 0.0066 -0.6192 0.7852
vn 0.0015 -0.2946 0.9556
vn -0.0016 0.2946 0.9556
vn 0.0202 -0.0579 0.9981
vn -0.0067 0.6192 0.7852
vn 0.0134 0.4713 0.8818
vn 0.0323 -0.0869 0.9957
vn 0.0203 -0.4355 0.9000
vn -0.4791 -0.8778 -0.0003
vn -0.9500 -0.3122 -0.0036
vn -0.7526 -0.6585 -0.0037
vn -0.2903 -0.9569 -0.0000
vn -0.0980 -0.9952 -0.0000
vn 0.0980 -0.9952 -0.0000
vn 0.2903 -0.9569 -0.0000
vn 0.4878 -0.8730 -0.0006
vn 0.9556 -0.2946 -0.0001
vn 0.7713 -0.6364 -0.0033
vn 0.9556 0.2946 0.0002
vn 0.9983 -0.0579 -0.0020
vn 0.4878 0.8730 0.0007
vn 0.8565 0.5161 -0.0023
vn 0.6480 0.7617 -0.0020
vn 0.2903 0.9569 -0.0000
vn 0.0980 0.9952 -0.0000
vn -0.0980 0.9952 -0.0000
vn -0.2903 0.9569 -0.0000
vn -0.4791 0.8778 0.0003
vn -0.6609 0.7505 -0.0019
vn -0.8855 0.4647 -0.0035
vn -0.9966 0.0824 -0.0035
vn -0.7802 -0.6255 -0.0028
vn -0.9497 -0.3121 -0.0243
vn -0.6344 -0.7730 -0.0000
vn -0.4714 -0.8819 -0.0000
vn 0.4714 -0.8819 -0.0000
vn 0.6344 -0.7730 -0.0000
vn 0.7852 -0.6192 -0.0047
vn 0.9950 -0.0995 0.0004
vn 0.9428 -0.3331 -0.0153
vn 0.8745 0.4849 0.0125
vn 0.9672 0.2538 -0.0145
vn 0.6479 0.7617 0.0043
vn 0.7730 0.6344 -0.0094
vn 0.4714 0.8819 -0.0000
vn -0.4714 0.8819 -0.0000
vn -0.6344 0.7730 -0.0000
vn -0.7802 0.6255 0.0027
vn -0.9000 0.4356 -0.0145
vn -0.9963 0.0824 -0.0240
vn -0.4790 -0.8778 -0.0039
vn -0.9491 -0.3119 -0.0444
vn -0.7518 -0.6578 -0.0455
vn 0.6440 -0.7650 0.0056
vn 0.9962 -0.0863 0.0086
vn 0.7960 -0.6045 -0.0321
vn 0.9478 -0.3180 -0.0244
vn 0.9553 0.2956 -0.0002
vn 0.7718 0.6357 -0.0131
vn 0.4790 0.8778 -0.0038
vn -0.4790 0.8778 0.0038
vn -0.6607 0.7503 -0.0237
vn -0.8846 0.4643 -0.0437
vn -0.9956 0.0823 -0.0438
vn -0.0647 0.9872 0.1460
vn 0.0587 -0.9897 0.1302
vn 0.0530 -0.8607 0.5064
vn 0.0734 -0.9872 -0.1414
vn 0.0499 -0.8770 -0.4778
vn -0.0600 0.8605 -0.5059
vn 0.0203 -0.4168 -0.9088
vn -0.0647 0.9872 -0.1460
vn -0.1930 0.9703 0.1460
vn -0.1706 0.8454 0.5061
vn 0.1052 -0.4856 -0.8678
vn 0.0792 -0.4125 0.9075
vn 0.1925 -0.9678 0.1620
vn 0.1925 -0.9678 -0.1620
vn -0.1930 0.9703 -0.1461
vn -0.0826 0.3687 -0.9259
vn -0.3180 0.9368 0.1460
vn 0.3188 -0.9382 0.1349
vn -0.1181 0.3448 0.9312
vn 0.2641 -0.8153 0.5153
vn 0.3188 -0.9382 -0.1349
vn -0.2879 0.8187 -0.4968
vn 0.2641 -0.8153 -0.5153
vn -0.3281 0.9319 -0.1550
vn -0.4512 0.8797 0.1501
vn -0.3920 0.7742 0.4970
vn 0.5454 -0.8254 0.1454
vn 0.1797 -0.3773 0.9085
vn 0.1672 -0.3510 -0.9213
vn 0.4678 -0.7174 0.5163
vn 0.5455 -0.8254 -0.1453
vn -0.4863 0.7292 -0.4813
vn 0.4679 -0.7174 -0.5162
vn -0.6436 0.7518 0.1436
vn -0.5406 0.8181 -0.1959
vn -0.5777 0.6592 0.4814
vn 0.3314 -0.3819 -0.8627
vn 0.2657 -0.3108 0.9126
vn 0.7428 -0.6535 0.1457
vn -0.2378 0.2724 -0.9323
vn -0.2713 0.2389 0.9324
vn 0.6394 -0.5697 0.5163
vn 0.7428 -0.6535 -0.1456
vn -0.6590 0.5777 -0.4816
vn 0.6395 -0.5697 -0.5163
vn -0.8175 0.5577 0.1440
vn -0.7350 0.6490 -0.1963
vn -0.7291 0.4862 0.4816
vn 0.8878 -0.4365 0.1458
vn 0.3434 -0.2348 0.9094
vn 0.3203 -0.2189 -0.9217
vn 0.7661 -0.3827 0.5163
vn 0.8878 -0.4365 -0.1457
vn -0.7865 0.3864 -0.4818
vn 0.7662 -0.3827 -0.5162
vn -0.9346 0.3252 0.1443
vn -0.8787 0.4351 -0.1965
vn -0.8305 0.2798 0.4817
vn 0.4759 -0.1644 -0.8640
vn 0.3866 -0.1351 0.9123
vn 0.9706 -0.1922 0.1452
vn -0.3394 0.1140 -0.9337
vn -0.3514 0.0685 0.9337
vn 0.8389 -0.1652 0.5186
vn 0.9706 -0.1922 -0.1451
vn -0.8587 0.1698 -0.4836
vn 0.8390 -0.1651 -0.5185
vn -0.9845 0.0761 0.1579
vn -0.9617 0.1895 -0.1979
vn -0.8736 0.0556 0.4835
vn 0.9874 0.0628 0.1453
vn 0.3857 -0.0155 0.9225
vn 0.3716 -0.0148 -0.9283
vn -0.9890 -0.0946 0.1139
vn 0.9874 0.0628 -0.1452
vn -0.8735 -0.0556 -0.4836
vn -0.4591 -0.0292 -0.8879
vn -0.9845 -0.0761 -0.1581
vn -0.8587 -0.1698 0.4835
vn 0.4619 0.1544 0.8734
vn -0.4513 -0.0892 0.8879
vn 0.5315 0.1074 -0.8402
vn -0.9382 -0.3335 0.0922
vn 0.8393 0.2796 0.4662
vn 0.9375 0.3158 0.1459
vn 0.9376 0.3158 -0.1458
vn 0.8394 0.2796 -0.4661
vn -0.8304 -0.2798 -0.4818
vn -0.4411 -0.1471 -0.8853
vn -0.9346 -0.3252 -0.1444
vn -0.7866 -0.3864 0.4817
vn 0.7251 0.4937 0.4801
vn -0.4181 -0.2036 0.8853
vn -0.8186 -0.5669 0.0920
vn 0.8225 0.5497 0.1457
vn 0.8225 0.5497 -0.1456
vn 0.7252 0.4937 -0.4800
vn -0.7291 -0.4862 -0.4817
vn -0.3935 -0.2604 -0.8817
vn -0.8174 -0.5577 -0.1441
vn -0.6591 -0.5777 0.4815
vn 0.3313 0.3819 0.8628
vn -0.3560 -0.3096 0.8817
vn 0.4060 0.3575 -0.8410
vn -0.6419 -0.7613 0.0917
vn 0.5709 0.6660 0.4801
vn 0.6499 0.7460 0.1455
vn 0.6499 0.7460 -0.1455
vn 0.5710 0.6660 -0.4800
vn -0.5776 -0.6592 -0.4815
vn -0.3081 -0.3486 -0.8852
vn -0.6435 -0.7518 -0.1437
vn -0.4864 -0.7292 0.4813
vn 0.3773 0.7919 0.4802
vn -0.2600 -0.3858 0.8852
vn -0.4497 -0.8855 0.1165
vn 0.4314 0.8904 0.1451
vn 0.4314 0.8904 -0.1450
vn 0.3773 0.7919 -0.4802
vn -0.3920 -0.7742 -0.4970
vn -0.2102 -0.4217 -0.8820
vn -0.4511 -0.8797 -0.1502
vn -0.3281 -0.9319 0.1549
vn -0.2880 -0.8187 0.4968
vn -0.3180 -0.9368 -0.1461
vn -0.1539 -0.4452 0.8821
vn 0.1725 0.5154 -0.8394
vn -0.2853 -0.8406 -0.4605
vn -0.1930 -0.9703 0.1460
vn 0.1014 0.5101 0.8541
vn -0.1732 -0.8705 0.4607
vn 0.1720 0.8549 0.4895
vn 0.1946 0.9714 0.1363
vn 0.2104 0.9662 -0.1487
vn 0.1830 0.8574 -0.4809
vn -0.1706 -0.8454 -0.5061
vn -0.0927 -0.4682 -0.8787
vn -0.1930 -0.9703 -0.1461
vn -0.0647 -0.9872 0.1460
vn -0.0600 -0.8605 0.5059
vn 0.0494 0.9892 -0.1377
vn -0.0317 -0.4755 0.8792
vn 0.0349 0.8895 0.4557
vn 0.0385 0.8774 -0.4782
vn -0.0647 -0.9872 -0.1460
vn -0.0582 -0.8879 -0.4563
vn 0.0647 -0.9872 0.1460
vn -0.0587 0.9897 0.1302
vn -0.0530 0.8607 0.5064
vn 0.0600 -0.8605 -0.5059
vn -0.0646 0.9852 -0.1591
vn 0.0647 -0.9872 -0.1460
vn 0.1930 -0.9703 0.1461
vn 0.1706 -0.8454 0.5061
vn -0.1844 0.9744 -0.1283
vn -0.0793 0.4125 0.9075
vn -0.1925 0.9678 0.1620
vn -0.1631 0.8633 -0.4776
vn -0.0972 0.5026 -0.8590
vn 0.1930 -0.9703 -0.1460
vn 0.0723 -0.3571 -0.9313
vn 0.3180 -0.9368 0.1461
vn -0.3188 0.9382 0.1349
vn 0.1180 -0.3448 0.9312
vn -0.2641 0.8153 0.5153
vn 0.2801 -0.8164 -0.5050
vn -0.3375 0.9264 -0.1669
vn 0.3180 -0.9368 -0.1460
vn 0.4511 -0.8797 0.1502
vn 0.3920 -0.7742 0.4970
vn -0.3773 0.7919 -0.4802
vn -0.1798 0.3773 0.9085
vn 0.4512 -0.8797 -0.1501
vn -0.1671 0.3510 -0.9214
vn -0.5455 0.8254 0.1453
vn -0.4679 0.7174 0.5162
vn 0.6435 -0.7518 0.1437
vn -0.5476 0.8168 -0.1814
vn 0.4744 -0.7042 -0.5282
vn 0.5776 -0.6592 0.4815
vn -0.5709 0.6660 -0.4801
vn -0.2658 0.3108 0.9125
vn -0.3313 0.3819 -0.8628
vn 0.6436 -0.7518 -0.1436
vn 0.2379 -0.2724 -0.9323
vn -0.7428 0.6535 0.1456
vn 0.2712 -0.2389 0.9324
vn -0.6395 0.5697 0.5163
vn 0.8174 -0.5577 0.1441
vn -0.7426 0.6447 -0.1815
vn 0.6405 -0.5570 -0.5286
vn 0.7291 -0.4862 0.4817
vn -0.7251 0.4937 -0.4801
vn -0.3435 0.2348 0.9093
vn 0.8175 -0.5577 -0.1440
vn -0.3202 0.2189 -0.9217
vn -0.8878 0.4365 0.1457
vn -0.7662 0.3827 0.5162
vn 0.9346 -0.3252 0.1444
vn -0.8853 0.4281 -0.1814
vn 0.7631 -0.3716 -0.5288
vn 0.8304 -0.2798 0.4818
vn -0.8393 0.2796 -0.4663
vn -0.3915 0.1233 0.9119
vn -0.4619 0.1544 -0.8734
vn 0.9346 -0.3252 -0.1443
vn 0.3395 -0.1140 -0.9337
vn -0.9706 0.1922 0.1451
vn 0.3513 -0.0685 0.9338
vn -0.8321 0.1636 0.5299
vn 0.9845 -0.0761 0.1581
vn -0.9661 0.1853 -0.1800
vn 0.8336 -0.1613 -0.5284
vn 0.8735 -0.0556 0.4836
vn 0.9845 -0.0761 -0.1579
vn -0.8476 0.0529 -0.5279
vn -0.8824 -0.0494 0.4680
vn 0.9890 0.0946 0.1140
vn -0.9874 -0.0628 0.1452
vn 0.8587 0.1698 0.4836
vn -0.9001 -0.0457 -0.4332
vn 0.4592 0.0292 -0.8878
vn 0.9890 0.0946 -0.1139
vn -0.4759 -0.1644 0.8640
vn 0.4512 0.0892 0.8879
vn -0.9736 -0.1989 -0.1124
vn -0.5281 -0.1068 -0.8425
vn 0.8825 0.1773 -0.4355
vn 0.9382 0.3335 0.0923
vn -0.8288 -0.2875 0.4800
vn -0.9376 -0.3158 0.1458
vn 0.7865 0.3864 0.4818
vn -0.8455 -0.2956 -0.4447
vn 0.4412 0.1471 -0.8853
vn 0.9382 0.3335 -0.0922
vn -0.7252 -0.4937 0.4800
vn 0.4180 0.2036 0.8853
vn -0.8890 -0.4442 -0.1109
vn 0.8075 0.3998 -0.4338
vn 0.8186 0.5669 0.0921
vn -0.8225 -0.5497 0.1456
vn 0.6590 0.5777 0.4816
vn -0.7394 -0.5058 -0.4444
vn 0.3936 0.2604 -0.8816
vn 0.8186 0.5669 -0.0920
vn -0.3314 -0.3819 0.8627
vn 0.3559 0.3096 0.8818
vn -0.7420 -0.6612 -0.1106
vn -0.3802 -0.3058 -0.8729
vn 0.6754 0.5964 -0.4337
vn 0.6419 0.7613 0.0918
vn -0.5710 -0.6660 0.4800
vn -0.6499 -0.7460 0.1455
vn 0.4863 0.7292 0.4813
vn -0.5820 -0.6811 -0.4442
vn 0.3107 0.3515 -0.8831
vn 0.6419 0.7613 -0.0917
vn -0.3773 -0.7919 0.4802
vn 0.2599 0.3858 0.8852
vn -0.5426 -0.8328 -0.1101
vn -0.2570 -0.4046 -0.8776
vn 0.4967 0.7517 -0.4338
vn 0.4497 0.8855 0.1166
vn -0.4314 -0.8904 0.1450
vn 0.3281 0.9319 0.1550
vn -0.3849 -0.8090 -0.4443
vn 0.2109 0.4229 -0.8813
vn 0.4497 0.8855 -0.1165
vn 0.2879 0.8187 0.4968
vn 0.3281 0.9319 -0.1549
vn 0.1537 0.4452 0.8821
vn -0.3050 -0.9460 -0.1101
vn 0.3025 0.8389 -0.4526
vn 0.1930 0.9703 0.1460
vn -0.1015 -0.5101 0.8541
vn 0.1731 0.8705 0.4607
vn -0.1720 -0.8549 0.4894
vn -0.1946 -0.9714 0.1363
vn -0.0894 -0.4623 -0.8822
vn -0.1652 -0.8796 -0.4461
vn 0.0822 0.4120 -0.9074
vn 0.1706 0.8454 -0.5061
vn 0.1930 0.9703 -0.1460
vn 0.0647 0.9872 0.1460
vn 0.0600 0.8605 0.5059
vn -0.0734 -0.9872 -0.1414
vn 0.0315 0.4755 0.8792
vn -0.0349 -0.8895 0.4557
vn 0.0647 0.9872 -0.1460
vn 0.0582 0.8879 -0.4563
vn 0.7476 -0.0012 -0.6641
vn -0.9984 0.0018 -0.0572
vn -0.7085 0.0001 -0.7058
vn 0.0925 0.0029 -0.9957
vn -0.6642 0.0012 0.7476
vn 0.9993 0.0010 -0.0375
vn 0.7548 0.0019 0.6560
vn 0.0699 0.0019 0.9976
vn -0.8320 -0.4818 -0.2749
vn -0.9882 -0.1454 -0.0478
vn -0.6021 0.7925 -0.0968
vn -0.4975 -0.7749 -0.3898
vn -0.7254 0.6341 -0.2678
vn -0.6490 -0.7283 -0.2200
vn -0.3135 -0.9453 -0.0906
vn -0.9466 0.1348 -0.2930
vn -0.8463 -0.1108 -0.5211
vn -0.3578 0.9154 -0.1844
vn -0.7683 0.5079 -0.3897
vn -0.3880 0.7791 -0.4924
vn -0.4317 -0.8452 -0.3150
vn -0.7315 0.1898 -0.6548
vn -0.1640 0.9704 -0.1772
vn -0.5808 -0.4055 -0.7058
vn -0.1166 -0.3161 -0.9415
vn -0.5247 0.5322 -0.6644
vn -0.1761 -0.9542 -0.2419
vn -0.3052 -0.6446 -0.7010
vn -0.3009 -0.7279 -0.6161
vn -0.4803 -0.2248 -0.8478
vn -0.1880 0.9020 -0.3887
vn -0.1531 -0.8376 -0.5244
vn -0.2443 0.3326 -0.9109
vn -0.3230 0.1483 -0.9347
vn -0.0375 0.6860 -0.7266
vn -0.0795 -0.0965 -0.9921
vn 0.1065 0.2645 -0.9585
vn -0.1132 -0.5424 -0.8325
vn 0.1044 -0.0027 -0.9945
vn 0.4511 0.2806 -0.8472
vn 0.0566 -0.9392 -0.3388
vn 0.1416 -0.7098 -0.6900
vn 0.2478 0.6240 -0.7411
vn 0.1237 0.8911 -0.4366
vn 0.3073 -0.4758 -0.8241
vn 0.3682 0.6786 -0.6356
vn 0.2516 -0.8378 -0.4846
vn 0.8617 -0.2846 -0.4201
vn 0.4782 -0.0515 -0.8768
vn 0.6458 -0.2893 -0.7066
vn 0.5282 -0.6379 -0.5605
vn 0.6881 0.4947 -0.5309
vn 0.7800 0.1338 -0.6113
vn 0.1755 0.9731 -0.1493
vn 0.4411 0.8684 -0.2264
vn 0.6710 -0.6426 -0.3699
vn 0.5559 0.7887 -0.2627
vn 0.4775 0.8662 0.1472
vn 0.4244 -0.8779 -0.2218
vn 0.9264 0.2780 -0.2538
vn 0.3436 -0.9302 -0.1291
vn 0.9939 -0.1014 -0.0435
vn 0.9502 -0.2539 -0.1805
vn 0.5137 -0.8569 -0.0438
vn 0.7990 -0.5999 0.0419
vn 0.8596 0.4893 0.1469
vn 0.9437 0.3226 0.0735
vn 0.9570 -0.0606 0.2836
vn 0.4381 -0.8735 0.2121
vn 0.8777 -0.4427 0.1833
vn 0.5688 0.8015 0.1845
vn 0.8252 0.5037 0.2558
vn 0.6422 0.6644 0.3822
vn 0.7242 -0.3128 0.6145
vn 0.8177 0.3123 0.4836
vn 0.2738 -0.9523 0.1345
vn 0.8791 0.1393 0.4559
vn 0.2532 0.8823 0.3968
vn 0.6057 -0.6107 0.5102
vn 0.6835 0.3945 0.6142
vn 0.6237 0.1355 0.7698
vn 0.1436 0.9720 0.1859
vn 0.4530 0.6775 0.5794
vn 0.4554 -0.2516 0.8540
vn 0.2333 -0.8665 0.4413
vn -0.1212 0.1175 0.9856
vn 0.1393 -0.9479 0.2864
vn 0.2355 -0.1174 0.9648
vn 0.2428 -0.4690 0.8491
vn 0.1860 -0.7322 0.6552
vn 0.0281 0.8056 0.5918
vn -0.1241 0.4681 0.8749
vn -0.1399 -0.2837 0.9487
vn -0.0618 0.9049 0.4211
vn -0.0234 -0.4666 0.8841
vn -0.1162 -0.6060 0.7870
vn -0.0481 -0.7361 0.6752
vn -0.1322 -0.8810 0.4543
vn -0.4606 -0.2890 0.8393
vn -0.1011 -0.9449 0.3113
vn -0.3751 -0.6232 0.6863
vn -0.4602 0.4762 0.7493
vn -0.3393 -0.7304 0.5928
vn -0.3660 0.7899 0.4920
vn -0.6797 0.6533 0.3335
vn -0.5315 0.0783 0.8434
vn -0.6155 -0.5883 0.5244
vn -0.3952 -0.8637 0.3128
vn -0.8441 -0.2507 0.4739
vn -0.6203 -0.7146 0.3233
vn -0.8539 0.3227 0.4082
vn -0.2805 -0.9486 0.1466
vn -0.2230 0.9635 0.1478
vn -0.6201 -0.7839 0.0306
vn -0.4456 0.8888 0.1069
vn -0.9475 0.1838 0.2617
vn -0.5422 -0.8395 0.0362
vn -0.9263 0.3741 0.0454
vn -0.9909 -0.0966 0.0942
vn -0.8736 -0.4826 0.0620
vn -0.0001 -0.4080 0.9130
vn -0.9923 0.1233 -0.0122
vn 0.0001 0.4832 -0.8755
vn 0.9968 0.0785 -0.0121
vn 0.0959 -0.9933 -0.0649
vn 0.1895 -0.9819 -0.0000
vn 0.9940 0.1085 -0.0121
vn -0.9955 0.0935 -0.0122
vn 0.9923 0.1233 -0.0121
vn -0.9940 0.1085 -0.0122
vn -0.9968 0.0785 -0.0122
vn 0.0958 -0.9933 0.0649
vn 0.9955 0.0935 -0.0121
vn -0.0000 -0.9916 0.1295
vn -0.0000 -0.9916 -0.1295
vn -0.0959 -0.9933 -0.0649
vn -0.1896 -0.9819 -0.0000
vn -0.0959 -0.9933 0.0649
vn -0.0001 0.1734 0.9848
vn -0.9981 0.0615 -0.0001
vn 0.0001 0.1734 -0.9848
vn 0.9981 0.0615 0.0001
vt 0.184653 0.961544
vt 0.179756 0.900632
vt 0.188175 0.900666
vt 0.172848 0.961678
vt 0.168324 0.900949
vt 0.162467 0.962244
vt 0.160565 0.901484
vt 0.820652 0.974189
vt 0.818482 0.912984
vt 0.826508 0.912984
vt 0.803249 0.974189
vt 0.798446 0.912984
vt 0.810292 0.912984
vt 0.158352 0.852511
vt 0.156813 0.653532
vt 0.160565 0.653833
vt 0.104804 0.852937
vt 0.100917 0.653125
vt 0.110503 0.653125
vt 0.817196 0.452439
vt 0.820857 0.652248
vt 0.814671 0.652254
vt 0.826447 0.452433
vt 0.830409 0.652245
vt 0.843724 0.852073
vt 0.840429 0.652261
vt 0.845937 0.652261
vt 0.835164 0.852073
vt 0.831277 0.652261
vt 0.950588 0.841056
vt 0.967830 0.822321
vt 0.967830 0.866086
vt 0.950588 0.795437
vt 0.967830 0.776898
vt 0.950588 0.752408
vt 0.967830 0.745714
vt 0.247974 0.733805
vt 0.230732 0.752532
vt 0.230732 0.708919
vt 0.247974 0.779545
vt 0.230732 0.798270
vt 0.247974 0.823143
vt 0.230732 0.829960
vt 0.230732 0.774045
vt 0.195649 0.774046
vt 0.230732 0.713585
vt 0.176388 0.241842
vt 0.230009 0.212579
vt 0.261616 0.212579
vt 0.031607 0.241842
vt 0.085228 0.210644
vt 0.116835 0.210644
vt 0.113174 0.089723
vt 0.144781 0.089723
vt 0.144781 0.150184
vt 0.085228 0.029263
vt 0.031607 0.000000
vt 0.116835 0.029263
vt 0.230009 0.031198
vt 0.176388 0.000000
vt 0.261616 0.031198
vt 0.374790 0.210644
vt 0.397266 0.180414
vt 0.428875 0.180414
vt 0.402737 0.333500
vt 0.397266 0.303270
vt 0.434343 0.333500
vt 0.881021 0.752569
vt 0.845937 0.752569
vt 0.881021 0.692214
vt 0.321169 0.483684
vt 0.374790 0.454421
vt 0.406397 0.454421
vt 0.321169 0.241842
vt 0.406397 0.210644
vt 0.402737 0.150183
vt 0.434343 0.150183
vt 0.402737 0.393960
vt 0.434343 0.393960
vt 0.402737 0.089723
vt 0.434343 0.089723
vt 0.374790 0.029263
vt 0.321169 0.000000
vt 0.406397 0.029263
vt 0.374790 0.273039
vt 0.406397 0.273039
vt 0.965965 0.323551
vt 0.983207 0.304817
vt 0.983207 0.348581
vt 0.965965 0.277933
vt 0.983207 0.259394
vt 0.965965 0.234904
vt 0.983207 0.228210
vt 0.948723 0.262062
vt 0.931481 0.280790
vt 0.931481 0.237176
vt 0.948723 0.307802
vt 0.931481 0.326527
vt 0.948723 0.351400
vt 0.931481 0.358217
vt 0.951528 0.594603
vt 0.968770 0.575869
vt 0.968770 0.619633
vt 0.951528 0.548984
vt 0.968770 0.530446
vt 0.951528 0.505955
vt 0.968770 0.499262
vt 0.933346 0.779566
vt 0.916104 0.798294
vt 0.916104 0.754680
vt 0.933346 0.825306
vt 0.916104 0.844031
vt 0.933346 0.868904
vt 0.916104 0.875721
vt 0.933346 0.867223
vt 0.950588 0.855738
vt 0.950588 0.875639
vt 0.933346 0.800144
vt 0.950588 0.789248
vt 0.950588 0.823248
vt 0.713798 0.852419
vt 0.696556 0.871153
vt 0.696556 0.827389
vt 0.713798 0.898037
vt 0.696556 0.916576
vt 0.713798 0.941066
vt 0.696556 0.947760
vt 0.754717 0.812574
vt 0.719633 0.812574
vt 0.754717 0.752218
vt 0.031607 0.483684
vt 0.085228 0.454421
vt 0.116835 0.454421
vt 0.176388 0.483684
vt 0.230009 0.452486
vt 0.261616 0.452486
vt 0.257956 0.331565
vt 0.289562 0.331565
vt 0.289562 0.392026
vt 0.230009 0.271105
vt 0.261616 0.271105
vt 0.085228 0.273039
vt 0.116835 0.273039
vt 0.519573 0.210644
vt 0.542049 0.180414
vt 0.573658 0.180414
vt 0.547520 0.333500
vt 0.542049 0.303270
vt 0.579126 0.333500
vt 0.854262 0.120921
vt 0.819178 0.120921
vt 0.854262 0.060461
vt 0.465952 0.483684
vt 0.519573 0.454421
vt 0.551180 0.454421
vt 0.465952 0.241842
vt 0.551180 0.210644
vt 0.547520 0.150183
vt 0.579126 0.150183
vt 0.547520 0.393960
vt 0.579126 0.393960
vt 0.547520 0.089723
vt 0.579126 0.089723
vt 0.519573 0.029263
vt 0.465952 0.000000
vt 0.551180 0.029263
vt 0.519573 0.273039
vt 0.551180 0.273039
vt 0.934286 0.597479
vt 0.951528 0.578750
vt 0.951528 0.622365
vt 0.934286 0.553692
vt 0.951528 0.542795
vt 0.985071 0.781361
vt 0.967829 0.800095
vt 0.967829 0.756330
vt 0.985071 0.826979
vt 0.967829 0.845518
vt 0.985071 0.870008
vt 0.967829 0.876701
vt 0.948723 0.326427
vt 0.965965 0.307699
vt 0.965965 0.351314
vt 0.948723 0.282640
vt 0.965965 0.271744
vt 0.986011 0.534908
vt 0.968769 0.553642
vt 0.968769 0.509878
vt 0.986011 0.580527
vt 0.968769 0.599065
vt 0.986011 0.623556
vt 0.968769 0.630249
vt 0.000000 0.558265
vt 0.125547 0.544209
vt 0.125547 0.578543
vt 0.000000 0.525533
vt 0.125547 0.513590
vt 0.000000 0.499515
vt 0.125547 0.496581
vt 0.251095 0.501238
vt 0.125548 0.511389
vt 0.125548 0.496581
vt 0.251095 0.526729
vt 0.125548 0.535348
vt 0.251095 0.577075
vt 0.125548 0.585256
vt 0.125548 0.559732
vt 0.251095 0.625418
vt 0.125548 0.635570
vt 0.125548 0.610079
vt 0.000000 0.623218
vt 0.125547 0.611275
vt 0.125547 0.637293
vt 0.000000 0.592599
vt 0.551317 0.581609
vt 0.575271 0.563153
vt 0.575271 0.608234
vt 0.551317 0.538631
vt 0.575271 0.531910
vt 0.854262 0.229608
vt 0.878216 0.237900
vt 0.854262 0.258907
vt 0.854262 0.292619
vt 0.878216 0.304005
vt 0.854262 0.328119
vt 0.551317 0.626690
vt 0.575271 0.651212
vt 0.983207 0.265640
vt 0.994466 0.249760
vt 0.994466 0.288549
vt 0.983207 0.228661
vt 0.994466 0.215168
vt 0.983207 0.199267
vt 0.994466 0.195953
vt 0.314779 0.826065
vt 0.326038 0.843676
vt 0.314779 0.860188
vt 0.326038 0.967023
vt 0.314779 0.970337
vt 0.314779 0.958201
vt 0.643404 0.911725
vt 0.654836 0.911725
vt 0.653763 0.972930
vt 0.642453 0.972930
vt 0.983207 0.339021
vt 0.994466 0.325529
vt 0.994466 0.354922
vt 0.983207 0.304430
vt 0.615875 0.001139
vt 0.613317 0.008606
vt 0.611649 0.000000
vt 0.607799 0.269377
vt 0.601660 0.260188
vt 0.609349 0.258045
vt 0.621091 0.014625
vt 0.612649 0.020406
vt 0.618466 0.035025
vt 0.614859 0.039993
vt 0.612639 0.030729
vt 0.604171 0.288962
vt 0.600570 0.284401
vt 0.604709 0.280579
vt 0.599038 0.253529
vt 0.603155 0.250293
vt 0.623929 0.009696
vt 0.619991 0.004389
vt 0.625491 0.036527
vt 0.596694 0.279296
vt 0.594373 0.269927
vt 0.627992 0.028166
vt 0.624137 0.045651
vt 0.620379 0.046933
vt 0.598650 0.295869
vt 0.594900 0.294977
vt 0.895360 0.463500
vt 0.890111 0.468011
vt 0.890111 0.457797
vt 0.588030 0.286905
vt 0.633648 0.048431
vt 0.960792 0.020132
vt 0.956950 0.017814
vt 0.960792 0.004039
vt 0.946453 0.017814
vt 0.942610 0.020132
vt 0.942610 0.004039
vt 0.895360 0.481498
vt 0.890112 0.489729
vt 0.634578 0.077803
vt 0.628810 0.061826
vt 0.586125 0.315103
vt 0.583166 0.309903
vt 0.637633 0.073973
vt 0.960792 0.040614
vt 0.956950 0.034810
vt 0.946453 0.034810
vt 0.942610 0.040614
vt 0.895360 0.506062
vt 0.890111 0.517404
vt 0.580128 0.337304
vt 0.639671 0.103019
vt 0.960792 0.064028
vt 0.956950 0.055139
vt 0.946453 0.055139
vt 0.942610 0.064029
vt 0.895360 0.535449
vt 0.890111 0.549093
vt 0.636536 0.132015
vt 0.633876 0.105815
vt 0.582264 0.367172
vt 0.579126 0.366413
vt 0.639648 0.132750
vt 0.960792 0.095714
vt 0.956950 0.077509
vt 0.946453 0.077509
vt 0.942610 0.095714
vt 0.895360 0.567450
vt 0.890111 0.575659
vt 0.956950 0.100280
vt 0.946453 0.100280
vt 0.890111 0.602224
vt 0.884863 0.615868
vt 0.884863 0.583868
vt 0.586075 0.421025
vt 0.580120 0.395985
vt 0.637646 0.161947
vt 0.630888 0.184171
vt 0.588360 0.416267
vt 0.585505 0.386387
vt 0.890111 0.633913
vt 0.884863 0.645256
vt 0.626653 0.187939
vt 0.630676 0.167523
vt 0.592383 0.436586
vt 0.890111 0.661589
vt 0.884863 0.669820
vt 0.596568 0.461769
vt 0.588006 0.450074
vt 0.628017 0.212286
vt 0.619094 0.219766
vt 0.597607 0.452514
vt 0.890111 0.683307
vt 0.884863 0.687818
vt 0.615399 0.214371
vt 0.621429 0.203945
vt 0.603638 0.462888
vt 0.609954 0.477364
vt 0.601712 0.483268
vt 0.613477 0.238648
vt 0.606387 0.228729
vt 0.607906 0.466566
vt 0.606397 0.218412
vt 0.611130 0.218067
vt 0.864894 0.442835
vt 0.859499 0.444159
vt 0.859457 0.441327
vt 0.612639 0.466909
vt 0.603161 0.248020
vt 0.605719 0.240536
vt 0.607387 0.249159
vt 0.617376 0.486846
vt 0.609687 0.488989
vt 0.597945 0.234517
vt 0.600570 0.214117
vt 0.604177 0.209165
vt 0.619985 0.492755
vt 0.615868 0.495991
vt 0.595107 0.239463
vt 0.599045 0.244770
vt 0.593545 0.212608
vt 0.622347 0.468014
vt 0.624663 0.477107
vt 0.591045 0.220976
vt 0.594900 0.203491
vt 0.598657 0.202225
vt 0.933519 0.157857
vt 0.938768 0.155440
vt 0.938768 0.165194
vt 0.627613 0.480234
vt 0.623922 0.487473
vt 0.631006 0.460129
vt 0.585388 0.200712
vt 0.924428 0.146265
vt 0.928271 0.148583
vt 0.924428 0.162357
vt 0.933519 0.145624
vt 0.938768 0.140583
vt 0.878216 0.391994
vt 0.882058 0.387206
vt 0.882058 0.408683
vt 0.584459 0.171333
vt 0.590226 0.187316
vt 0.632916 0.432206
vt 0.635870 0.437132
vt 0.581403 0.175169
vt 0.924428 0.125783
vt 0.928271 0.131586
vt 0.933519 0.129027
vt 0.938768 0.121754
vt 0.878216 0.368973
vt 0.882058 0.359992
vt 0.638907 0.409731
vt 0.579365 0.146123
vt 0.924428 0.095714
vt 0.928271 0.111258
vt 0.933519 0.109272
vt 0.938768 0.100280
vt 0.878216 0.341497
vt 0.882058 0.328942
vt 0.582501 0.117121
vt 0.585077 0.136671
vt 0.636777 0.380138
vt 0.639910 0.380621
vt 0.579388 0.116392
vt 0.933519 0.088694
vt 0.938768 0.077509
vt 0.878216 0.312270
vt 0.882058 0.296398
vt 0.585816 0.104993
vt 0.933519 0.067763
vt 0.633220 0.354029
vt 0.633959 0.385555
vt 0.878216 0.282543
vt 0.887307 0.278041
vt 0.892555 0.264398
vt 0.892555 0.296398
vt 0.938768 0.055139
vt 0.942610 0.064028
vt 0.632966 0.326284
vt 0.638916 0.351050
vt 0.882058 0.264398
vt 0.581390 0.087195
vt 0.588149 0.064965
vt 0.933519 0.046934
vt 0.630676 0.330767
vt 0.878216 0.253536
vt 0.887307 0.246353
vt 0.892555 0.235010
vt 0.938768 0.034810
vt 0.882058 0.235010
vt 0.592383 0.061203
vt 0.588360 0.081618
vt 0.933519 0.028597
vt 0.626653 0.310449
vt 0.878216 0.228065
vt 0.887307 0.218677
vt 0.892555 0.210446
vt 0.938768 0.017814
vt 0.626148 0.294342
vt 0.631030 0.296960
vt 0.882058 0.210446
vt 0.591019 0.036855
vt 0.599942 0.029370
vt 0.933519 0.014042
vt 0.621429 0.294521
vt 0.878216 0.212206
vt 0.887307 0.196959
vt 0.892555 0.192449
vt 0.938768 0.005378
vt 0.617828 0.276411
vt 0.624684 0.276998
vt 0.882058 0.192449
vt 0.603638 0.034771
vt 0.597607 0.045197
vt 0.933519 0.004393
vt 0.615398 0.284146
vt 0.617324 0.263766
vt 0.621599 0.261295
vt 0.611956 0.288827
vt 0.617711 0.295541
vt 0.605560 0.010494
vt 0.871228 0.446992
vt 0.876477 0.448053
vt 0.871228 0.449776
vt 0.607906 0.031075
vt 0.865980 0.445484
vt 0.871228 0.444159
vt 0.608038 0.287434
vt 0.609427 0.280073
vt 0.998787 0.751962
vt 0.998989 0.452464
vt 1.000000 0.452527
vt 0.996550 0.452465
vt 0.991983 0.753371
vt 0.991570 0.452433
vt 0.994028 0.452433
vt 0.995362 0.071870
vt 0.995775 0.372807
vt 0.994466 0.372808
vt 0.997820 0.071869
vt 0.997969 0.372807
vt 0.989461 0.753371
vt 0.987224 0.452433
vt 0.989941 0.452433
vt 0.064228 0.855630
vt 0.062260 0.848846
vt 0.065906 0.843990
vt 0.064230 0.877855
vt 0.062645 0.875292
vt 0.065371 0.874021
vt 0.063958 0.841599
vt 0.063814 0.834025
vt 0.065668 0.834277
vt 0.063911 0.870278
vt 0.061366 0.870482
vt 0.064781 0.826580
vt 0.063463 0.829144
vt 0.062962 0.826580
vt 0.063189 0.865625
vt 0.061288 0.860518
vt 0.060748 0.842467
vt 0.059695 0.848949
vt 0.064372 0.879435
vt 0.062771 0.877855
vt 0.059672 0.860417
vt 0.567247 0.710044
vt 0.567112 0.708720
vt 0.568316 0.708680
vt 0.060637 0.834448
vt 0.061961 0.834184
vt 0.226821 0.859307
vt 0.224352 0.848753
vt 0.226931 0.850698
vt 0.225045 0.884415
vt 0.224004 0.887040
vt 0.223271 0.884323
vt 0.224160 0.836023
vt 0.224487 0.838450
vt 0.222936 0.835960
vt 0.570077 0.708092
vt 0.569977 0.706272
vt 0.571250 0.707358
vt 0.225896 0.869272
vt 0.224273 0.858309
vt 0.571248 0.708720
vt 0.222160 0.888696
vt 0.222503 0.886982
vt 0.222832 0.841717
vt 0.221852 0.838385
vt 0.224232 0.879211
vt 0.222080 0.874549
vt 0.221061 0.882877
vt 0.220692 0.835996
vt 0.220100 0.864131
vt 0.218975 0.852975
vt 0.221560 0.855654
vt 0.220596 0.887029
vt 0.221589 0.847659
vt 0.219679 0.843402
vt 0.218535 0.874880
vt 0.219437 0.883394
vt 0.219264 0.839527
vt 0.573004 0.706671
vt 0.572438 0.708183
vt 0.217849 0.864578
vt 0.217132 0.858352
vt 0.217725 0.848140
vt 0.077674 0.874312
vt 0.077370 0.870066
vt 0.079208 0.865921
vt 0.078240 0.861016
vt 0.079804 0.857632
vt 0.566949 0.707447
vt 0.076853 0.852064
vt 0.079281 0.849322
vt 0.076550 0.877855
vt 0.074735 0.879435
vt 0.075097 0.877855
vt 0.075109 0.874477
vt 0.075388 0.865344
vt 0.076067 0.830365
vt 0.074515 0.826580
vt 0.076330 0.826580
vt 0.076341 0.838352
vt 0.073985 0.830315
vt 0.074083 0.854989
vt 0.073425 0.870587
vt 0.072162 0.843964
vt 0.074383 0.843628
vt 0.072534 0.836800
vt 0.072549 0.860873
vt 0.071137 0.849786
vt 0.572123 0.709728
vt 0.073172 0.877855
vt 0.074095 0.825001
vt 0.075179 0.825001
vt 0.071989 0.830187
vt 0.070261 0.839460
vt 0.072199 0.874518
vt 0.070292 0.865288
vt 0.071616 0.866012
vt 0.070256 0.857632
vt 0.069705 0.849762
vt 0.080001 0.846796
vt 0.081538 0.838888
vt 0.082047 0.851754
vt 0.565876 0.708957
vt 0.081582 0.865563
vt 0.082585 0.871833
vt 0.082136 0.874244
vt 0.564431 0.707660
vt 0.565296 0.706614
vt 0.084593 0.875286
vt 0.084821 0.834046
vt 0.084327 0.844128
vt 0.084444 0.852205
vt 0.084313 0.860283
vt 0.084472 0.869978
vt 0.083434 0.830353
vt 0.084525 0.826577
vt 0.086173 0.829139
vt 0.084798 0.877853
vt 0.085425 0.879435
vt 0.084462 0.879435
vt 0.570469 0.709729
vt 0.087153 0.854971
vt 0.085135 0.825001
vt 0.086300 0.826578
vt 0.087228 0.834133
vt 0.086470 0.871832
vt 0.087263 0.875287
vt 0.087222 0.844498
vt 0.089686 0.855871
vt 0.087868 0.829142
vt 0.069386 0.860768
vt 0.068138 0.855543
vt 0.069368 0.849726
vt 0.565676 0.711145
vt 0.564635 0.710109
vt 0.067634 0.838435
vt 0.068980 0.838651
vt 0.067384 0.829144
vt 0.067900 0.832596
vt 0.066013 0.829144
vt 0.068152 0.870174
vt 0.068058 0.865403
vt 0.066289 0.826580
vt 0.066797 0.850134
vt 0.066251 0.877024
vt 0.066344 0.865484
vt 0.064015 0.825001
vt 0.065139 0.825001
vt 0.635646 0.911725
vt 0.635646 0.972930
vt 0.197036 0.900999
vt 0.203844 0.901484
vt 0.203844 0.962396
vt 0.196086 0.961861
vt 0.812741 0.974189
vt 0.828410 0.974189
vt 0.787867 0.912984
vt 0.795059 0.974189
vt 0.787033 0.974189
vt 0.210651 0.961822
vt 0.203844 0.961832
vt 0.203844 0.900628
vt 0.211602 0.900616
vt 0.221961 0.961814
vt 0.223034 0.900609
vt 0.231453 0.961814
vt 0.231453 0.900610
vt 0.239364 0.961821
vt 0.240315 0.900617
vt 0.247122 0.961832
vt 0.247122 0.900628
vt 0.666641 0.911725
vt 0.677022 0.911725
vt 0.676189 0.972930
vt 0.665610 0.972930
vt 0.843417 0.870385
vt 0.845937 0.882000
vt 0.843829 0.893695
vt 0.839150 0.901950
vt 0.832873 0.907557
vt 0.821993 0.912295
vt 0.810131 0.912501
vt 0.799091 0.908144
vt 0.790554 0.899888
vt 0.786300 0.891402
vt 0.785131 0.883057
vt 0.787240 0.871362
vt 0.793656 0.861368
vt 0.801133 0.855535
vt 0.809075 0.852762
vt 0.818529 0.852075
vt 0.826672 0.854190
vt 0.836652 0.860620
vt 0.678253 0.909201
vt 0.669100 0.911725
vt 0.660688 0.911245
vt 0.649629 0.906892
vt 0.641078 0.898638
vt 0.636336 0.887740
vt 0.636126 0.875857
vt 0.639112 0.866844
vt 0.644185 0.860116
vt 0.651675 0.854281
vt 0.659630 0.851506
vt 0.671513 0.851295
vt 0.682572 0.855648
vt 0.689757 0.861856
vt 0.694031 0.869118
vt 0.696556 0.880731
vt 0.694444 0.892427
vt 0.688017 0.902424
vt 0.530760 0.793795
vt 0.538574 0.793795
vt 0.538574 0.873904
vt 0.530760 0.873904
vt 0.523246 0.793795
vt 0.523246 0.873904
vt 0.516321 0.793795
vt 0.516321 0.873904
vt 0.510251 0.793795
vt 0.510251 0.873904
vt 0.690486 0.770602
vt 0.696556 0.771089
vt 0.696556 0.850815
vt 0.690486 0.850328
vt 0.683561 0.770241
vt 0.683561 0.849966
vt 0.676047 0.770018
vt 0.676047 0.849744
vt 0.668233 0.769942
vt 0.668233 0.849669
vt 0.660418 0.770018
vt 0.660418 0.849744
vt 0.652904 0.770241
vt 0.652904 0.849966
vt 0.645979 0.770602
vt 0.645979 0.850328
vt 0.639910 0.771089
vt 0.639910 0.850815
vt 0.623462 0.803855
vt 0.629532 0.803855
vt 0.629532 0.883965
vt 0.623462 0.883965
vt 0.616537 0.803855
vt 0.616537 0.883965
vt 0.609023 0.803855
vt 0.609023 0.883965
vt 0.601209 0.803855
vt 0.601209 0.883965
vt 0.593395 0.803855
vt 0.593395 0.883965
vt 0.585881 0.803855
vt 0.585881 0.883965
vt 0.578956 0.803855
vt 0.578956 0.883965
vt 0.572886 0.803855
vt 0.572886 0.883965
vt 0.459675 0.873918
vt 0.453605 0.873929
vt 0.453605 0.793820
vt 0.459675 0.793809
vt 0.466600 0.873910
vt 0.466600 0.793801
vt 0.474114 0.873905
vt 0.474114 0.793796
vt 0.481928 0.873903
vt 0.481928 0.793794
vt 0.489742 0.873905
vt 0.489742 0.793796
vt 0.497256 0.873910
vt 0.497256 0.793801
vt 0.504181 0.873918
vt 0.504181 0.793809
vt 0.510251 0.873929
vt 0.510251 0.793820
vt 0.560827 0.793795
vt 0.566897 0.793795
vt 0.566897 0.873904
vt 0.560827 0.873904
vt 0.553902 0.793795
vt 0.553902 0.873904
vt 0.279281 0.715294
vt 0.286969 0.713759
vt 0.294808 0.713756
vt 0.302496 0.715286
vt 0.309738 0.718288
vt 0.316256 0.722648
vt 0.321798 0.728199
vt 0.326153 0.734726
vt 0.329153 0.741979
vt 0.330682 0.749680
vt 0.330682 0.757532
vt 0.329153 0.765233
vt 0.326153 0.772488
vt 0.321798 0.779019
vt 0.316256 0.784573
vt 0.309738 0.788937
vt 0.302496 0.791944
vt 0.294808 0.793479
vt 0.286969 0.793481
vt 0.279281 0.791952
vt 0.272039 0.788950
vt 0.265522 0.784590
vt 0.259979 0.779039
vt 0.255624 0.772512
vt 0.252624 0.765259
vt 0.251095 0.757558
vt 0.251095 0.749706
vt 0.252624 0.742005
vt 0.255624 0.734750
vt 0.259979 0.728219
vt 0.265522 0.722665
vt 0.272039 0.718301
vt 0.546388 0.793795
vt 0.546388 0.873904
vt 0.691399 0.768411
vt 0.683698 0.769943
vt 0.675846 0.769943
vt 0.668144 0.768411
vt 0.660890 0.765406
vt 0.654361 0.761044
vt 0.648809 0.755491
vt 0.644446 0.748962
vt 0.641442 0.741708
vt 0.639910 0.734007
vt 0.639910 0.726155
vt 0.641442 0.718454
vt 0.644446 0.711199
vt 0.648809 0.704670
vt 0.654361 0.699118
vt 0.660890 0.694756
vt 0.668144 0.691751
vt 0.675846 0.690219
vt 0.683698 0.690219
vt 0.691399 0.691751
vt 0.698653 0.694756
vt 0.705182 0.699118
vt 0.710734 0.704670
vt 0.715097 0.711199
vt 0.718102 0.718454
vt 0.719633 0.726155
vt 0.719633 0.734007
vt 0.718102 0.741708
vt 0.715097 0.748962
vt 0.710734 0.755491
vt 0.705182 0.761044
vt 0.698653 0.765406
vt 0.821692 0.652261
vt 0.828428 0.852073
vt 0.820857 0.852073
vt 0.813132 0.652261
vt 0.814671 0.852073
vt 0.150627 0.653252
vt 0.149792 0.852083
vt 0.810919 0.852073
vt 0.143057 0.653124
vt 0.143056 0.851980
vt 0.136321 0.653227
vt 0.135486 0.852108
vt 0.127761 0.653656
vt 0.127087 0.852565
vt 0.119654 0.653125
vt 0.118885 0.852937
vt 0.112484 0.852937
vt 0.092357 0.653125
vt 0.098177 0.852937
vt 0.091683 0.852937
vt 0.810919 0.652261
vt 0.810919 0.452449
vt 0.839660 0.652251
vt 0.833259 0.452434
vt 0.840429 0.452440
vt 0.845937 0.452449
vt 0.299907 0.951366
vt 0.296391 0.960315
vt 0.289724 0.967236
vt 0.282870 0.970687
vt 0.276130 0.971636
vt 0.268519 0.970692
vt 0.262390 0.967730
vt 0.255483 0.961054
vt 0.251653 0.952238
vt 0.251095 0.944576
vt 0.252801 0.937975
vt 0.257992 0.929885
vt 0.264042 0.925161
vt 0.270469 0.922913
vt 0.278118 0.922352
vt 0.284707 0.924059
vt 0.292782 0.929256
vt 0.298256 0.937154
vt 0.300295 0.944559
vt 0.123814 0.920748
vt 0.131903 0.925949
vt 0.137386 0.933848
vt 0.139429 0.943245
vt 0.137720 0.952709
vt 0.132519 0.960798
vt 0.126459 0.965519
vt 0.120022 0.967765
vt 0.110407 0.967935
vt 0.101459 0.964413
vt 0.095646 0.959390
vt 0.092187 0.953515
vt 0.090144 0.944118
vt 0.091853 0.934654
vt 0.097053 0.926565
vt 0.103114 0.921844
vt 0.109551 0.919598
vt 0.117213 0.919039
vt 0.160565 0.887173
vt 0.154847 0.887173
vt 0.154847 0.869931
vt 0.160565 0.869931
vt 0.967830 0.916464
vt 0.967830 0.923531
vt 0.950588 0.923531
vt 0.950588 0.916464
vt 0.967830 0.905373
vt 0.950588 0.905373
vt 0.967830 0.890686
vt 0.950588 0.890686
vt 0.950588 0.872965
vt 0.967830 0.728725
vt 0.950588 0.728725
vt 0.967830 0.714928
vt 0.950588 0.714928
vt 0.967830 0.704851
vt 0.950588 0.704851
vt 0.967830 0.698885
vt 0.950588 0.698885
vt 0.531365 0.774961
vt 0.537224 0.774961
vt 0.537224 0.792203
vt 0.531365 0.792203
vt 0.525506 0.774961
vt 0.525506 0.792203
vt 0.230732 0.659685
vt 0.230732 0.653124
vt 0.247974 0.653124
vt 0.247974 0.659685
vt 0.230732 0.670330
vt 0.247974 0.670330
vt 0.230732 0.684650
vt 0.247974 0.684650
vt 0.247974 0.702097
vt 0.230732 0.847391
vt 0.247974 0.847391
vt 0.230732 0.861691
vt 0.247974 0.861691
vt 0.230732 0.872314
vt 0.247974 0.872314
vt 0.230732 0.878851
vt 0.247974 0.878851
vt 0.732933 0.232134
vt 0.738734 0.238535
vt 0.744197 0.249033
vt 0.749114 0.263222
vt 0.754422 0.287350
vt 0.759304 0.330845
vt 0.759476 0.376596
vt 0.756582 0.408381
vt 0.753296 0.425907
vt 0.749114 0.440331
vt 0.744197 0.451096
vt 0.738734 0.457787
vt 0.732933 0.460146
vt 0.727019 0.458088
vt 0.721219 0.451685
vt 0.715756 0.441189
vt 0.710838 0.427000
vt 0.705530 0.402870
vt 0.700648 0.359375
vt 0.700477 0.313626
vt 0.703371 0.281841
vt 0.706657 0.264313
vt 0.710838 0.249889
vt 0.715756 0.239126
vt 0.721219 0.232435
vt 0.727019 0.230074
vt 0.148868 0.887173
vt 0.148868 0.869931
vt 0.916104 0.849665
vt 0.881021 0.849665
vt 0.881021 0.818209
vt 0.916104 0.818209
vt 0.706657 0.655980
vt 0.702595 0.631610
vt 0.699954 0.587922
vt 0.702134 0.542223
vt 0.706657 0.510630
vt 0.710838 0.493294
vt 0.715756 0.479104
vt 0.721219 0.468607
vt 0.727019 0.462206
vt 0.738734 0.462507
vt 0.744197 0.469198
vt 0.749114 0.479961
vt 0.753296 0.494385
vt 0.757357 0.518755
vt 0.759999 0.562443
vt 0.757819 0.608142
vt 0.753296 0.639735
vt 0.749114 0.657071
vt 0.744197 0.671261
vt 0.738734 0.681758
vt 0.732933 0.688159
vt 0.727019 0.690219
vt 0.721219 0.687858
vt 0.715756 0.681167
vt 0.710838 0.670403
vt 0.428508 0.839659
vt 0.393425 0.839659
vt 0.393425 0.808052
vt 0.428508 0.808052
vt 0.144781 0.000000
vt 0.428508 0.924953
vt 0.393425 0.924953
vt 0.000000 0.000000
vt 0.365766 0.965115
vt 0.330682 0.965115
vt 0.330682 0.879951
vt 0.365766 0.879951
vt 0.881020 0.574788
vt 0.845937 0.574788
vt 0.845937 0.514432
vt 0.881020 0.514432
vt 0.881020 0.633501
vt 0.845937 0.633501
vt 0.845937 0.604644
vt 0.881020 0.604644
vt 0.195649 0.713585
vt 0.230732 0.804276
vt 0.195649 0.804276
vt 0.195649 0.653125
vt 0.230732 0.653125
vt 0.230732 0.683355
vt 0.195649 0.683355
vt 0.845937 0.483932
vt 0.881020 0.483932
vt 0.819178 0.362762
vt 0.854262 0.362762
vt 0.854262 0.450630
vt 0.819178 0.450630
vt 0.230732 0.834506
vt 0.195649 0.834506
vt 0.000000 0.241842
vt 0.916104 0.931623
vt 0.881021 0.931623
vt 0.845937 0.452433
vt 0.881020 0.452433
vt 0.144781 0.241842
vt 0.139313 0.059493
vt 0.107704 0.059493
vt 0.284094 0.061428
vt 0.252485 0.061428
vt 0.113174 0.150184
vt 0.139313 0.180414
vt 0.107704 0.180414
vt 0.289562 0.091658
vt 0.289562 0.152119
vt 0.257956 0.152119
vt 0.257956 0.091658
vt 0.284094 0.182349
vt 0.252485 0.182349
vt 0.889345 0.087679
vt 0.924428 0.087679
vt 0.924428 0.119135
vt 0.889345 0.119135
vt 0.896398 0.383438
vt 0.931481 0.383438
vt 0.931481 0.415045
vt 0.896398 0.415045
vt 0.289562 0.241842
vt 0.896398 0.298279
vt 0.931481 0.298279
vt 0.289562 0.000000
vt 0.453605 0.959221
vt 0.453605 0.873930
vt 0.488688 0.873930
vt 0.488688 0.959221
vt 0.854262 0.302302
vt 0.819178 0.302302
vt 0.819178 0.241842
vt 0.854262 0.241842
vt 0.819178 0.332532
vt 0.854262 0.332532
vt 0.845937 0.692213
vt 0.881021 0.783069
vt 0.845937 0.783069
vt 0.881021 0.633501
vt 0.881021 0.662357
vt 0.845937 0.662357
vt 0.819178 0.211612
vt 0.854262 0.211612
vt 0.070167 0.973700
vt 0.035083 0.973700
vt 0.035083 0.891930
vt 0.070167 0.891930
vt 0.881021 0.814568
vt 0.845937 0.814568
vt 0.889345 0.000000
vt 0.924428 0.000000
vt 0.854262 0.181381
vt 0.819178 0.181381
vt 0.289562 0.483684
vt 0.428875 0.059493
vt 0.397266 0.059493
vt 0.428875 0.303270
vt 0.428875 0.424191
vt 0.397266 0.424191
vt 0.877678 0.421100
vt 0.871959 0.421100
vt 0.871959 0.403858
vt 0.877678 0.403858
vt 0.983207 0.398960
vt 0.983207 0.406027
vt 0.965965 0.406027
vt 0.965965 0.398960
vt 0.983207 0.387869
vt 0.965965 0.387869
vt 0.983207 0.373182
vt 0.965965 0.373182
vt 0.965965 0.355461
vt 0.983207 0.211222
vt 0.965965 0.211222
vt 0.983207 0.197424
vt 0.965965 0.197424
vt 0.983207 0.187347
vt 0.965965 0.187347
vt 0.983207 0.181381
vt 0.965965 0.181381
vt 0.566518 0.774961
vt 0.572377 0.774961
vt 0.572377 0.792203
vt 0.566518 0.792203
vt 0.560659 0.774961
vt 0.560659 0.792203
vt 0.931481 0.187943
vt 0.931481 0.181381
vt 0.948723 0.181381
vt 0.948723 0.187943
vt 0.931481 0.198587
vt 0.948723 0.198587
vt 0.931481 0.212908
vt 0.948723 0.212908
vt 0.948723 0.230354
vt 0.931481 0.375648
vt 0.948723 0.375648
vt 0.931481 0.389948
vt 0.948723 0.389948
vt 0.931481 0.400572
vt 0.948723 0.400572
vt 0.931481 0.407108
vt 0.948723 0.407108
vt 0.661175 0.457785
vt 0.655711 0.451094
vt 0.650794 0.440331
vt 0.646612 0.425907
vt 0.642551 0.401537
vt 0.639910 0.357848
vt 0.642089 0.312150
vt 0.646612 0.280557
vt 0.650794 0.263221
vt 0.655711 0.249031
vt 0.661175 0.238534
vt 0.666975 0.232133
vt 0.672889 0.230073
vt 0.678689 0.232434
vt 0.684153 0.239125
vt 0.689070 0.249888
vt 0.693252 0.264312
vt 0.697313 0.288682
vt 0.699954 0.332370
vt 0.697775 0.378069
vt 0.693252 0.409662
vt 0.689070 0.426998
vt 0.684153 0.441188
vt 0.678689 0.451685
vt 0.672889 0.458086
vt 0.666975 0.460146
vt 0.865980 0.421100
vt 0.865980 0.403858
vt 0.154847 0.852689
vt 0.160565 0.852689
vt 0.689070 0.033148
vt 0.694378 0.057276
vt 0.699260 0.100772
vt 0.699431 0.146522
vt 0.696537 0.178307
vt 0.693252 0.195833
vt 0.689070 0.210257
vt 0.684153 0.221022
vt 0.678689 0.227713
vt 0.672889 0.230072
vt 0.666975 0.228014
vt 0.661175 0.221611
vt 0.655711 0.211115
vt 0.650794 0.196926
vt 0.645486 0.172796
vt 0.640604 0.129301
vt 0.640433 0.083552
vt 0.643327 0.051767
vt 0.646612 0.034239
vt 0.650794 0.019815
vt 0.655711 0.009052
vt 0.661175 0.002361
vt 0.666975 0.000000
vt 0.672889 0.002060
vt 0.678689 0.008461
vt 0.684153 0.018959
vt 0.968770 0.670012
vt 0.968770 0.677078
vt 0.951528 0.677078
vt 0.951528 0.670012
vt 0.968770 0.658920
vt 0.951528 0.658920
vt 0.968770 0.644234
vt 0.951528 0.644234
vt 0.951528 0.626513
vt 0.968770 0.482273
vt 0.951528 0.482273
vt 0.968770 0.468475
vt 0.951528 0.468475
vt 0.968770 0.458399
vt 0.951528 0.458399
vt 0.968770 0.452433
vt 0.951528 0.452433
vt 0.554801 0.774961
vt 0.560660 0.774961
vt 0.560660 0.792203
vt 0.554801 0.792203
vt 0.548942 0.774961
vt 0.548942 0.792203
vt 0.916104 0.705446
vt 0.916104 0.698885
vt 0.933346 0.698885
vt 0.933346 0.705446
vt 0.916104 0.716091
vt 0.933346 0.716091
vt 0.916104 0.730412
vt 0.933346 0.730412
vt 0.933346 0.747858
vt 0.916104 0.893152
vt 0.933346 0.893152
vt 0.916104 0.907452
vt 0.933346 0.907452
vt 0.916104 0.918076
vt 0.933346 0.918076
vt 0.916104 0.924612
vt 0.933346 0.924612
vt 0.392449 0.711395
vt 0.386985 0.704704
vt 0.382068 0.693941
vt 0.377886 0.679518
vt 0.373825 0.655148
vt 0.371184 0.611459
vt 0.373363 0.565761
vt 0.377886 0.534167
vt 0.382068 0.516831
vt 0.386985 0.502642
vt 0.392449 0.492145
vt 0.398249 0.485744
vt 0.404163 0.483684
vt 0.409963 0.486045
vt 0.415427 0.492736
vt 0.420344 0.503499
vt 0.424526 0.517922
vt 0.428587 0.542292
vt 0.431228 0.585981
vt 0.429049 0.631679
vt 0.424526 0.663273
vt 0.420344 0.680609
vt 0.415427 0.694798
vt 0.409963 0.705296
vt 0.404163 0.711697
vt 0.398249 0.713757
vt 0.148868 0.852689
vt 0.548941 0.792203
vt 0.543082 0.792203
vt 0.543082 0.774961
vt 0.548941 0.774961
vt 0.480389 0.516830
vt 0.485696 0.540959
vt 0.490578 0.584454
vt 0.490750 0.630204
vt 0.487856 0.661989
vt 0.484570 0.679516
vt 0.480389 0.693939
vt 0.475471 0.704704
vt 0.470007 0.711395
vt 0.464207 0.713755
vt 0.458293 0.711697
vt 0.452493 0.705294
vt 0.447030 0.694798
vt 0.442112 0.680609
vt 0.436804 0.656479
vt 0.431922 0.612984
vt 0.431751 0.567235
vt 0.434645 0.535450
vt 0.437931 0.517921
vt 0.442112 0.503498
vt 0.447030 0.492735
vt 0.452493 0.486044
vt 0.458293 0.483683
vt 0.464207 0.485743
vt 0.470007 0.492144
vt 0.475471 0.502642
vt 0.950588 0.918051
vt 0.950588 0.924612
vt 0.933346 0.918051
vt 0.950588 0.907406
vt 0.933346 0.907406
vt 0.950588 0.893084
vt 0.933346 0.893084
vt 0.933346 0.834146
vt 0.933346 0.767664
vt 0.950588 0.756185
vt 0.950588 0.730345
vt 0.933346 0.747774
vt 0.933346 0.730345
vt 0.950588 0.716043
vt 0.933346 0.716043
vt 0.950588 0.705421
vt 0.933346 0.705421
vt 0.551053 0.873904
vt 0.557032 0.873904
vt 0.557032 0.891146
vt 0.551053 0.891146
vt 0.545334 0.873904
vt 0.545334 0.891146
vt 0.696556 0.777012
vt 0.696556 0.769943
vt 0.713798 0.769943
vt 0.713798 0.777012
vt 0.696556 0.788101
vt 0.713798 0.788101
vt 0.696556 0.802790
vt 0.713798 0.802790
vt 0.713798 0.820509
vt 0.696556 0.964750
vt 0.713798 0.964750
vt 0.696556 0.978546
vt 0.713798 0.978546
vt 0.696556 0.988623
vt 0.713798 0.988623
vt 0.696556 0.994589
vt 0.713798 0.994589
vt 0.612105 0.499184
vt 0.617906 0.505585
vt 0.623369 0.516083
vt 0.628287 0.530272
vt 0.632468 0.547607
vt 0.635754 0.567425
vt 0.638577 0.599848
vt 0.639171 0.633846
vt 0.636711 0.666989
vt 0.632468 0.692957
vt 0.628287 0.707380
vt 0.623369 0.718145
vt 0.617906 0.724836
vt 0.612105 0.727196
vt 0.606192 0.725138
vt 0.600391 0.718735
vt 0.594928 0.708239
vt 0.590011 0.694050
vt 0.584703 0.669920
vt 0.579821 0.626425
vt 0.579649 0.580676
vt 0.582543 0.548891
vt 0.585829 0.531363
vt 0.590011 0.516939
vt 0.594928 0.506176
vt 0.600391 0.499485
vt 0.606192 0.497124
vt 0.845937 0.899731
vt 0.881020 0.899731
vt 0.881020 0.931337
vt 0.845937 0.931337
vt 0.706657 0.195834
vt 0.702595 0.171464
vt 0.699954 0.127776
vt 0.702133 0.082078
vt 0.706657 0.050484
vt 0.710838 0.033148
vt 0.715755 0.018958
vt 0.721219 0.008461
vt 0.727019 0.002060
vt 0.732933 0.000000
vt 0.738733 0.002361
vt 0.744197 0.009052
vt 0.749114 0.019815
vt 0.753296 0.034239
vt 0.756582 0.051767
vt 0.758845 0.071727
vt 0.759999 0.104252
vt 0.758845 0.138236
vt 0.754686 0.171209
vt 0.749114 0.196925
vt 0.744197 0.211115
vt 0.738733 0.221612
vt 0.732933 0.228013
vt 0.727019 0.230073
vt 0.721219 0.227712
vt 0.715755 0.221021
vt 0.710838 0.210258
vt 0.916104 0.730341
vt 0.881021 0.730341
vt 0.881021 0.698885
vt 0.035083 0.973888
vt 0.000000 0.973888
vt 0.000000 0.891930
vt 0.195649 0.774045
vt 0.160565 0.774045
vt 0.160565 0.713585
vt 0.160565 0.834506
vt 0.160565 0.804276
vt 0.719633 0.752218
vt 0.754717 0.842430
vt 0.719633 0.842430
vt 0.719633 0.690219
vt 0.754717 0.690219
vt 0.754717 0.721719
vt 0.719633 0.721719
vt 0.160565 0.683355
vt 0.510251 0.873903
vt 0.545334 0.873903
vt 0.545334 0.959198
vt 0.510251 0.959198
vt 0.754717 0.871286
vt 0.719633 0.871286
vt 0.144781 0.483684
vt 0.881020 0.814568
vt 0.160565 0.653125
vt 0.000000 0.483684
vt 0.284094 0.301335
vt 0.252485 0.301335
vt 0.139313 0.303270
vt 0.107704 0.303270
vt 0.257956 0.392025
vt 0.284094 0.422256
vt 0.252485 0.422256
vt 0.144781 0.333500
vt 0.144781 0.393961
vt 0.113174 0.393960
vt 0.113174 0.333500
vt 0.139313 0.424191
vt 0.107704 0.424191
vt 0.931481 0.212988
vt 0.896398 0.212988
vt 0.896398 0.181381
vt 0.899202 0.534203
vt 0.934286 0.534203
vt 0.934286 0.565659
vt 0.899202 0.565659
vt 0.434345 0.241842
vt 0.899202 0.452433
vt 0.934286 0.452433
vt 0.434345 0.000000
vt 0.899202 0.653337
vt 0.934286 0.653337
vt 0.889345 0.119068
vt 0.854262 0.119068
vt 0.854262 0.058713
vt 0.889345 0.058713
vt 0.889345 0.181067
vt 0.854262 0.181067
vt 0.854262 0.149568
vt 0.889345 0.149568
vt 0.819178 0.060460
vt 0.854262 0.151151
vt 0.819178 0.151151
vt 0.819178 0.000000
vt 0.854262 0.000000
vt 0.854262 0.030230
vt 0.819178 0.030230
vt 0.854262 0.028856
vt 0.889345 0.028856
vt 0.607969 0.969124
vt 0.572886 0.969124
vt 0.607969 0.883965
vt 0.434345 0.483684
vt 0.573658 0.059493
vt 0.542049 0.059493
vt 0.573658 0.303270
vt 0.573658 0.424191
vt 0.542049 0.424191
vt 0.860121 0.421100
vt 0.860121 0.403858
vt 0.951528 0.671598
vt 0.951528 0.678160
vt 0.934286 0.678160
vt 0.934286 0.671598
vt 0.951528 0.660954
vt 0.934286 0.660954
vt 0.951528 0.646631
vt 0.934286 0.646631
vt 0.934286 0.629187
vt 0.934286 0.521212
vt 0.951528 0.509733
vt 0.951528 0.483892
vt 0.934286 0.501322
vt 0.934286 0.483892
vt 0.951528 0.469591
vt 0.934286 0.469591
vt 0.951528 0.458969
vt 0.934286 0.458969
vt 0.871699 0.421099
vt 0.877677 0.421099
vt 0.877677 0.438341
vt 0.871699 0.438341
vt 0.865980 0.421099
vt 0.865980 0.438341
vt 0.967829 0.705954
vt 0.967829 0.698885
vt 0.985071 0.698885
vt 0.985071 0.705954
vt 0.967829 0.717043
vt 0.985071 0.717043
vt 0.967829 0.731731
vt 0.985071 0.731731
vt 0.985071 0.749451
vt 0.967829 0.893692
vt 0.985071 0.893692
vt 0.967829 0.907490
vt 0.985071 0.907490
vt 0.967829 0.917564
vt 0.985071 0.917564
vt 0.967829 0.923531
vt 0.985071 0.923531
vt 0.332405 0.711395
vt 0.326941 0.704704
vt 0.322024 0.693941
vt 0.317842 0.679518
vt 0.314556 0.661989
vt 0.312293 0.642030
vt 0.311139 0.609504
vt 0.313319 0.565761
vt 0.317842 0.534167
vt 0.322024 0.516831
vt 0.326941 0.502642
vt 0.332405 0.492145
vt 0.338205 0.485744
vt 0.344119 0.483684
vt 0.349919 0.486045
vt 0.355383 0.492736
vt 0.360300 0.503499
vt 0.364482 0.517922
vt 0.368543 0.542292
vt 0.371184 0.585981
vt 0.369005 0.631679
vt 0.364481 0.663273
vt 0.360300 0.680609
vt 0.355383 0.694798
vt 0.349919 0.705296
vt 0.344119 0.711697
vt 0.338205 0.713757
vt 0.854262 0.421100
vt 0.854262 0.403858
vt 0.860121 0.438341
vt 0.860121 0.421099
vt 0.646612 0.655980
vt 0.642551 0.631610
vt 0.639910 0.587922
vt 0.642089 0.542223
vt 0.646612 0.510630
vt 0.650794 0.493294
vt 0.655711 0.479104
vt 0.661175 0.468607
vt 0.666975 0.462206
vt 0.672889 0.460146
vt 0.678689 0.462507
vt 0.684153 0.469198
vt 0.689070 0.479961
vt 0.693252 0.494385
vt 0.697313 0.518755
vt 0.699955 0.562443
vt 0.698801 0.598382
vt 0.694641 0.631355
vt 0.689070 0.657071
vt 0.684153 0.671261
vt 0.678689 0.681758
vt 0.672889 0.688159
vt 0.666975 0.690219
vt 0.661175 0.687858
vt 0.655711 0.681167
vt 0.650794 0.670403
vt 0.965965 0.400547
vt 0.965965 0.407108
vt 0.948723 0.400547
vt 0.965965 0.389902
vt 0.948723 0.389902
vt 0.965965 0.375580
vt 0.948723 0.375580
vt 0.948723 0.358135
vt 0.948723 0.250160
vt 0.965965 0.238682
vt 0.965965 0.212841
vt 0.948723 0.230270
vt 0.948723 0.212841
vt 0.965965 0.198540
vt 0.948723 0.198540
vt 0.965965 0.187918
vt 0.948723 0.187918
vt 0.883935 0.427834
vt 0.889913 0.427834
vt 0.889913 0.445076
vt 0.883935 0.445076
vt 0.878216 0.427834
vt 0.878216 0.445076
vt 0.968769 0.459501
vt 0.968769 0.452433
vt 0.986011 0.452433
vt 0.986011 0.459501
vt 0.968769 0.470591
vt 0.986011 0.470591
vt 0.968769 0.485279
vt 0.986011 0.485279
vt 0.986011 0.502998
vt 0.968769 0.647240
vt 0.986011 0.647240
vt 0.968769 0.661036
vt 0.986011 0.661036
vt 0.968769 0.671112
vt 0.986011 0.671112
vt 0.968769 0.677078
vt 0.986011 0.677078
vt 0.512538 0.711395
vt 0.507074 0.704704
vt 0.502157 0.693941
vt 0.497975 0.679518
vt 0.494690 0.661989
vt 0.492427 0.642030
vt 0.491273 0.609504
vt 0.493452 0.565761
vt 0.497975 0.534167
vt 0.502157 0.516831
vt 0.507074 0.502642
vt 0.512538 0.492145
vt 0.518338 0.485744
vt 0.524252 0.483684
vt 0.530052 0.486045
vt 0.535516 0.492736
vt 0.540433 0.503499
vt 0.544615 0.517922
vt 0.548676 0.542292
vt 0.551317 0.585981
vt 0.549138 0.631679
vt 0.544615 0.663273
vt 0.540433 0.680609
vt 0.535516 0.694798
vt 0.530052 0.705296
vt 0.524252 0.711697
vt 0.518338 0.713757
vt 0.854262 0.438341
vt 0.854262 0.421099
vt 0.125547 0.488599
vt 0.000000 0.488599
vt 0.300256 0.516830
vt 0.305563 0.540959
vt 0.310446 0.584454
vt 0.310617 0.630204
vt 0.307723 0.661989
vt 0.304437 0.679516
vt 0.300256 0.693939
vt 0.295338 0.704704
vt 0.289875 0.711395
vt 0.284074 0.713755
vt 0.278161 0.711697
vt 0.272360 0.705294
vt 0.266897 0.694798
vt 0.261980 0.680609
vt 0.256672 0.656479
vt 0.251790 0.612984
vt 0.251095 0.577034
vt 0.253555 0.543891
vt 0.257798 0.517921
vt 0.261980 0.503498
vt 0.266897 0.492735
vt 0.272360 0.486044
vt 0.278161 0.483683
vt 0.284074 0.485743
vt 0.289875 0.492144
vt 0.295338 0.502642
vt 0.125547 0.483683
vt 0.000000 0.483683
vt 0.432906 0.808051
vt 0.437304 0.808051
vt 0.437304 0.933599
vt 0.432906 0.933599
vt 0.428508 0.808051
vt 0.428508 0.933599
vt 0.125548 0.488599
vt 0.125548 0.483683
vt 0.251095 0.483683
vt 0.251095 0.488599
vt 0.251095 0.551552
vt 0.251095 0.601460
vt 0.125548 0.648209
vt 0.251095 0.640227
vt 0.251095 0.648209
vt 0.251095 0.653125
vt 0.125548 0.653125
vt 0.441702 0.933382
vt 0.437304 0.933479
vt 0.437304 0.808149
vt 0.441702 0.808052
vt 0.446101 0.933479
vt 0.446101 0.808149
vt 0.125547 0.648209
vt 0.125547 0.653125
vt 0.000000 0.653125
vt 0.000000 0.648209
vt 0.000000 0.640227
vt 0.074182 0.654890
vt 0.078283 0.659889
vt 0.081974 0.667932
vt 0.085879 0.682774
vt 0.089278 0.706714
vt 0.090144 0.731012
vt 0.089278 0.756400
vt 0.086156 0.781031
vt 0.079883 0.806247
vt 0.074182 0.818682
vt 0.069828 0.823463
vt 0.065389 0.825001
vt 0.061035 0.823236
vt 0.056933 0.818236
vt 0.052385 0.807252
vt 0.047055 0.781212
vt 0.045072 0.748574
vt 0.046708 0.714436
vt 0.051740 0.684083
vt 0.056933 0.667284
vt 0.061035 0.659444
vt 0.065389 0.654663
vt 0.069828 0.653125
vt 0.575271 0.514723
vt 0.551317 0.514723
vt 0.034219 0.670265
vt 0.040886 0.696119
vt 0.044551 0.728769
vt 0.044680 0.763110
vt 0.041222 0.793828
vt 0.036902 0.810954
vt 0.033211 0.819033
vt 0.029110 0.824056
vt 0.024756 0.825828
vt 0.020316 0.824282
vt 0.015963 0.819477
vt 0.011861 0.811597
vt 0.007195 0.796904
vt 0.002565 0.773057
vt 0.000446 0.748718
vt 0.000000 0.723198
vt 0.001846 0.698320
vt 0.006810 0.672693
vt 0.011861 0.659920
vt 0.015963 0.654897
vt 0.020316 0.653125
vt 0.024756 0.654671
vt 0.029110 0.659476
vt 0.575271 0.500618
vt 0.551317 0.500618
vt 0.575271 0.490138
vt 0.551317 0.490138
vt 0.575271 0.483683
vt 0.551317 0.483683
vt 0.777322 0.841724
vt 0.783097 0.841724
vt 0.783097 0.865678
vt 0.777322 0.865678
vt 0.771548 0.841724
vt 0.771548 0.865678
vt 0.854262 0.187835
vt 0.878216 0.181381
vt 0.878216 0.187835
vt 0.854262 0.198316
vt 0.878216 0.198316
vt 0.854262 0.212421
vt 0.878216 0.212421
vt 0.878216 0.270493
vt 0.878216 0.355631
vt 0.854262 0.366191
vt 0.878216 0.336022
vt 0.854262 0.386923
vt 0.878216 0.372818
vt 0.878216 0.386923
vt 0.854262 0.397403
vt 0.878216 0.397403
vt 0.878216 0.403858
vt 0.765773 0.865636
vt 0.759999 0.865764
vt 0.759999 0.841852
vt 0.765773 0.841723
vt 0.771548 0.865764
vt 0.771548 0.841852
vt 0.575271 0.699706
vt 0.575271 0.706160
vt 0.551317 0.706160
vt 0.551317 0.699706
vt 0.575271 0.689225
vt 0.551317 0.689225
vt 0.575271 0.675120
vt 0.551317 0.675120
vt 0.551317 0.657933
vt 0.780957 0.450116
vt 0.775572 0.443551
vt 0.770726 0.432992
vt 0.766604 0.418843
vt 0.762602 0.394939
vt 0.759999 0.352085
vt 0.762146 0.307260
vt 0.766604 0.276272
vt 0.770726 0.259268
vt 0.775572 0.245351
vt 0.780957 0.235056
vt 0.786674 0.228778
vt 0.792503 0.226759
vt 0.798219 0.229077
vt 0.803604 0.235641
vt 0.808451 0.246201
vt 0.812572 0.260349
vt 0.815811 0.277543
vt 0.818041 0.297122
vt 0.819178 0.329025
vt 0.818041 0.362359
vt 0.813942 0.394700
vt 0.808451 0.419924
vt 0.803604 0.433841
vt 0.798219 0.444136
vt 0.792503 0.450414
vt 0.786674 0.452433
vt 0.994466 0.186935
vt 0.983207 0.186935
vt 0.770726 0.207229
vt 0.766605 0.193014
vt 0.762602 0.168995
vt 0.759999 0.125936
vt 0.762146 0.080895
vt 0.766604 0.049757
vt 0.770726 0.032670
vt 0.775572 0.018685
vt 0.780957 0.008339
vt 0.786674 0.002030
vt 0.792503 0.000000
vt 0.798220 0.002327
vt 0.803604 0.008922
vt 0.808451 0.019531
vt 0.812572 0.033746
vt 0.815811 0.051022
vt 0.818559 0.080401
vt 0.819178 0.114140
vt 0.816639 0.149587
vt 0.810040 0.187501
vt 0.803605 0.208074
vt 0.798220 0.218420
vt 0.792503 0.224729
vt 0.786674 0.226760
vt 0.780957 0.224433
vt 0.775572 0.217838
vt 0.994466 0.181381
vt 0.634501 0.815205
vt 0.639469 0.815205
vt 0.639469 0.826464
vt 0.634500 0.826464
vt 0.629532 0.815205
vt 0.629532 0.826464
vt 0.314779 0.799035
vt 0.314779 0.793481
vt 0.326038 0.793481
vt 0.326038 0.799035
vt 0.314779 0.808053
vt 0.326038 0.808053
vt 0.326038 0.820189
vt 0.314779 0.897288
vt 0.326038 0.870156
vt 0.326038 0.900649
vt 0.314779 0.934714
vt 0.326038 0.937629
vt 0.314779 0.979355
vt 0.326038 0.979355
vt 0.314779 0.984909
vt 0.326038 0.984909
vt 0.634500 0.815095
vt 0.629532 0.803966
vt 0.634500 0.803855
vt 0.639469 0.803966
vt 0.994466 0.367255
vt 0.983207 0.372808
vt 0.983207 0.367255
vt 0.983207 0.358237
vt 0.792885 0.649539
vt 0.797519 0.655188
vt 0.802657 0.667598
vt 0.808679 0.697016
vt 0.810919 0.733889
vt 0.809941 0.764221
vt 0.806672 0.790499
vt 0.801689 0.813752
vt 0.797519 0.825727
vt 0.792885 0.834585
vt 0.787966 0.839986
vt 0.782951 0.841723
vt 0.778032 0.839730
vt 0.773399 0.834081
vt 0.768260 0.821671
vt 0.762238 0.792253
vt 0.759999 0.755380
vt 0.761847 0.716812
vt 0.767531 0.682521
vt 0.773399 0.663542
vt 0.778032 0.654684
vt 0.782951 0.649282
vt 0.787966 0.647545
vt 0.567511 0.882521
vt 0.562097 0.882521
vt 0.562161 0.878175
vt 0.567574 0.878276
vt 0.760414 0.541250
vt 0.764246 0.503910
vt 0.769229 0.480544
vt 0.773399 0.468511
vt 0.778032 0.459608
vt 0.782951 0.454180
vt 0.787966 0.452433
vt 0.792885 0.454434
vt 0.797519 0.460109
vt 0.802657 0.472578
vt 0.808679 0.502136
vt 0.810919 0.539185
vt 0.809071 0.577940
vt 0.803386 0.612396
vt 0.797519 0.631467
vt 0.792885 0.640369
vt 0.787966 0.645798
vt 0.782951 0.647545
vt 0.778032 0.645543
vt 0.773399 0.639869
vt 0.769229 0.630740
vt 0.764575 0.612602
vt 0.760531 0.578365
vt 0.865980 0.440266
vt 0.871228 0.441327
vt 0.609661 0.038769
vt 0.876477 0.440266
vt 0.876477 0.444159
vt 0.607381 0.249159
vt 0.557032 0.882521
vt 0.557095 0.878276
vt 0.562352 0.873904
vt 0.567761 0.874105
vt 0.871228 0.438542
vt 0.557281 0.874105
vt 0.884863 0.455306
vt 0.890111 0.452433
vt 0.884863 0.460546
vt 0.951701 0.002874
vt 0.956950 0.000000
vt 0.956950 0.005378
vt 0.951701 0.008540
vt 0.946453 0.005378
vt 0.946453 0.000000
vt 0.593588 0.261777
vt 0.895360 0.455307
vt 0.884863 0.471582
vt 0.627620 0.016969
vt 0.951701 0.020773
vt 0.588028 0.275120
vt 0.884863 0.493060
vt 0.881021 0.478951
vt 0.881021 0.499117
vt 0.590226 0.311075
vt 0.951701 0.037370
vt 0.899202 0.488272
vt 0.899202 0.511293
vt 0.884863 0.520274
vt 0.881021 0.524587
vt 0.951701 0.057125
vt 0.632133 0.082367
vt 0.586903 0.331519
vt 0.899202 0.538769
vt 0.884863 0.551324
vt 0.881021 0.553594
vt 0.585160 0.354855
vt 0.951701 0.077702
vt 0.899202 0.567996
vt 0.881021 0.583321
vt 0.951701 0.098634
vt 0.633531 0.137499
vt 0.899202 0.597724
vt 0.895360 0.599994
vt 0.881021 0.612549
vt 0.956950 0.121754
vt 0.960792 0.125783
vt 0.951701 0.119462
vt 0.946453 0.121754
vt 0.942610 0.125783
vt 0.899202 0.626730
vt 0.895360 0.631043
vt 0.583150 0.424805
vt 0.881021 0.640024
vt 0.956950 0.140583
vt 0.960792 0.146265
vt 0.633668 0.189360
vt 0.951701 0.137800
vt 0.946453 0.140583
vt 0.942610 0.146265
vt 0.899202 0.652201
vt 0.895360 0.658258
vt 0.881021 0.663046
vt 0.956950 0.155440
vt 0.960792 0.162357
vt 0.951701 0.152355
vt 0.946453 0.155440
vt 0.942610 0.157981
vt 0.899202 0.672366
vt 0.895360 0.679735
vt 0.594352 0.470036
vt 0.881021 0.676524
vt 0.614857 0.206678
vt 0.619480 0.199354
vt 0.621094 0.229118
vt 0.890111 0.693521
vt 0.951701 0.162003
vt 0.956950 0.165194
vt 0.946453 0.165194
vt 0.598591 0.445236
vt 0.604172 0.454848
vt 0.595101 0.480793
vt 0.599038 0.487901
vt 0.895360 0.690772
vt 0.884863 0.696011
vt 0.890111 0.698885
vt 0.621605 0.236961
vt 0.615875 0.245057
vt 0.895360 0.696011
vt 0.603155 0.493045
vt 0.499186 0.886791
vt 0.499186 0.890962
vt 0.493937 0.891163
vt 0.493937 0.886892
vt 0.611649 0.248165
vt 0.609375 0.210390
vt 0.859333 0.438542
vt 0.864741 0.438341
vt 0.854391 0.441225
vt 0.608038 0.458167
vt 0.607381 0.496137
vt 0.488688 0.890962
vt 0.488688 0.886791
vt 0.499186 0.882546
vt 0.493937 0.882546
vt 0.854415 0.445484
vt 0.612303 0.458496
vt 0.488688 0.882546
vt 0.611643 0.497125
vt 0.493937 0.878200
vt 0.499186 0.878302
vt 0.864827 0.448053
vt 0.859457 0.446992
vt 0.488688 0.878302
vt 0.493937 0.873929
vt 0.499186 0.874130
vt 0.854262 0.449977
vt 0.859333 0.449776
vt 0.618466 0.462633
vt 0.617655 0.454617
vt 0.488688 0.874130
vt 0.892555 0.424959
vt 0.887307 0.427834
vt 0.887307 0.422469
vt 0.892555 0.419721
vt 0.933519 0.163523
vt 0.928271 0.166397
vt 0.928271 0.161019
vt 0.882058 0.424959
vt 0.882058 0.419721
vt 0.887307 0.412256
vt 0.892555 0.408683
vt 0.591416 0.232190
vt 0.624136 0.452058
vt 0.622903 0.444818
vt 0.887307 0.390537
vt 0.892555 0.387206
vt 0.878216 0.405473
vt 0.896398 0.401315
vt 0.896398 0.381149
vt 0.628810 0.435960
vt 0.887307 0.362862
vt 0.892555 0.359992
vt 0.896398 0.355679
vt 0.586903 0.166775
vt 0.632133 0.415516
vt 0.887307 0.331173
vt 0.892555 0.328942
vt 0.896398 0.326672
vt 0.928271 0.088887
vt 0.887307 0.304607
vt 0.896398 0.296945
vt 0.928271 0.066117
vt 0.924428 0.064029
vt 0.896398 0.267717
vt 0.928271 0.044643
vt 0.924428 0.040614
vt 0.896398 0.240242
vt 0.635886 0.322229
vt 0.928271 0.025814
vt 0.924428 0.020132
vt 0.585368 0.059783
vt 0.896398 0.217220
vt 0.928271 0.010957
vt 0.924428 0.004039
vt 0.896398 0.203742
vt 0.604179 0.042481
vt 0.599556 0.049805
vt 0.597942 0.020023
vt 0.627613 0.274439
vt 0.887307 0.186746
vt 0.928271 0.001203
vt 0.892555 0.184255
vt 0.887307 0.181381
vt 0.597431 0.012198
vt 0.603161 0.004101
vt 0.882058 0.184256
vt 0.938768 0.000000
vt 0.615868 0.253239
vt 0.567574 0.886765
vt 0.567761 0.890937
vt 0.562352 0.891138
vt 0.562161 0.886867
vt 0.607387 0.000993
vt 0.865980 0.449977
vt 0.611643 0.250147
vt 0.557281 0.890937
vt 0.557095 0.886765
vt 0.996070 0.751979
vt 0.994178 0.753371
vt 0.987022 0.753371
vt 0.986011 0.753371
vt 0.999129 0.372808
vt 0.999129 0.071871
vt 0.990674 0.753371
vt 0.562618 0.706531
vt 0.564088 0.708124
vt 0.563995 0.710845
vt 0.562175 0.712534
vt 0.559753 0.712285
vt 0.558023 0.710159
vt 0.558434 0.707730
vt 0.560439 0.706303
vt 0.555744 0.706433
vt 0.557536 0.708124
vt 0.557607 0.710587
vt 0.556205 0.712276
vt 0.554061 0.712615
vt 0.551851 0.711026
vt 0.551458 0.708573
vt 0.553014 0.706693
vt 0.061694 0.829144
vt 0.226027 0.879533
vt 0.568752 0.710837
vt 0.225694 0.843632
vt 0.569079 0.707016
vt 0.222654 0.864231
vt 0.220331 0.871674
vt 0.222198 0.834510
vt 0.078806 0.839002
vt 0.568753 0.706604
vt 0.077518 0.830222
vt 0.072965 0.826580
vt 0.082245 0.829914
vt 0.083281 0.826578
vt 0.080516 0.854665
vt 0.083299 0.877853
vt 0.086834 0.865266
vt 0.086680 0.877853
vt 0.088967 0.865775
vt 0.088218 0.871835
vt 0.089534 0.843659
vt 0.088718 0.834255
vt 0.330682 0.861981
vt 0.393425 0.860577
vt 0.393425 0.877144
vt 0.330682 0.879952
vt 0.330725 0.788044
vt 0.392143 0.771270
vt 0.392143 0.790441
vt 0.330682 0.808052
vt 0.251095 0.847403
vt 0.314779 0.844730
vt 0.314779 0.860034
vt 0.251095 0.865382
vt 0.392273 0.773780
vt 0.453605 0.788880
vt 0.453605 0.808051
vt 0.392316 0.793787
vt 0.507527 0.733766
vt 0.507527 0.713757
vt 0.525506 0.713757
vt 0.525506 0.733766
vt 0.589778 0.784691
vt 0.589460 0.803855
vt 0.573521 0.784691
vt 0.590413 0.746362
vt 0.590095 0.765526
vt 0.574156 0.765526
vt 0.574791 0.746362
vt 0.507527 0.773785
vt 0.507527 0.753775
vt 0.525506 0.753775
vt 0.525506 0.773785
vt 0.392187 0.733764
vt 0.453605 0.750538
vt 0.453605 0.769709
vt 0.392230 0.753772
vt 0.330812 0.748028
vt 0.392143 0.732928
vt 0.392143 0.752099
vt 0.330768 0.768036
vt 0.392143 0.713756
vt 0.453605 0.731367
vt 0.590730 0.727197
vt 0.575426 0.727197
vt 0.330855 0.728021
vt 0.392143 0.713757
vt 0.507527 0.793794
vt 0.525506 0.793794
vt 0.621968 0.765526
vt 0.622285 0.784691
vt 0.606035 0.784691
vt 0.606035 0.765526
vt 0.471576 0.793794
vt 0.471576 0.773785
vt 0.489548 0.773785
vt 0.489548 0.793794
vt 0.471576 0.753775
vt 0.471576 0.733766
vt 0.489548 0.733766
vt 0.489548 0.753775
vt 0.621333 0.727197
vt 0.621650 0.746362
vt 0.606035 0.746362
vt 0.606035 0.727197
vt 0.622603 0.803855
vt 0.606035 0.803855
vt 0.471576 0.713757
vt 0.489548 0.713757
vt 0.251095 0.811453
vt 0.314779 0.814127
vt 0.314779 0.829425
vt 0.251095 0.829424
vt 0.330682 0.826030
vt 0.393425 0.827434
vt 0.393425 0.844009
vt 0.330682 0.844009
vt 0.330682 0.808051
vt 0.393425 0.810859
vt 0.251095 0.793481
vt 0.314779 0.798829
vt 0.453605 0.733766
vt 0.453605 0.713757
vt 0.638536 0.784691
vt 0.639171 0.803855
vt 0.637266 0.746362
vt 0.637901 0.765526
vt 0.453605 0.773785
vt 0.453605 0.753775
vt 0.636631 0.727197
vt 0.453605 0.793794
vt 0.090144 0.852937
vt 0.145411 0.855386
vt 0.145411 0.916590
vt 0.090144 0.919039
vt 0.719633 0.928256
vt 0.724888 0.871286
vt 0.770979 0.871286
vt 0.776267 0.928256
vt 0.217079 0.836955
vt 0.217079 0.898160
vt 0.160565 0.900608
vt 0.251095 0.922352
vt 0.256382 0.865382
vt 0.302474 0.865382
vt 0.307728 0.922352
vt 0.000000 0.825828
vt 0.056638 0.825828
vt 0.056638 0.891930
vt 0.525506 0.713756
vt 0.571601 0.713756
vt 0.571601 0.774961
s 1
usemtl Material.001
f 11/1/1 10/2/1 9/3/1
f 13/4/2 12/5/2 10/2/2
f 15/6/3 14/7/3 12/5/3
f 17/8/4 16/9/4 14/10/4
f 21/11/5 20/12/5 18/13/5
f 107/14/6 106/15/6 104/16/6
f 121/17/7 120/18/7 118/19/7
f 127/20/8 126/21/8 125/22/8
f 129/23/9 128/24/9 126/21/9
f 135/25/10 134/26/10 133/27/10
f 137/28/11 136/29/11 134/26/11
f 151/30/12 150/31/12 148/32/12
f 153/33/13 152/34/13 150/31/13
f 155/35/14 154/36/14 152/34/14
f 177/37/15 176/38/15 174/39/15
f 179/40/16 178/41/16 176/38/16
f 181/42/17 180/43/17 178/41/17
f 207/44/18 196/45/18 195/46/18
f 218/47/19 216/48/19 214/49/19
f 220/50/20 213/51/20 211/52/20
f 197/53/20 206/54/20 196/55/20
f 215/56/20 190/57/20 217/58/20
f 210/59/19 219/60/19 212/61/19
f 244/62/19 233/63/19 252/64/19
f 240/65/20 231/66/20 253/67/20
f 253/68/21 229/69/21 227/70/21
f 249/71/20 247/72/20 245/73/20
f 251/74/19 244/62/19 242/75/19
f 252/64/19 239/76/19 229/77/19
f 228/78/20 253/67/20 227/79/20
f 230/80/19 238/81/19 229/77/19
f 246/82/19 222/83/19 248/84/19
f 241/85/20 250/74/20 243/86/20
f 267/87/12 266/88/12 264/89/12
f 269/90/13 268/91/13 266/88/13
f 271/92/14 270/93/14 268/91/14
f 293/94/15 292/95/15 290/96/15
f 295/97/16 294/98/16 292/95/16
f 297/99/17 296/100/17 294/98/17
f 319/101/12 318/102/12 316/103/12
f 321/104/13 320/105/13 318/102/13
f 323/106/22 322/107/22 320/105/22
f 345/108/15 344/109/15 342/110/15
f 347/111/16 346/112/16 344/109/16
f 349/113/17 348/114/17 346/112/17
f 370/115/23 369/116/23 368/117/23
f 374/118/24 373/119/24 371/120/24
f 399/121/12 398/122/12 396/123/12
f 401/124/13 400/125/13 398/122/13
f 403/126/22 402/127/22 400/125/22
f 429/128/21 418/129/21 417/130/21
f 440/131/19 438/132/19 436/133/19
f 442/134/20 435/135/20 433/136/20
f 419/137/20 428/138/20 418/139/20
f 437/140/20 412/47/20 439/141/20
f 432/142/19 441/50/19 434/143/19
f 466/144/19 455/145/19 474/146/19
f 462/147/20 453/148/20 475/149/20
f 475/150/18 451/151/18 449/152/18
f 471/153/20 469/154/20 467/155/20
f 473/156/19 466/144/19 464/157/19
f 474/146/19 461/158/19 451/159/19
f 450/160/20 475/149/20 449/161/20
f 452/162/19 460/163/19 451/159/19
f 468/164/19 444/165/19 470/166/19
f 463/167/20 472/156/20 465/168/20
f 489/169/15 488/170/15 486/171/15
f 491/172/25 490/173/25 488/170/25
f 516/174/12 515/175/12 513/176/12
f 518/177/13 517/178/13 515/175/13
f 520/179/14 519/180/14 517/178/14
f 542/181/15 541/182/15 539/183/15
f 544/184/25 543/185/25 541/182/25
f 569/186/12 568/187/12 566/188/12
f 571/189/13 570/190/13 568/187/13
f 573/191/14 572/192/14 570/190/14
f 583/193/26 582/194/26 626/195/26
f 585/196/27 584/197/27 582/194/27
f 587/198/28 586/199/28 584/197/28
f 600/200/29 599/201/29 598/202/29
f 602/203/30 601/204/30 599/201/30
f 606/205/31 605/206/31 603/207/31
f 610/208/32 609/209/32 607/210/32
f 625/211/33 624/212/33 622/213/33
f 627/214/34 626/195/34 624/212/34
f 629/215/35 628/216/35 679/217/35
f 631/218/36 630/219/36 628/216/36
f 650/220/37 652/221/37 651/222/37
f 654/223/38 656/224/38 655/225/38
f 680/226/39 679/217/39 677/227/39
f 682/228/40 681/229/40 725/230/40
f 684/231/41 683/232/41 681/229/41
f 686/233/42 685/234/42 683/232/42
f 699/235/43 702/236/43 701/237/43
f 710/238/44 709/239/44 708/240/44
f 3/241/45 1/242/45 2/243/45 4/244/45
f 724/245/46 723/246/46 721/247/46
f 726/248/47 725/230/47 723/246/47
f 740/249/48 729/250/48 728/251/48
f 736/252/49 745/253/49 737/254/49
f 749/255/50 730/256/50 729/250/50
f 750/257/51 741/258/51 731/259/51
f 743/260/52 752/261/52 744/262/52
f 745/253/53 754/263/53 746/264/53
f 756/265/54 749/255/54 748/266/54
f 757/267/55 750/257/55 730/256/55
f 753/268/56 761/269/56 745/253/56
f 765/270/57 757/267/57 749/255/57
f 766/271/58 758/272/58 750/257/58
f 760/273/59 767/274/59 752/261/59
f 762/275/60 763/276/60 755/277/60
f 753/268/61 771/278/61 761/269/61
f 775/279/62 757/267/62 765/270/62
f 776/280/63 768/281/63 766/282/63
f 770/283/64 777/284/64 767/285/64
f 772/286/65 773/287/65 763/276/65
f 779/288/66 776/289/66 757/267/66
f 778/290/67 783/291/67 771/278/67
f 787/292/68 779/288/68 775/279/68
f 788/293/69 780/294/69 776/280/69
f 782/295/70 789/296/70 777/284/70
f 784/297/71 785/298/71 773/287/71
f 778/290/72 793/299/72 783/291/72
f 797/300/73 779/288/73 787/292/73
f 798/301/74 790/302/74 788/293/74
f 792/303/75 799/304/75 789/296/75
f 794/305/76 795/306/76 785/298/76
f 801/307/77 798/308/77 779/288/77
f 800/309/78 805/310/78 793/299/78
f 809/311/79 801/307/79 797/300/79
f 810/312/80 802/313/80 798/301/80
f 804/314/81 811/315/81 799/304/81
f 806/316/82 807/317/82 795/306/82
f 810/312/83 813/318/83 802/313/83
f 815/319/84 811/315/84 804/314/84
f 812/320/85 818/321/85 808/322/85
f 820/323/86 816/324/86 800/309/86
f 819/325/87 822/326/87 801/307/87
f 827/327/88 820/323/88 811/328/88
f 821/329/89 830/330/89 818/321/89
f 822/326/90 833/331/90 823/332/90
f 837/333/91 820/323/91 827/327/91
f 832/334/92 840/335/92 830/330/92
f 842/336/93 838/337/93 820/323/93
f 841/338/94 844/339/94 822/326/94
f 849/340/95 842/336/95 837/333/95
f 843/341/96 852/342/96 840/335/96
f 844/339/97 855/343/97 845/344/97
f 859/345/98 842/336/98 849/340/98
f 865/346/99 860/347/99 842/336/99
f 864/348/100 869/349/100 844/339/100
f 874/350/101 865/346/101 859/345/101
f 869/349/102 880/351/102 870/352/102
f 871/353/103 881/354/103 872/355/103
f 883/356/104 865/346/104 874/350/104
f 886/357/105 879/358/105 878/359/105
f 865/346/106 889/360/106 875/361/106
f 893/362/107 869/349/107 879/358/107
f 894/363/108 887/364/108 880/351/108
f 889/360/109 899/365/109 890/366/109
f 901/367/110 893/362/110 892/368/110
f 902/369/111 894/363/111 869/349/111
f 898/370/112 905/371/112 889/360/112
f 909/372/113 902/369/113 893/362/113
f 910/373/114 903/374/114 894/363/114
f 904/375/115 911/376/115 896/377/115
f 905/371/116 913/378/116 906/379/116
f 898/370/117 916/380/117 905/371/117
f 919/381/118 902/369/118 909/372/118
f 920/382/119 914/383/119 910/384/119
f 915/385/120 921/386/120 911/376/120
f 916/387/121 924/388/121 913/389/121
f 925/390/122 920/391/122 902/369/122
f 923/392/123 928/393/123 916/380/123
f 931/394/124 925/390/124 919/381/124
f 932/395/125 926/396/125 920/382/125
f 927/397/126 933/398/126 921/386/126
f 928/399/127 935/400/127 924/388/127
f 923/392/128 938/401/128 928/393/128
f 941/402/129 925/390/129 931/394/129
f 942/403/130 936/404/130 932/395/130
f 937/405/131 943/406/131 933/398/131
f 938/407/132 946/408/132 935/400/132
f 947/409/133 942/410/133 925/390/133
f 945/411/134 950/412/134 938/401/134
f 953/413/135 947/409/135 941/402/135
f 949/414/136 954/415/136 943/406/136
f 950/416/137 955/417/137 946/408/137
f 947/409/138 957/418/138 942/410/138
f 959/419/139 954/415/139 949/414/139
f 960/420/140 945/411/140 944/421/140
f 961/422/141 955/417/141 950/416/141
f 956/423/142 962/424/142 952/425/142
f 964/426/143 960/427/143 954/415/143
f 965/428/144 961/429/144 945/411/144
f 966/430/145 956/423/145 955/417/145
f 963/431/146 968/432/146 947/409/146
f 971/433/147 964/426/147 959/419/147
f 972/434/148 965/428/148 960/420/148
f 973/435/149 966/430/149 961/422/149
f 967/436/150 974/437/150 962/424/150
f 976/438/151 972/296/151 964/426/151
f 977/439/152 967/436/152 966/430/152
f 968/432/153 979/440/153 969/441/153
f 981/442/154 976/438/154 971/433/154
f 982/443/155 965/428/155 972/434/155
f 983/444/156 977/439/156 973/435/156
f 978/445/157 984/446/157 974/437/157
f 986/447/158 982/284/158 976/438/158
f 987/448/159 983/449/159 965/428/159
f 988/450/160 978/445/160 977/439/160
f 985/451/161 990/452/161 968/432/161
f 993/453/162 986/447/162 981/442/162
f 994/454/163 987/448/163 982/443/163
f 995/455/164 988/450/164 983/444/164
f 989/456/165 996/457/165 984/446/165
f 998/458/166 994/285/166 986/447/166
f 999/459/167 995/460/167 987/448/167
f 1000/461/168 989/456/168 988/450/168
f 990/452/169 1002/462/169 991/463/169
f 1004/464/170 998/458/170 993/453/170
f 1005/465/171 999/459/171 994/454/171
f 1006/466/172 1000/467/172 995/460/172
f 1010/468/173 1005/465/173 998/469/173
f 1009/470/174 730/256/174 990/452/174
f 1015/471/175 1010/472/175 1004/473/175
f 730/256/176 731/259/176 1014/474/176
f 732/475/177 733/476/177 1015/471/177
f 734/477/178 735/478/178 1010/468/178
f 1022/479/179 1020/480/180 1017/481/181
f 1022/479/182 1021/482/182 1020/480/182
f 1027/483/183 1026/484/183 1024/485/183
f 1029/486/184 1028/487/184 1026/488/184
f 1031/489/185 1030/490/185 1028/487/185
f 1018/491/186 1017/492/186 1032/493/186
f 1036/494/187 1042/495/187 1148/496/187
f 1040/497/188 1044/498/188 1033/499/188
f 1037/500/189 1038/501/189 1034/502/189
f 1035/503/190 1044/498/190 1048/504/190
f 1039/505/191 1047/506/191 1050/507/191
f 1041/508/192 1045/509/192 1036/494/192
f 1042/495/193 1049/510/193 1037/500/193
f 1045/509/194 1053/511/194 1042/495/194
f 1040/497/195 1043/512/195 1052/513/195
f 1045/509/196 1048/504/196 1055/514/196
f 1043/515/197 1110/516/197 1075/517/197
f 1049/510/198 1054/518/198 1046/519/198
f 1053/520/199 1059/521/199 1049/522/199
f 1044/523/200 1052/524/200 1061/525/200
f 1050/526/201 1056/527/201 1063/528/201
f 1051/529/202 1063/530/202 1072/531/202
f 1053/520/203 1055/532/203 1058/533/203
f 1149/534/204 1051/529/204 1072/531/204
f 1075/535/205 1064/536/205 1052/524/205
f 1060/537/206 1071/538/207 1056/527/208
f 1057/539/209 1065/540/209 1055/532/209
f 1057/539/210 1061/525/210 1068/541/210
f 1064/536/211 1068/541/211 1061/525/211
f 1063/528/212 1071/538/212 1084/542/212
f 1070/543/213 1073/544/213 1066/545/213
f 1075/535/214 1076/546/214 1064/536/214
f 1066/545/215 1073/544/215 1067/547/215
f 1067/547/216 1074/548/216 1060/537/216
f 1065/540/217 1068/541/217 1077/549/217
f 1068/541/218 1076/546/218 1079/550/218
f 1074/548/219 1083/551/219 1071/538/219
f 1084/552/220 1094/553/220 1072/531/220
f 1149/534/221 1072/531/221 1094/553/221
f 1078/554/222 1081/555/222 1073/544/222
f 1073/544/223 1082/556/223 1074/548/223
f 1079/557/224 1085/558/224 1077/559/224
f 1077/559/225 1080/560/225 1078/561/225
f 1075/517/226 1110/516/226 1100/562/226
f 1080/560/227 1086/563/227 1081/564/227
f 1076/565/228 1100/566/228 1091/567/228
f 1085/558/229 1088/568/229 1089/569/229
f 1085/558/230 1089/569/230 1080/560/230
f 1087/570/231 1099/571/231 1084/572/231
f 1090/573/232 1098/574/232 1087/570/232
f 1089/569/233 1092/575/233 1086/563/233
f 1088/568/234 1095/576/234 1089/569/234
f 1092/575/235 1103/577/235 1093/578/235
f 1093/578/236 1097/579/236 1090/573/236
f 1092/575/237 1096/580/237 1102/581/237
f 1149/534/238 1094/553/238 1117/582/238
f 1100/566/239 1106/583/239 1091/567/239
f 1099/571/240 1117/584/240 1094/585/240
f 1097/579/241 1105/586/241 1098/574/241
f 1103/577/242 1113/587/242 1097/579/242
f 1107/588/243 1111/589/243 1101/590/243
f 1104/591/244 1108/592/244 1102/581/244
f 1104/593/245 1111/594/245 1112/595/245
f 1100/562/246 1110/516/246 1136/596/246
f 1113/597/247 1114/598/247 1105/599/247
f 1136/596/248 1115/600/248 1106/601/248
f 1114/598/249 1122/602/249 1105/599/249
f 1111/594/250 1123/603/250 1118/604/250
f 1111/594/251 1118/604/251 1112/595/251
f 1112/595/252 1118/604/252 1119/605/252
f 1112/595/253 1120/606/253 1113/597/253
f 1113/597/254 1121/607/254 1114/598/254
f 1116/608/255 1123/603/255 1111/594/255
f 1116/608/256 1115/609/256 1128/610/256
f 1124/611/257 1145/612/257 1117/613/257
f 1149/534/258 1117/582/258 1145/614/258
f 1119/605/259 1125/615/259 1120/606/259
f 1115/609/260 1136/616/260 1131/617/260
f 1128/610/261 1129/618/261 1123/603/261
f 1122/602/262 1127/619/262 1134/620/262
f 1125/615/263 1130/621/263 1139/622/263
f 1131/617/264 1142/623/264 1128/610/264
f 1132/624/265 1143/625/265 1139/626/265
f 1136/596/266 1142/627/266 1131/628/266
f 1139/626/267 1140/629/267 1133/630/267
f 1134/631/268 1141/632/268 1147/633/268
f 1137/634/269 1138/635/269 1132/624/269
f 1132/624/270 1138/635/270 1143/625/270
f 1140/629/271 1034/502/271 1141/632/271
f 1147/633/272 1039/505/272 1135/636/272
f 1136/596/273 1110/516/273 1043/515/273
f 1143/625/274 1144/637/274 1139/626/274
f 1142/638/275 1033/499/275 1137/634/275
f 1043/512/276 1040/497/276 1142/638/276
f 1148/496/277 1034/502/277 1140/629/277
f 1146/639/278 1036/494/278 1143/625/278
f 1146/639/279 1033/499/279 1035/503/279
f 1146/639/280 1035/503/280 1041/508/280
f 1039/505/281 1051/640/281 1145/641/281
f 1149/534/282 1145/614/282 1051/529/282
f 5/642/283 3/241/283 4/244/283 6/643/283
f 7/644/284 5/645/284 6/646/284 8/647/284
f 9/3/285 7/644/285 8/647/285 11/1/285
f 18/13/286 16/9/286 17/8/286 19/648/286
f 11/1/287 13/4/287 10/2/287
f 13/4/288 15/6/288 12/5/288
f 15/649/289 17/8/289 14/10/289
f 23/650/290 20/12/290 22/651/290 24/652/290
f 19/648/291 21/11/291 18/13/291
f 21/11/292 22/651/292 20/12/292
f 25/653/293 23/654/293 24/655/293 26/656/293
f 27/657/294 25/653/294 26/656/294 28/658/294
f 29/659/295 27/657/295 28/658/295 30/660/295
f 31/661/296 29/659/296 30/660/296 32/662/296
f 33/663/297 31/661/297 32/662/297 34/664/297
f 35/665/298 33/666/298 34/667/298 36/668/298
f 13/669/21 11/670/21 8/671/21 6/672/21 4/673/21 2/674/21 36/675/21 34/676/21 32/677/21 30/678/21 28/679/21 26/680/21 24/681/21 22/682/21 21/683/21 19/684/21 17/685/21 15/686/21
f 1/242/299 35/665/299 36/668/299 2/243/299
f 27/687/18 29/688/18 31/689/18 33/690/18 35/691/18 1/692/18 3/693/18 5/694/18 7/695/18 9/696/18 10/697/18 12/698/18 14/699/18 16/700/18 18/701/18 20/702/18 23/703/18 25/704/18
f 39/705/300 37/706/300 38/707/300 40/708/300
f 41/709/45 39/705/45 40/708/45 42/710/45
f 43/711/301 41/709/301 42/710/301 44/712/301
f 45/713/302 43/711/302 44/712/302 46/714/302
f 47/715/303 45/716/303 46/717/303 48/718/303
f 49/719/304 47/715/304 48/718/304 50/720/304
f 51/721/305 49/719/305 50/720/305 52/722/305
f 53/723/306 51/721/306 52/722/306 54/724/306
f 55/725/307 53/723/307 54/724/307 56/726/307
f 57/727/308 55/725/308 56/726/308 58/728/308
f 59/729/309 57/727/309 58/728/309 60/730/309
f 61/731/310 59/729/310 60/730/310 62/732/310
f 63/733/311 61/734/311 62/735/311 64/736/311
f 65/737/312 63/733/312 64/736/312 66/738/312
f 67/739/286 65/737/286 66/738/286 68/740/286
f 69/741/313 67/739/313 68/740/313 70/742/313
f 71/743/314 69/741/314 70/742/314 72/744/314
f 73/745/315 71/743/315 72/744/315 74/746/315
f 75/747/316 73/745/316 74/746/316 76/748/316
f 77/749/317 75/747/317 76/748/317 78/750/317
f 79/751/293 77/752/293 78/753/293 80/754/293
f 81/755/318 79/751/318 80/754/318 82/756/318
f 83/757/294 81/755/294 82/756/294 84/758/294
f 85/759/319 83/757/319 84/758/319 86/760/319
f 87/761/320 85/759/320 86/760/320 88/762/320
f 89/763/321 87/761/321 88/762/321 90/764/321
f 91/765/322 89/763/322 90/764/322 92/766/322
f 93/767/297 91/765/297 92/766/297 94/768/297
f 95/769/323 93/770/323 94/771/323 96/772/323
f 97/773/298 95/769/298 96/772/298 98/774/298
f 74/775/21 72/776/21 70/777/21 68/778/21 66/779/21 64/780/21 62/781/21 60/782/21 58/783/21 56/784/21 54/785/21 52/786/21 50/787/21 48/788/21 46/789/21 44/790/21 42/791/21 40/792/21 38/793/21 100/794/21 98/795/21 96/796/21 94/797/21 92/798/21 90/799/21 88/800/21 86/801/21 84/802/21 82/803/21 80/804/21 78/805/21 76/806/21
f 99/807/324 97/773/324 98/774/324 100/808/324
f 37/706/299 99/807/299 100/808/299 38/707/299
f 87/809/18 89/810/18 91/811/18 93/812/18 95/813/18 97/814/18 99/815/18 37/816/18 39/817/18 41/818/18 43/819/18 45/820/18 47/821/18 49/822/18 51/823/18 53/824/18 55/825/18 57/826/18 59/827/18 61/828/18 63/829/18 65/830/18 67/831/18 69/832/18 71/833/18 73/834/18 75/835/18 77/836/18 79/837/18 81/838/18 83/839/18 85/840/18
f 102/841/325 136/29/325 101/842/325 103/843/325
f 104/844/326 102/841/326 103/843/326 105/845/326
f 108/846/327 106/15/327 107/14/327 109/847/327
f 105/845/328 107/848/328 104/844/328
f 110/849/329 108/846/329 109/847/329 111/850/329
f 112/851/330 110/849/330 111/850/330 113/852/330
f 114/853/331 112/851/331 113/852/331 115/854/331
f 116/855/311 114/853/311 115/854/311 117/856/311
f 118/19/332 116/855/332 117/856/332 119/857/332
f 123/858/333 120/18/333 122/859/333 124/860/333
f 119/857/334 121/17/334 118/19/334
f 121/17/335 122/859/335 120/18/335
f 125/22/336 123/861/336 124/862/336 127/20/336
f 131/863/337 128/24/337 130/864/337 132/865/337
f 127/20/338 129/23/338 126/21/338
f 129/23/339 130/864/339 128/24/339
f 133/27/340 131/863/340 132/865/340 135/866/340
f 135/25/341 137/28/341 134/26/341
f 129/867/21 127/868/21 124/869/21 122/870/21 121/871/21 119/872/21 117/873/21 115/874/21 113/875/21 111/876/21 109/877/21 107/878/21 105/879/21 103/880/21 101/881/21 137/882/21 135/883/21 132/884/21 130/885/21
f 137/28/342 101/842/342 136/29/342
f 112/886/18 114/887/18 116/888/18 118/889/18 120/890/18 123/891/18 125/892/18 126/893/18 128/894/18 131/895/18 133/896/18 134/897/18 136/898/18 102/899/18 104/900/18 106/901/18 108/902/18 110/903/18
f 140/904/343 138/905/343 139/906/343 141/907/343
f 142/908/344 140/909/344 141/910/344 143/911/344
f 144/912/345 142/908/345 143/911/345 145/913/345
f 146/914/346 144/912/346 145/913/346 147/915/346
f 148/32/347 146/914/347 147/915/347 149/916/347
f 156/917/348 154/36/348 155/35/348 157/918/348
f 149/916/349 151/30/349 148/32/349
f 151/30/350 153/33/350 150/31/350
f 153/33/351 155/35/351 152/34/351
f 158/919/352 156/917/352 157/918/352 159/920/352
f 160/921/353 158/919/353 159/920/353 161/922/353
f 162/923/354 160/921/354 161/922/354 163/924/354
f 164/925/355 162/926/355 163/927/355 165/928/355
f 166/929/356 164/925/356 165/928/356 167/930/356
f 168/931/357 166/932/357 167/933/357 169/934/357
f 170/935/358 168/931/358 169/934/358 171/936/358
f 172/937/359 170/935/359 171/936/359 173/938/359
f 174/39/360 172/937/360 173/938/360 175/939/360
f 182/940/361 180/43/361 181/42/361 183/941/361
f 175/939/362 177/37/362 174/39/362
f 177/37/363 179/40/363 176/38/363
f 179/40/364 181/42/364 178/41/364
f 184/942/365 182/940/365 183/941/365 185/943/365
f 186/944/366 184/942/366 185/943/366 187/945/366
f 188/946/367 186/944/367 187/945/367 189/947/367
f 163/948/19 161/949/19 159/950/19 157/951/19 155/952/19 153/953/19 151/954/19 149/955/19 147/956/19 145/957/19 143/958/19 141/959/19 139/960/19 189/961/19 187/962/19 185/963/19 183/964/19 181/965/19 179/966/19 177/967/19 175/968/19 173/969/19 171/970/19 169/971/19 167/972/19 165/973/19
f 138/905/368 188/974/368 189/975/368 139/906/368
f 218/976/369 190/977/369 191/978/369 192/979/369
f 172/980/20 174/981/20 176/982/20 178/983/20 180/984/20 182/985/20 184/986/20 186/987/20 188/988/20 138/960/20 140/989/20 142/990/20 144/991/20 146/992/20 148/993/20 150/994/20 152/995/20 154/996/20 156/997/20 158/998/20 160/999/20 162/1000/20 164/1001/20 166/1002/20 168/1003/20 170/1004/20
f 220/1005/370 219/1006/370 194/1007/370 193/1008/370
f 210/59/19 194/1009/19 219/60/19
f 211/1010/371 212/1011/371 219/1006/371 220/1005/371
f 215/56/20 191/1012/20 190/57/20
f 215/1013/372 216/1014/372 192/1015/372 191/1016/372
f 208/1017/21 209/1018/21 221/1019/21 197/1020/21
f 213/1021/373 210/1022/373 198/1023/373 201/1024/373
f 195/46/18 196/45/18 206/1025/18
f 196/45/374 207/44/374 200/1026/374 199/1027/374
f 217/1028/375 214/1029/375 202/1030/375 205/1031/375
f 197/1020/376 221/1019/376 204/1032/376 203/1033/376
f 205/1031/377 202/1030/377 195/46/377 206/1025/377
f 201/1024/378 198/1023/378 209/1018/378 208/1017/378
f 193/1034/379 194/1035/379 210/1036/379 213/1037/379
f 199/1027/380 200/1026/380 212/1038/380 211/1039/380
f 220/50/20 193/1040/20 213/51/20
f 190/977/381 218/976/381 214/1041/381 217/1042/381
f 203/1033/382 204/1032/382 216/1043/382 215/1044/382
f 218/47/19 192/1045/19 216/48/19
f 217/58/20 205/1046/20 203/1047/20 215/56/20
f 212/61/19 200/1048/19 198/1049/19 210/59/19
f 208/1050/20 196/55/20 199/1051/20 201/1052/20
f 207/1053/19 195/1054/19 221/1055/19 209/1056/19
f 221/1055/19 195/1054/19 202/1057/19 204/1058/19
f 205/1046/20 206/54/20 197/53/20 203/1047/20
f 204/1058/19 202/1057/19 214/49/19 216/48/19
f 200/1048/19 207/1053/19 209/1056/19 198/1049/19
f 201/1052/20 199/1051/20 211/52/20 213/51/20
f 249/1059/369 222/1060/369 223/1061/369 224/1062/369
f 208/1050/20 197/53/20 196/55/20
f 251/1063/370 250/1064/370 226/1065/370 225/1066/370
f 241/85/20 226/1067/20 250/74/20
f 242/1068/383 243/1069/383 250/1064/383 251/1063/383
f 246/82/19 223/1070/19 222/83/19
f 223/1071/384 246/1072/384 247/1073/384 224/1074/384
f 239/1075/18 240/1076/18 228/1077/18 230/1078/18
f 244/1035/375 241/1034/375 231/1079/375 233/1080/375
f 227/70/21 229/69/21 238/1081/21
f 229/69/376 253/68/376 232/1082/376 252/1083/376
f 248/1022/373 245/1084/373 234/1085/373 237/1086/373
f 230/1078/374 228/1077/374 236/1087/374 235/1088/374
f 237/1086/378 234/1085/378 227/70/378 238/1081/378
f 233/1080/377 231/1079/377 240/1076/377 239/1075/377
f 228/78/20 240/65/20 253/67/20
f 252/64/19 233/63/19 239/76/19
f 225/1089/385 226/1090/385 241/1091/385 244/1092/385
f 252/1083/382 232/1082/382 243/1093/382 242/1094/382
f 251/74/19 225/1067/19 244/62/19
f 222/1060/386 249/1059/386 245/1095/386 248/1096/386
f 246/1097/380 235/1088/380 236/1087/380 247/1098/380
f 249/71/20 224/1099/20 247/72/20
f 248/84/19 237/1100/19 235/1101/19 246/82/19
f 243/86/20 232/1102/20 231/66/20 241/85/20
f 228/78/20 227/79/20 234/1103/20 236/1104/20
f 237/1100/19 238/81/19 230/80/19 235/1101/19
f 236/1104/20 234/1103/20 245/73/20 247/72/20
f 256/1105/343 254/1106/343 255/1107/343 257/1108/343
f 253/67/20 231/66/20 232/1102/20
f 242/75/19 244/62/19 252/64/19
f 239/76/19 230/80/19 229/77/19
f 258/1109/344 256/1110/344 257/1111/344 259/1112/344
f 260/1113/345 258/1109/345 259/1112/345 261/1114/345
f 262/1115/346 260/1113/346 261/1114/346 263/1116/346
f 264/89/347 262/1115/347 263/1116/347 265/1117/347
f 272/1118/348 270/93/348 271/92/348 273/1119/348
f 265/1117/349 267/87/349 264/89/349
f 267/87/350 269/90/350 266/88/350
f 269/90/351 271/92/351 268/91/351
f 274/1120/352 272/1118/352 273/1119/352 275/1121/352
f 276/1122/353 274/1120/353 275/1121/353 277/1123/353
f 278/1124/354 276/1122/354 277/1123/354 279/1125/354
f 280/1126/355 278/1127/355 279/1128/355 281/1129/355
f 282/1130/356 280/1126/356 281/1129/356 283/1131/356
f 284/1132/357 282/1133/357 283/1134/357 285/1135/357
f 286/1136/358 284/1132/358 285/1135/358 287/1137/358
f 288/1138/359 286/1136/359 287/1137/359 289/1139/359
f 290/96/360 288/1138/360 289/1139/360 291/1140/360
f 298/1141/361 296/100/361 297/99/361 299/1142/361
f 291/1140/362 293/94/362 290/96/362
f 293/94/363 295/97/363 292/95/363
f 295/97/364 297/99/364 294/98/364
f 300/1143/365 298/1141/365 299/1142/365 301/1144/365
f 302/1145/366 300/1143/366 301/1144/366 303/1146/366
f 304/1147/367 302/1145/367 303/1146/367 305/1148/367
f 279/1149/19 277/1150/19 275/1151/19 273/1152/19 271/1153/19 269/1154/19 267/1155/19 265/1156/19 263/1157/19 261/1158/19 259/1159/19 257/1160/19 255/1161/19 305/1162/19 303/1163/19 301/1164/19 299/1165/19 297/1166/19 295/1167/19 293/1168/19 291/1169/19 289/1170/19 287/1171/19 285/1172/19 283/1173/19 281/1174/19
f 254/1106/368 304/1175/368 305/1176/368 255/1107/368
f 308/907/343 306/906/343 307/1177/343 309/1178/343
f 288/1179/20 290/1180/20 292/1181/20 294/1182/20 296/1183/20 298/1184/20 300/1185/20 302/1186/20 304/1187/20 254/1188/20 256/1189/20 258/1190/20 260/1191/20 262/1192/20 264/1193/20 266/1194/20 268/1195/20 270/1196/20 272/1197/20 274/1198/20 276/1199/20 278/1200/20 280/1201/20 282/1202/20 284/1203/20 286/1204/20
f 310/1205/344 308/1206/344 309/1207/344 311/1208/344
f 312/1209/345 310/1205/345 311/1208/345 313/1210/345
f 314/1211/346 312/1209/346 313/1210/346 315/1212/346
f 316/103/347 314/1211/347 315/1212/347 317/1213/347
f 324/1214/348 322/107/348 323/106/348 325/1215/348
f 317/1213/349 319/101/349 316/103/349
f 319/101/350 321/104/350 318/102/350
f 321/104/351 323/106/351 320/105/351
f 326/1216/352 324/1214/352 325/1215/352 327/1217/352
f 328/1218/353 326/1216/353 327/1217/353 329/1219/353
f 330/1220/354 328/1218/354 329/1219/354 331/1221/354
f 332/1222/355 330/1223/355 331/1224/355 333/1225/355
f 334/1226/356 332/1222/356 333/1225/356 335/1227/356
f 336/1228/357 334/1229/357 335/1230/357 337/1231/357
f 338/1232/358 336/1228/358 337/1231/358 339/1233/358
f 340/1234/359 338/1232/359 339/1233/359 341/1235/359
f 342/110/360 340/1234/360 341/1235/360 343/1236/360
f 350/1237/361 348/114/361 349/113/361 351/1238/361
f 343/1236/362 345/108/362 342/110/362
f 345/108/363 347/111/363 344/109/363
f 347/111/364 349/113/364 346/112/364
f 352/1239/365 350/1237/365 351/1238/365 353/1240/365
f 354/1241/366 352/1239/366 353/1240/366 355/1242/366
f 356/1243/367 354/1241/367 355/1242/367 357/1244/367
f 331/1245/19 329/1246/19 327/1247/19 325/1248/19 323/1249/19 321/1250/19 319/1251/19 317/1252/19 315/1253/19 313/1254/19 311/1255/19 309/1256/19 307/1257/19 357/1258/19 355/1259/19 353/1260/19 351/1261/19 349/1262/19 347/1263/19 345/1264/19 343/1265/19 341/1266/19 339/1267/19 337/1268/19 335/1269/19 333/1270/19
f 306/906/368 356/975/368 357/1271/368 307/1177/368
f 360/1272/356 358/1273/356 359/1274/356 361/1275/356
f 340/1276/20 342/1277/20 344/1278/20 346/1279/20 348/1280/20 350/1281/20 352/1282/20 354/1283/20 356/1284/20 306/1285/20 308/1286/20 310/1287/20 312/1288/20 314/1289/20 316/1290/20 318/1291/20 320/1292/20 322/1293/20 324/1294/20 326/1295/20 328/1296/20 330/1297/20 332/1298/20 334/1299/20 336/1300/20 338/1301/20
f 362/1302/357 360/1303/357 361/1244/357 363/1304/357
f 364/1305/358 362/1302/358 363/1304/358 365/1306/358
f 366/1307/359 364/1305/359 365/1306/359 367/1308/359
f 368/117/387 366/1307/387 367/1308/387 370/115/387
f 372/1309/388 371/120/388 369/116/388 370/115/388
f 376/1310/389 375/1311/389 373/119/389 374/118/389
f 372/1309/390 374/118/390 371/120/390
f 378/1312/391 375/1311/391 377/1313/391 379/1314/391
f 376/1310/392 377/1313/392 375/1311/392
f 380/1315/365 378/1312/365 379/1314/365 381/1316/365
f 382/1317/366 380/1315/366 381/1316/366 383/1318/366
f 384/924/367 382/1317/367 383/1318/367 385/1230/367
f 386/1319/368 384/1320/368 385/1321/368 387/1322/368
f 388/1323/343 386/1319/343 387/1322/343 389/1324/343
f 390/1325/344 388/1326/344 389/1327/344 391/1328/344
f 392/1329/345 390/1325/345 391/1328/345 393/1330/345
f 394/1331/346 392/1329/346 393/1330/346 395/1332/346
f 396/123/347 394/1331/347 395/1332/347 397/1333/347
f 404/1334/348 402/127/348 403/126/348 405/1335/348
f 397/1333/349 399/121/349 396/123/349
f 399/121/350 401/124/350 398/122/350
f 401/124/351 403/126/351 400/125/351
f 406/1336/352 404/1334/352 405/1335/352 407/1337/352
f 408/1338/353 406/1336/353 407/1337/353 409/1339/353
f 410/1340/354 408/1338/354 409/1339/354 411/1341/354
f 385/1342/19 383/1343/19 381/1344/19 379/1345/19 377/1346/19 376/1347/19 374/1348/19 372/1349/19 370/1350/19 367/1351/19 365/1352/19 363/1353/19 361/1354/19 359/1355/19 411/1356/19 409/1357/19 407/1358/19 405/1359/19 403/1360/19 401/1361/19 399/1362/19 397/1363/19 395/1364/19 393/1365/19 391/1366/19 389/1367/19 387/1368/19
f 358/1273/355 410/927/355 411/926/355 359/1274/355
f 440/1369/370 412/1370/370 413/1371/370 414/1372/370
f 394/1373/20 396/1374/20 398/1375/20 400/1376/20 402/1377/20 404/1378/20 406/1379/20 408/1380/20 410/1381/20 358/1382/20 360/1383/20 362/1384/20 364/1385/20 366/1386/20 368/1387/20 369/1388/20 371/1389/20 373/1390/20 375/1391/20 378/1392/20 380/1393/20 382/1394/20 384/1395/20 386/1396/20 388/1397/20 390/1398/20 392/1399/20
f 442/1400/369 441/1401/369 416/1402/369 415/1229/369
f 432/142/19 416/1040/19 441/50/19
f 433/979/379 434/978/379 441/1401/379 442/1400/379
f 437/140/20 413/1045/20 412/47/20
f 437/1403/381 438/1404/381 414/1405/381 413/1091/381
f 430/1406/18 431/1407/18 443/1408/18 419/1025/18
f 435/1039/380 432/1409/380 420/1410/380 423/1027/380
f 417/130/21 418/129/21 428/1411/21
f 418/129/378 429/128/378 422/1412/378 421/1413/378
f 439/1414/382 436/1415/382 424/1416/382 427/1417/382
f 419/1025/377 443/1408/377 426/1418/377 425/1031/377
f 427/1417/376 424/1416/376 417/130/376 428/1411/376
f 423/1027/374 420/1410/374 431/1407/374 430/1406/374
f 415/1419/371 416/1420/371 432/1421/371 435/1422/371
f 421/1413/373 422/1412/373 434/1423/373 433/1424/373
f 442/134/20 415/1425/20 435/135/20
f 412/1370/372 440/1369/372 436/1094/372 439/1426/372
f 425/1031/375 426/1418/375 438/1427/375 437/1028/375
f 440/131/19 414/1428/19 438/132/19
f 439/141/20 427/1429/20 425/1430/20 437/140/20
f 434/143/19 422/1431/19 420/1432/19 432/142/19
f 430/1433/20 418/139/20 421/1434/20 423/1435/20
f 429/1436/19 417/1437/19 443/1438/19 431/1439/19
f 443/1438/19 417/1437/19 424/1440/19 426/1441/19
f 427/1429/20 428/138/20 419/137/20 425/1430/20
f 426/1441/19 424/1440/19 436/133/19 438/132/19
f 422/1431/19 429/1436/19 431/1439/19 420/1432/19
f 423/1435/20 421/1434/20 433/136/20 435/135/20
f 471/1442/370 444/1443/370 445/1444/370 446/1133/370
f 430/1433/20 419/137/20 418/139/20
f 473/1445/369 472/1446/369 448/1447/369 447/1448/369
f 463/167/20 448/1449/20 472/156/20
f 464/1450/385 465/1451/385 472/1446/385 473/1445/385
f 468/164/19 445/1452/19 444/165/19
f 445/1453/386 468/1448/386 469/1447/386 446/1454/386
f 461/1455/21 462/1456/21 450/1457/21 452/1458/21
f 466/1459/382 463/1460/382 453/1461/382 455/1462/382
f 449/152/18 451/151/18 460/1463/18
f 451/151/377 475/150/377 454/1464/377 474/1465/377
f 470/1466/380 467/1467/380 456/1468/380 459/1469/380
f 452/1458/378 450/1457/378 458/1470/378 457/1471/378
f 459/1469/374 456/1468/374 449/152/374 460/1463/374
f 455/1462/376 453/1461/376 462/1456/376 461/1455/376
f 450/160/20 462/147/20 475/149/20
f 474/146/19 455/145/19 461/158/19
f 447/1472/383 448/1473/383 463/750/383 466/1474/383
f 474/1465/375 454/1464/375 465/1097/375 464/1098/375
f 473/156/19 447/1449/19 466/144/19
f 470/1068/384 444/1443/384 471/1442/384 467/1069/384
f 468/1095/373 457/1471/373 458/1470/373 469/1467/373
f 471/153/20 446/1475/20 469/154/20
f 470/166/19 459/1476/19 457/1477/19 468/164/19
f 465/168/20 454/1478/20 453/148/20 463/167/20
f 450/160/20 449/161/20 456/1479/20 458/1480/20
f 459/1476/19 460/163/19 452/162/19 457/1477/19
f 458/1480/20 456/1479/20 467/155/20 469/154/20
f 478/1175/356 476/1481/356 477/1482/356 479/1176/356
f 475/149/20 453/148/20 454/1478/20
f 464/157/19 466/144/19 474/146/19
f 461/158/19 452/162/19 451/159/19
f 480/1483/357 478/1484/357 479/1485/357 481/1486/357
f 482/1487/358 480/1483/358 481/1486/358 483/1488/358
f 484/1489/359 482/1487/359 483/1488/359 485/1490/359
f 486/171/360 484/1489/360 485/1490/360 487/1491/360
f 493/1492/389 492/1493/389 490/173/389 491/172/389
f 487/1491/362 489/169/362 486/171/362
f 489/169/393 491/172/393 488/170/393
f 495/1494/391 492/1493/391 494/1495/391 496/1496/391
f 493/1492/392 494/1495/392 492/1493/392
f 497/1497/365 495/1494/365 496/1496/365 498/1498/365
f 499/1499/366 497/1497/366 498/1498/366 500/1500/366
f 501/1221/367 499/1499/367 500/1500/367 502/1451/367
f 503/1501/368 501/1502/368 502/1503/368 504/1504/368
f 505/1505/343 503/1501/343 504/1504/343 506/1506/343
f 507/1507/344 505/1508/344 506/1509/344 508/1510/344
f 509/1511/345 507/1507/345 508/1510/345 510/1512/345
f 511/1513/346 509/1511/346 510/1512/346 512/1514/346
f 513/176/347 511/1513/347 512/1514/347 514/1515/347
f 521/1516/348 519/180/348 520/179/348 522/1517/348
f 514/1515/349 516/174/349 513/176/349
f 516/174/350 518/177/350 515/175/350
f 518/177/351 520/179/351 517/178/351
f 523/1518/352 521/1516/352 522/1517/352 524/1519/352
f 525/1520/353 523/1518/353 524/1519/353 526/1521/353
f 527/1522/354 525/1520/354 526/1521/354 528/1523/354
f 502/1524/19 500/1525/19 498/1526/19 496/1527/19 494/1528/19 493/1529/19 491/1530/19 489/1531/19 487/1532/19 485/1533/19 483/1534/19 481/1535/19 479/1536/19 477/1537/19 528/1538/19 526/1539/19 524/1540/19 522/1541/19 520/1542/19 518/1543/19 516/1544/19 514/1545/19 512/1546/19 510/1547/19 508/1548/19 506/1549/19 504/1550/19
f 476/1481/355 527/1551/355 528/1552/355 477/1482/355
f 531/1506/356 529/1553/356 530/1554/356 532/1505/356
f 511/1555/20 513/1556/20 515/1557/20 517/1558/20 519/1559/20 521/1560/20 523/1561/20 525/1562/20 527/1563/20 476/1564/20 478/1565/20 480/1566/20 482/1567/20 484/1568/20 486/1569/20 488/1570/20 490/1571/20 492/1572/20 495/1573/20 497/1574/20 499/1575/20 501/1576/20 503/1577/20 505/1578/20 507/1579/20 509/1580/20
f 533/1581/357 531/1582/357 532/1148/357 534/1583/357
f 535/1584/358 533/1581/358 534/1583/358 536/1585/358
f 537/1586/359 535/1584/359 536/1585/359 538/1587/359
f 539/183/360 537/1586/360 538/1587/360 540/1588/360
f 546/1589/389 545/1590/389 543/185/389 544/184/389
f 540/1588/394 542/181/394 539/183/394
f 542/181/393 544/184/393 541/182/393
f 548/1591/391 545/1590/391 547/1592/391 549/1593/391
f 546/1589/392 547/1592/392 545/1590/392
f 550/1594/365 548/1591/365 549/1593/365 551/1595/365
f 552/1596/366 550/1594/366 551/1595/366 553/1597/366
f 554/1125/367 552/1596/367 553/1597/367 555/1134/367
f 556/1598/368 554/1599/368 555/1600/368 557/1601/368
f 558/1602/343 556/1598/343 557/1601/343 559/1603/343
f 560/1604/344 558/1605/344 559/1606/344 561/1607/344
f 562/1608/345 560/1604/345 561/1607/345 563/1609/345
f 564/1610/346 562/1608/346 563/1609/346 565/1611/346
f 566/188/347 564/1610/347 565/1611/347 567/1612/347
f 574/1613/348 572/192/348 573/191/348 575/1614/348
f 567/1612/349 569/186/349 566/188/349
f 569/186/350 571/189/350 568/187/350
f 571/189/351 573/191/351 570/190/351
f 576/1615/352 574/1613/352 575/1614/352 577/1616/352
f 578/1617/353 576/1615/353 577/1616/353 579/1618/353
f 580/1619/354 578/1617/354 579/1618/354 581/1620/354
f 555/1621/19 553/1622/19 551/1623/19 549/1624/19 547/1625/19 546/1626/19 544/1627/19 542/1628/19 540/1629/19 538/1630/19 536/1631/19 534/1632/19 532/1633/19 530/1634/19 581/1635/19 579/1636/19 577/1637/19 575/1638/19 573/1639/19 571/1640/19 569/1641/19 567/1642/19 565/1643/19 563/1644/19 561/1645/19 559/1646/19 557/1647/19
f 529/1553/355 580/1648/355 581/1649/355 530/1554/355
f 588/1650/395 586/199/395 587/198/395 589/1651/395
f 564/1652/20 566/1653/20 568/1654/20 570/1655/20 572/1656/20 574/1657/20 576/1658/20 578/1659/20 580/1660/20 529/1661/20 531/1662/20 533/1663/20 535/1664/20 537/1665/20 539/1666/20 541/1667/20 543/1668/20 545/1669/20 548/1670/20 550/1671/20 552/1672/20 554/1673/20 556/1674/20 558/1675/20 560/1676/20 562/1677/20
f 583/193/396 585/196/396 582/194/396
f 585/196/397 587/198/397 584/197/397
f 590/1678/398 588/1650/398 589/1651/398 591/1679/398
f 592/1680/399 590/1681/399 591/1682/399 593/1683/399
f 594/1684/400 592/1680/400 593/1683/400 595/1685/400
f 596/1686/401 594/1687/401 595/1688/401 597/1689/401
f 598/202/402 596/1686/402 597/1689/402 600/200/402
f 604/1690/403 603/207/403 601/204/403 602/203/403
f 600/200/404 602/203/404 599/201/404
f 608/1691/405 607/210/405 605/206/405 606/205/405
f 604/1690/406 606/205/406 603/207/406
f 612/1692/407 609/209/407 611/1693/407 613/1694/407
f 608/1691/408 610/208/408 607/210/408
f 610/208/409 611/1693/409 609/209/409
f 615/1695/410 614/1696/410 612/1692/410 613/1694/410
f 616/1697/411 614/1698/411 615/1699/411 617/1700/411
f 618/1701/412 616/1697/412 617/1700/412 619/1702/412
f 620/1703/413 618/1704/413 619/1705/413 621/1706/413
f 622/213/414 620/1703/414 621/1706/414 623/1707/414
f 623/1707/415 625/211/415 622/213/415
f 625/211/416 627/214/416 624/212/416
f 615/1708/369 613/1709/369 611/1710/369 610/1711/369 608/1712/369 606/1713/369 604/1714/369 602/1715/369 600/1716/369 597/1717/369 595/1718/369 593/1719/369 591/1720/369 589/1721/369 587/1722/369 585/1723/369 583/1724/369 627/1725/369 625/1726/369 623/1727/369 621/1728/369 619/1729/369 617/1730/369
f 627/214/417 583/193/417 626/195/417
f 632/1731/418 630/219/418 631/218/418 633/1732/418
f 622/1733/370 624/1734/370 626/1735/370 582/1736/370 584/1737/370 586/1738/370 588/1739/370 590/1740/370 592/1741/370 594/1742/370 596/1743/370 598/1744/370 599/1745/370 601/1746/370 603/1747/370 605/1748/370 607/1749/370 609/1750/370 612/1751/370 614/1752/370 616/1753/370 618/1754/370 620/1755/370
f 629/215/419 631/218/419 628/216/419
f 634/1756/420 632/1731/420 633/1732/420 635/1757/420
f 636/1758/421 634/1756/421 635/1757/421 637/1759/421
f 638/1760/398 636/1758/398 637/1759/398 639/1761/398
f 640/1762/399 638/1763/399 639/1764/399 641/1765/399
f 642/1766/400 640/1762/400 641/1765/400 643/1767/400
f 644/1768/401 642/1097/401 643/1769/401 645/1770/401
f 646/1771/422 644/1768/422 645/1770/422 647/1772/422
f 648/1773/423 646/1771/423 647/1772/423 649/1774/423
f 650/220/424 648/1773/424 649/1774/424 652/221/424
f 654/223/425 651/222/425 653/1775/425 656/224/425
f 651/222/426 652/221/426 653/1775/426
f 659/1776/427 658/1777/427 655/225/427 657/1778/427
f 655/225/428 656/224/428 657/1778/428
f 661/1779/429 658/1777/429 660/1780/429 662/1781/429
f 659/1776/430 660/1780/430 658/1777/430
f 663/1782/431 661/1779/431 662/1781/431 664/1783/431
f 665/1552/410 663/1782/410 664/1783/410 666/1784/410
f 667/1785/411 665/1786/411 666/1787/411 668/1788/411
f 669/1789/412 667/1785/412 668/1788/412 670/1790/412
f 671/1791/413 669/1792/413 670/1793/413 672/1794/413
f 673/1795/432 671/1791/432 672/1794/432 674/1796/432
f 675/1797/433 673/1795/433 674/1796/433 676/1798/433
f 677/227/434 675/1797/434 676/1798/434 678/1799/434
f 678/1799/435 680/226/435 677/227/435
f 639/1800/369 637/1801/369 635/1802/369 633/1803/369 631/1804/369 629/1805/369 680/1806/369 678/1807/369 676/1808/369 674/1809/369 672/1810/369 670/1811/369 668/1812/369 666/1813/369 664/1814/369 662/1815/369 660/1816/369 659/1817/369 657/1818/369 656/1819/369 653/1820/369 652/1821/369 649/1822/369 647/1823/369 645/1824/369 643/1825/369 641/1826/369
f 680/226/436 629/215/436 679/217/436
f 687/1827/437 685/234/437 686/233/437 688/1828/437
f 673/1829/370 675/1830/370 677/1831/370 679/1832/370 628/1833/370 630/1834/370 632/1835/370 634/1836/370 636/1837/370 638/1838/370 640/1839/370 642/1840/370 644/1841/370 646/1842/370 648/1843/370 650/1844/370 651/1845/370 654/1846/370 655/1847/370 658/1848/370 661/1849/370 663/1850/370 665/1851/370 667/1852/370 669/1853/370 671/1854/370
f 682/228/438 684/231/438 681/229/438
f 684/231/439 686/233/439 683/232/439
f 689/1855/398 687/1827/398 688/1828/398 690/1124/398
f 691/1856/399 689/1857/399 690/1858/399 692/1859/399
f 693/1860/400 691/1856/400 692/1859/400 694/1861/400
f 695/1862/401 693/1863/401 694/1864/401 696/1865/401
f 697/1866/422 695/1862/422 696/1865/422 698/1867/422
f 699/235/440 697/1866/440 698/1867/440 700/1868/440
f 704/1869/441 701/237/441 703/1870/441 705/1871/441
f 700/1868/442 702/236/442 699/235/442
f 702/236/443 703/1870/443 701/237/443
f 706/1872/444 704/1869/444 705/1871/444 707/1873/444
f 708/240/445 706/1872/445 707/1873/445 710/238/445
f 711/1874/446 709/239/446 710/238/446 712/1875/446
f 713/1876/410 711/1874/410 712/1875/410 714/1877/410
f 715/1878/411 713/1860/411 714/1879/411 716/1880/411
f 717/1857/412 715/1878/412 716/1880/412 718/1881/412
f 719/1882/413 717/488/413 718/1883/413 720/1884/413
f 721/247/447 719/1882/447 720/1884/447 722/1885/447
f 722/1885/448 724/245/448 721/247/448
f 724/245/449 726/248/449 723/246/449
f 714/1886/369 712/1887/369 710/1888/369 707/1889/369 705/1890/369 703/1891/369 702/1892/369 700/1893/369 698/1894/369 696/1895/369 694/1896/369 692/1897/369 690/1898/369 688/1899/369 686/1900/369 684/1901/369 682/1902/369 726/1903/369 724/1904/369 722/1905/369 720/1906/369 718/1907/369 716/1908/369
f 726/248/450 682/228/450 725/230/450
f 728/1909/451 727/1910/451 739/1911/451 740/1912/451
f 704/1913/370 706/1914/370 708/1915/370 709/1916/370 711/1917/370 713/1918/370 715/1919/370 717/1920/370 719/1921/370 721/1922/370 723/1923/370 725/1924/370 681/1925/370 683/1926/370 685/1927/370 687/1928/370 689/1929/370 691/1930/370 693/1931/370 695/1932/370 697/1933/370 699/1934/370 701/1935/370
f 733/476/452 732/475/452 741/1936/452 742/1937/452
f 731/259/453 741/258/453 732/1938/453
f 743/1939/454 734/1940/454 733/476/454 742/1937/454
f 744/262/455 735/478/455 734/477/455 743/260/455
f 746/264/456 738/1941/456 737/254/456 745/253/456
f 735/478/457 744/262/457 736/252/457
f 739/1911/458 727/1910/458 738/1942/458 746/1943/458
f 740/1912/459 739/1911/459 747/1944/459 748/1945/459
f 729/250/460 740/249/460 748/266/460 749/255/460
f 753/268/461 736/252/461 744/262/461 752/261/461
f 730/256/462 750/257/462 731/259/462
f 741/1936/463 751/1946/463 742/1937/463
f 742/1937/464 751/1946/464 743/1939/464
f 747/1944/465 739/1911/465 746/1943/465 754/1947/465
f 736/252/466 753/268/466 745/253/466
f 748/1948/467 747/1949/467 755/277/467 756/1950/467
f 751/1951/468 741/1952/468 758/1953/468 759/1954/468
f 749/255/469 757/267/469 730/256/469
f 750/257/470 758/272/470 741/258/470
f 760/1955/471 743/1956/471 751/1951/471 759/1954/471
f 762/1957/472 754/263/472 745/253/472 761/269/472
f 743/260/473 760/273/473 752/261/473
f 755/277/474 747/1949/474 754/1958/474 762/275/474
f 756/1950/475 755/277/475 763/276/475 764/1959/475
f 749/255/476 756/265/476 764/1960/476 765/270/476
f 759/1954/477 758/1953/477 768/281/477 769/1961/477
f 757/267/478 766/271/478 750/257/478
f 752/261/479 767/274/479 753/268/479
f 766/282/480 768/281/480 758/1953/480
f 770/283/481 760/1955/481 759/1954/481 769/1961/481
f 772/1962/482 762/1957/482 761/269/482 771/278/482
f 760/1955/483 770/283/483 767/285/483
f 764/1959/484 763/276/484 773/287/484 774/1963/484
f 762/275/485 772/286/485 763/276/485
f 765/1964/486 764/1959/486 774/1963/486 775/1965/486
f 778/290/487 753/268/487 767/274/487 777/1966/487
f 757/267/488 776/289/488 766/271/488
f 769/1961/489 768/281/489 780/294/489 781/1967/489
f 753/268/490 778/290/490 771/278/490
f 775/279/491 779/288/491 757/267/491
f 776/280/492 780/294/492 768/281/492
f 782/295/493 770/283/493 769/1961/493 781/1967/493
f 784/297/494 772/286/494 771/1968/494 783/1969/494
f 770/283/495 782/295/495 777/284/495
f 774/1963/496 773/287/496 785/298/496 786/1970/496
f 772/286/497 784/297/497 773/287/497
f 775/1965/498 774/1963/498 786/1970/498 787/1971/498
f 781/1967/499 780/294/499 790/302/499 791/1972/499
f 779/288/500 788/1973/500 776/289/500
f 777/1966/501 789/1974/501 778/290/501
f 788/293/502 790/302/502 780/294/502
f 792/303/503 782/295/503 781/1967/503 791/1972/503
f 794/305/504 784/297/504 783/1969/504 793/1975/504
f 782/295/505 792/303/505 789/296/505
f 786/1970/506 785/298/506 795/306/506 796/1976/506
f 784/297/507 794/305/507 785/298/507
f 787/1971/508 786/1970/508 796/1976/508 797/1977/508
f 800/309/509 778/290/509 789/1974/509 799/1978/509
f 779/288/510 798/308/510 788/1973/510
f 791/1972/511 790/302/511 802/313/511 803/1979/511
f 778/290/512 800/309/512 793/299/512
f 797/300/513 801/307/513 779/288/513
f 798/301/514 802/313/514 790/302/514
f 804/314/515 792/303/515 791/1972/515 803/1979/515
f 806/316/516 794/305/516 793/1975/516 805/1980/516
f 792/303/517 804/314/517 799/304/517
f 796/1976/518 795/306/518 807/317/518 808/322/518
f 794/305/519 806/316/519 795/306/519
f 797/1977/520 796/1976/520 808/322/520 809/1981/520
f 814/1982/521 803/1979/521 802/313/521 813/318/521
f 801/307/522 810/1983/522 798/308/522
f 799/1978/523 811/328/523 800/309/523
f 807/317/524 812/320/524 808/322/524
f 804/314/525 803/1979/525 814/1982/525 815/319/525
f 806/316/526 805/1980/526 816/1984/526 817/1985/526
f 800/309/527 816/324/527 805/310/527
f 807/317/528 806/316/528 817/1985/528 812/320/528
f 819/1986/529 809/1981/529 808/322/529 818/321/529
f 823/332/530 810/1983/530 801/307/530 822/326/530
f 809/311/531 819/325/531 801/307/531
f 811/328/532 820/323/532 800/309/532
f 812/320/533 821/329/533 818/321/533
f 824/1987/534 813/318/534 810/312/534 823/1988/534
f 825/1989/535 814/1982/535 813/318/535 824/1987/535
f 815/319/536 814/1982/536 825/1989/536 826/1990/536
f 811/315/537 815/319/537 826/1990/537 827/1991/537
f 817/1985/538 816/1984/538 828/1992/538 829/1993/538
f 820/323/539 828/1994/539 816/324/539
f 812/320/540 817/1985/540 829/1993/540 821/329/540
f 831/1995/541 819/1986/541 818/321/541 830/330/541
f 834/1996/542 824/1987/542 823/1988/542 833/1997/542
f 819/325/543 831/1998/543 822/326/543
f 821/329/544 832/334/544 830/330/544
f 835/1999/545 825/1989/545 824/1987/545 834/1996/545
f 826/1990/546 825/1989/546 835/1999/546 836/2000/546
f 827/1991/547 826/1990/547 836/2000/547 837/2001/547
f 829/1993/548 828/1992/548 838/2002/548 839/2003/548
f 820/323/549 838/337/549 828/1994/549
f 821/329/550 829/1993/550 839/2003/550 832/334/550
f 841/2004/551 831/1995/551 830/330/551 840/335/551
f 845/344/552 833/331/552 822/326/552 844/339/552
f 831/1998/553 841/338/553 822/326/553
f 837/333/554 842/336/554 820/323/554
f 832/334/555 843/341/555 840/335/555
f 846/2005/556 834/1996/556 833/1997/556 845/2006/556
f 847/2007/557 835/1999/557 834/1996/557 846/2005/557
f 836/2000/558 835/1999/558 847/2007/558 848/2008/558
f 837/2001/559 836/2000/559 848/2008/559 849/2009/559
f 839/2003/560 838/2002/560 850/2010/560 851/2011/560
f 842/336/561 850/2012/561 838/337/561
f 832/334/562 839/2003/562 851/2011/562 843/341/562
f 853/2013/563 841/2004/563 840/335/563 852/342/563
f 856/2014/564 846/2015/564 845/344/564 855/343/564
f 841/338/565 853/2016/565 844/339/565
f 843/341/566 854/2017/566 852/342/566
f 857/2018/567 847/2007/567 846/2005/567 856/2019/567
f 848/2008/568 847/2007/568 857/2018/568 858/2020/568
f 849/340/569 848/2021/569 858/2022/569 859/345/569
f 851/2023/570 850/2012/570 860/347/570 861/2024/570
f 842/336/571 860/347/571 850/2012/571
f 843/341/572 851/2011/572 861/2025/572 854/2017/572
f 863/2026/573 852/342/573 854/2017/573 862/2027/573
f 864/348/574 853/2016/574 852/2028/574 863/2029/574
f 854/2017/575 861/2025/575 866/2030/575 862/2027/575
f 853/2016/576 864/348/576 844/339/576
f 859/345/577 865/346/577 842/336/577
f 860/347/578 866/2031/578 861/2024/578
f 868/2032/579 863/2033/579 862/2034/579 867/2035/579
f 870/352/580 855/343/580 844/339/580 869/349/580
f 863/2029/581 868/2036/581 864/348/581
f 871/2037/582 856/2014/582 855/343/582 870/352/582
f 872/355/583 857/2038/583 856/2039/583 871/353/583
f 858/1648/584 857/2038/584 872/355/584 873/2040/584
f 859/345/585 858/2022/585 873/2041/585 874/350/585
f 866/2031/586 860/347/586 875/361/586 876/2042/586
f 865/346/587 875/361/587 860/347/587
f 862/2034/588 866/2043/588 876/2044/588 867/2035/588
f 878/2045/589 868/2032/589 867/2035/589 877/2046/589
f 879/358/590 864/348/590 868/2036/590 878/359/590
f 873/2040/591 872/355/591 881/354/591 882/2047/591
f 864/348/592 879/358/592 869/349/592
f 870/352/593 880/351/593 871/2037/593
f 874/350/594 873/2041/594 882/2048/594 883/356/594
f 867/2035/595 876/2044/595 884/2049/595 877/2046/595
f 875/361/596 884/2050/596 876/2042/596
f 878/2045/597 877/2046/597 885/2051/597 886/2052/597
f 881/354/598 871/353/598 887/2053/598 888/2054/598
f 880/351/599 887/364/599 871/2037/599
f 890/366/600 884/2050/600 875/361/600 889/360/600
f 881/354/601 888/2054/601 882/2047/601
f 885/2051/602 877/2046/602 884/2049/602 890/2055/602
f 886/2052/603 885/2051/603 891/2056/603 892/2057/603
f 879/358/604 886/357/604 892/368/604 893/362/604
f 896/2058/605 882/2047/605 888/2054/605 895/2059/605
f 869/349/606 894/363/606 880/351/606
f 887/2053/607 895/2059/607 888/2054/607
f 897/2060/608 883/356/608 882/2048/608 896/2061/608
f 898/370/609 865/346/609 883/356/609 897/2060/609
f 891/2056/610 885/2051/610 890/2055/610 899/2062/610
f 865/346/611 898/370/611 889/360/611
f 892/2063/612 891/2064/612 900/2065/612 901/2066/612
f 895/2067/613 887/2068/613 903/2069/613 904/375/613
f 893/362/614 902/369/614 869/349/614
f 894/363/615 903/374/615 887/364/615
f 906/379/616 899/365/616 889/360/616 905/371/616
f 895/2067/617 904/375/617 896/377/617
f 900/2065/618 891/2064/618 899/2070/618 906/2071/618
f 901/2066/619 900/2065/619 907/2072/619 908/2073/619
f 893/362/620 901/367/620 908/2074/620 909/372/620
f 912/2075/621 897/2060/621 896/2061/621 911/2076/621
f 902/369/622 910/373/622 894/363/622
f 907/2072/623 900/2065/623 906/2071/623 913/389/623
f 897/2060/624 912/2075/624 898/370/624
f 904/375/625 903/2069/625 914/383/625 915/385/625
f 910/384/626 914/383/626 903/2069/626
f 908/2073/627 907/2072/627 917/2077/627 918/2078/627
f 904/375/628 915/385/628 911/376/628
f 905/2079/629 916/387/629 913/389/629
f 909/2080/630 908/2073/630 918/2078/630 919/2081/630
f 922/2001/631 912/2009/631 911/376/631 921/386/631
f 902/369/632 920/391/632 910/373/632
f 923/392/633 898/370/633 912/2075/633 922/2082/633
f 917/2077/634 907/2072/634 913/389/634 924/388/634
f 898/370/635 923/392/635 916/380/635
f 915/385/636 914/383/636 926/396/636 927/397/636
f 919/381/637 925/390/637 902/369/637
f 920/382/638 926/396/638 914/383/638
f 918/2078/639 917/2077/639 929/2083/639 930/2084/639
f 915/385/640 927/397/640 921/386/640
f 916/387/641 928/399/641 924/388/641
f 919/2081/642 918/2078/642 930/2084/642 931/2085/642
f 934/1991/643 922/2001/643 921/386/643 933/398/643
f 925/390/644 932/2086/644 920/391/644
f 929/2083/645 917/2077/645 924/388/645 935/400/645
f 922/2082/646 934/2087/646 923/392/646
f 927/397/647 926/396/647 936/404/647 937/405/647
f 932/395/648 936/404/648 926/396/648
f 930/2084/649 929/2083/649 939/2088/649 940/2089/649
f 927/397/650 937/405/650 933/398/650
f 928/399/651 938/407/651 935/400/651
f 931/2085/652 930/2084/652 940/2089/652 941/2090/652
f 944/315/653 934/1991/653 933/398/653 943/406/653
f 925/390/654 942/410/654 932/2086/654
f 945/411/655 923/392/655 934/2087/655 944/421/655
f 939/2088/656 929/2083/656 935/400/656 946/408/656
f 923/392/657 945/411/657 938/401/657
f 937/405/658 936/404/658 948/2091/658 949/414/658
f 941/402/659 947/409/659 925/390/659
f 942/403/660 948/2091/660 936/404/660
f 940/2089/661 939/2088/661 951/2092/661 952/425/661
f 937/405/662 949/414/662 943/406/662
f 938/407/663 950/416/663 946/408/663
f 941/2090/664 940/2089/664 952/425/664 953/2093/664
f 951/2092/665 939/2088/665 946/408/665 955/417/665
f 943/406/666 954/415/666 944/315/666
f 958/2094/667 948/2091/667 942/403/667 957/2095/667
f 951/2092/668 956/423/668 952/425/668
f 959/419/669 949/414/669 948/2091/669 958/2094/669
f 963/2096/670 953/2093/670 952/425/670 962/424/670
f 954/415/671 960/427/671 944/315/671
f 945/411/672 961/429/672 950/412/672
f 955/417/673 956/423/673 951/2092/673
f 969/441/674 957/418/674 947/409/674 968/432/674
f 953/413/675 963/431/675 947/409/675
f 959/419/676 964/426/676 954/415/676
f 960/420/677 965/428/677 945/411/677
f 961/422/678 966/430/678 955/417/678
f 956/423/679 967/436/679 962/424/679
f 970/2097/680 958/2094/680 957/2095/680 969/2098/680
f 971/433/681 959/419/681 958/2094/681 970/2097/681
f 975/2099/682 963/2096/682 962/424/682 974/437/682
f 964/426/683 972/296/683 960/427/683
f 965/428/684 973/2100/684 961/429/684
f 966/430/685 967/436/685 956/423/685
f 980/2101/686 970/2097/686 969/2098/686 979/2102/686
f 963/431/687 975/2103/687 968/432/687
f 971/433/688 976/438/688 964/426/688
f 973/435/689 977/439/689 966/430/689
f 967/436/690 978/445/690 974/437/690
f 981/442/691 971/433/691 970/2097/691 980/2101/691
f 985/2104/692 975/2099/692 974/437/692 984/446/692
f 976/438/693 982/284/693 972/296/693
f 965/428/694 983/449/694 973/2100/694
f 977/439/695 978/445/695 967/436/695
f 991/463/696 979/440/696 968/432/696 990/452/696
f 975/2103/697 985/451/697 968/432/697
f 981/442/698 986/447/698 976/438/698
f 982/443/699 987/448/699 965/428/699
f 983/444/700 988/450/700 977/439/700
f 978/445/701 989/456/701 984/446/701
f 992/2105/702 980/2101/702 979/2102/702 991/2106/702
f 993/453/703 981/442/703 980/2101/703 992/2105/703
f 997/2107/704 985/2104/704 984/446/704 996/457/704
f 986/447/705 994/285/705 982/284/705
f 987/448/706 995/460/706 983/449/706
f 988/450/707 989/456/707 978/445/707
f 1003/2108/708 992/2109/708 991/463/708 1002/462/708
f 985/451/709 997/2110/709 990/452/709
f 993/453/710 998/458/710 986/447/710
f 994/454/711 999/459/711 987/448/711
f 995/460/712 1000/467/712 988/2111/712
f 989/456/713 1001/2112/713 996/457/713
f 1004/464/714 993/453/714 992/2105/714 1003/2113/714
f 1008/2114/715 996/457/715 1001/2112/715 1007/2115/715
f 998/469/716 1005/465/716 994/454/716
f 999/459/717 1006/466/717 995/460/717
f 1000/461/718 1001/2112/718 989/456/718
f 1009/470/719 997/2110/719 996/2116/719 1008/2117/719
f 1001/2112/720 1000/461/720 1011/2118/720 1007/2115/720
f 997/2110/721 1009/470/721 990/452/721
f 1004/464/722 1010/2119/722 998/458/722
f 1006/466/723 1011/2120/723 1000/467/723
f 1013/2121/724 1008/2122/724 1007/2123/724 1012/2124/724
f 1014/474/725 1002/462/725 990/452/725 730/256/725
f 1008/2117/726 1013/2125/726 1009/470/726
f 732/1938/727 1003/2108/727 1002/462/727 1014/474/727
f 1015/471/728 1004/473/728 1003/2126/728 732/475/728
f 999/459/729 1005/465/729 735/478/729 736/252/729
f 1010/468/730 735/478/730 1005/465/730
f 1006/466/731 999/459/731 736/252/731 737/254/731
f 1011/2120/732 1006/466/732 737/254/732 1016/2127/732
f 1007/2123/733 1011/2128/733 1016/2129/733 1012/2124/733
f 728/1909/734 1013/2121/734 1012/2124/734 727/1910/734
f 729/250/735 1009/470/735 1013/2125/735 728/251/735
f 1010/472/736 1015/471/736 733/476/736 734/1940/736
f 1009/470/737 729/250/737 730/256/737
f 1014/474/738 731/259/738 732/1938/738
f 1012/2124/739 1016/2129/739 738/1942/739 727/1910/739
f 737/254/740 738/1941/740 1016/2127/740
f 1024/485/741 1021/482/741 1023/2130/741 1025/2131/741
f 1018/491/742 1019/2132/742 1017/492/742
f 1019/2132/743 1022/2133/179 1017/492/181
f 1022/479/744 1023/2130/744 1021/482/744
f 1032/2134/745 1030/490/745 1031/489/745 1018/2135/745
f 1025/2131/746 1027/483/746 1024/485/746
f 1027/483/747 1029/2136/747 1026/484/747
f 1029/486/748 1031/489/748 1028/487/748
f 1049/510/749 1046/519/749 1038/501/749 1037/500/749
f 1025/2137/21 1023/2138/21 1022/2139/21 1019/2140/21 1018/2141/21 1031/2142/21 1029/2143/21 1027/2144/21
f 1024/2145/18 1026/2146/18 1028/2147/18 1030/2148/18 1032/2149/18 1017/2150/18 1020/2151/18 1021/2152/18
f 1148/496/750 1042/495/750 1037/500/750
f 1033/499/751 1044/498/751 1035/503/751
f 1056/2153/752 1047/506/752 1046/519/752 1054/518/752
f 1035/503/753 1048/504/753 1041/508/753
f 1038/501/754 1046/519/754 1047/506/754
f 1039/505/755 1050/507/755 1051/640/755
f 1036/494/756 1045/509/756 1042/495/756
f 1042/495/757 1053/511/757 1049/510/757
f 1040/497/758 1052/513/758 1044/498/758
f 1041/508/759 1048/504/759 1045/509/759
f 1057/539/760 1048/2154/760 1044/523/760 1061/525/760
f 1050/507/761 1047/506/761 1056/2153/761
f 1045/509/762 1055/514/762 1053/511/762
f 1043/515/763 1075/517/763 1052/2155/763
f 1049/522/764 1059/521/764 1054/2156/764
f 1066/545/765 1067/547/765 1059/521/765 1058/533/765
f 1048/2154/766 1057/539/766 1055/532/766
f 1050/2157/767 1063/530/767 1051/529/767
f 1054/2156/768 1059/521/768 1060/537/768
f 1056/527/769 1054/2156/769 1060/537/769
f 1053/520/770 1058/533/770 1059/521/770
f 1052/524/771 1064/536/771 1061/525/771
f 1063/528/772 1056/527/208 1071/538/207
f 1055/532/773 1065/540/773 1062/2158/773
f 1055/532/774 1062/2158/774 1058/533/774
f 1057/539/775 1068/541/775 1065/540/775
f 1058/533/776 1062/2158/776 1066/545/776
f 1070/543/777 1062/2158/777 1065/540/777 1069/2159/777
f 1060/537/778 1059/521/778 1067/547/778
f 1062/2158/779 1070/543/779 1066/545/779
f 1077/549/780 1078/554/780 1070/543/780 1069/2159/780
f 1072/2160/781 1063/528/781 1084/542/781
f 1071/538/782 1060/537/782 1074/548/782
f 1065/540/783 1077/549/783 1069/2159/783
f 1068/541/784 1064/536/784 1076/546/784
f 1067/547/785 1073/544/785 1074/548/785
f 1068/541/786 1079/550/786 1077/549/786
f 1071/538/787 1083/551/787 1084/542/787
f 1090/573/788 1082/2161/788 1081/564/788 1086/563/788
f 1070/543/789 1078/554/789 1073/544/789
f 1073/544/790 1081/555/790 1082/556/790
f 1074/548/791 1082/556/791 1083/551/791
f 1077/559/792 1085/558/792 1080/560/792
f 1078/561/793 1080/560/793 1081/564/793
f 1075/517/794 1100/562/794 1076/2162/794
f 1091/567/795 1088/568/795 1079/557/795 1076/565/795
f 1090/573/796 1087/570/796 1083/2163/796 1082/2161/796
f 1079/557/797 1088/568/797 1085/558/797
f 1106/583/798 1107/588/798 1088/568/798 1091/567/798
f 1083/2163/799 1087/570/799 1084/572/799
f 1086/563/800 1080/560/800 1089/569/800
f 1084/572/801 1099/571/801 1094/585/801
f 1086/563/802 1092/575/802 1093/578/802
f 1090/573/803 1086/563/803 1093/578/803
f 1099/571/804 1087/570/804 1098/574/804
f 1098/574/805 1090/573/805 1097/579/805
f 1089/569/806 1095/576/806 1096/580/806
f 1089/569/807 1096/580/807 1092/575/807
f 1092/575/808 1102/581/808 1103/577/808
f 1105/586/809 1109/2164/809 1099/571/809 1098/574/809
f 1097/579/810 1093/578/810 1103/577/810
f 1088/568/811 1107/588/811 1095/576/811
f 1095/576/812 1101/590/812 1096/580/812
f 1101/590/813 1095/576/813 1107/588/813
f 1113/587/814 1103/577/814 1102/581/814 1108/592/814
f 1096/580/815 1101/590/815 1104/591/815
f 1117/584/816 1099/571/816 1109/2164/816
f 1096/580/817 1104/591/817 1102/581/817
f 1116/608/818 1107/2165/818 1106/2166/818 1115/609/818
f 1097/579/819 1113/587/819 1105/586/819
f 1101/590/820 1111/589/820 1104/591/820
f 1104/593/821 1112/595/821 1108/2167/821
f 1106/601/822 1100/562/822 1136/596/822
f 1111/594/823 1107/2165/823 1116/608/823
f 1108/2167/824 1112/595/824 1113/597/824
f 1122/602/825 1124/611/825 1109/2168/825 1105/599/825
f 1130/621/826 1125/615/826 1119/605/826 1118/604/826
f 1117/613/827 1109/2168/827 1124/611/827
f 1112/595/828 1119/605/828 1120/606/828
f 1113/597/829 1120/606/829 1121/607/829
f 1114/598/830 1121/607/830 1122/602/830
f 1116/608/831 1128/610/831 1123/603/831
f 1130/621/832 1118/604/832 1123/603/832 1129/618/832
f 1120/606/833 1125/615/833 1126/2169/833
f 1115/609/834 1131/617/834 1128/610/834
f 1121/607/835 1120/606/835 1126/2169/835
f 1121/607/836 1126/2169/836 1127/619/836
f 1122/602/837 1121/607/837 1127/619/837
f 1134/620/838 1135/2170/838 1124/611/838 1122/602/838
f 1133/2171/839 1126/2169/839 1125/615/839 1139/622/839
f 1124/611/840 1135/2170/840 1145/612/840
f 1133/2171/841 1141/2172/841 1127/619/841 1126/2169/841
f 1132/2173/842 1130/621/842 1129/618/842 1137/2174/842
f 1134/620/843 1127/619/843 1141/2172/843
f 1142/623/844 1137/2174/844 1129/618/844 1128/610/844
f 1146/639/845 1138/635/845 1137/634/845 1033/499/845
f 1139/622/846 1130/621/846 1132/2173/846
f 1133/630/847 1140/629/847 1141/632/847
f 1134/631/848 1147/633/848 1135/636/848
f 1148/496/849 1140/629/849 1139/626/849 1144/637/849
f 1141/632/850 1034/502/850 1147/633/850
f 1138/635/851 1146/639/851 1143/625/851
f 1135/636/852 1039/505/852 1145/641/852
f 1136/596/853 1043/515/853 1142/627/853
f 1047/506/854 1147/633/854 1034/502/854 1038/501/854
f 1142/638/855 1040/497/855 1033/499/855
f 1144/637/856 1143/625/856 1036/494/856
f 1147/633/857 1047/506/857 1039/505/857
f 1146/639/858 1041/508/858 1036/494/858
f 1144/637/859 1036/494/859 1148/496/859
f 1148/496/860 1037/500/860 1034/502/860
usemtl None
f 1192/2175/861 1190/2176/861 1153/2177/861 1152/2178/861
f 1164/2179/862 1162/2180/862 1157/2181/862 1156/2182/862
f 1189/2183/863 1181/2184/863 1155/2185/863 1154/2186/863
f 1169/2187/864 1167/2188/864 1151/2189/864 1150/2190/864
f 1185/2191/865 1189/2192/865 1154/2193/865 1163/2194/865
f 1187/2195/21 1188/2196/21 1151/749/21 1167/2197/21
f 1184/2198/21 1182/2199/21 1161/2200/21 1165/2201/21
f 1186/2202/866 1183/2203/866 1160/2204/866 1169/2205/866
f 1163/2206/867 1165/2207/867 1161/2208/867 1160/2209/867
f 1166/2210/868 1168/2211/868 1159/2212/868 1158/2213/868
f 1154/2214/869 1155/2215/869 1165/2207/869 1163/2206/869
f 1181/2216/21 1184/2198/21 1165/2201/21 1155/2217/21
f 1183/2203/866 1185/2191/866 1163/2194/866 1160/2204/866
f 1158/2213/870 1159/2212/870 1162/2180/870 1164/2179/870
f 1152/2218/871 1153/2219/871 1168/2211/871 1166/2210/871
f 1180/2220/872 1186/2202/872 1169/2205/872 1150/2221/872
f 1182/2199/21 1187/2195/21 1167/2197/21 1161/2200/21
f 1160/2209/873 1161/2208/873 1167/2188/873 1169/2187/873
f 1194/2222/21 1199/2223/21 1179/2224/21 1174/2225/21
f 1192/2226/874 1198/2227/874 1178/2228/874 1170/2229/874
f 1195/2230/18 1197/2231/18 1177/2232/18 1175/2233/18
f 1193/2234/21 1196/2235/21 1176/2236/21 1173/2237/21
f 1198/2227/18 1195/2230/18 1175/2233/18 1178/2228/18
f 1196/2235/21 1194/2222/21 1174/2225/21 1176/2236/21
f 1199/2223/21 1190/2238/21 1171/2239/21 1179/2224/21
f 1197/2231/875 1191/2240/875 1172/2241/875 1177/2232/875
f 1191/2242/863 1193/2243/863 1173/2244/863 1172/2245/863
f 1180/2246/861 1188/2247/861 1171/2248/861 1170/2249/861
f 1150/2250/861 1151/2251/861 1188/2247/861 1180/2246/861
f 1174/2225/21 1179/2224/21 1187/2195/21 1182/2199/21
f 1170/2229/874 1178/2228/874 1186/2202/874 1180/2220/874
f 1175/2233/18 1177/2232/18 1185/2191/18 1183/2203/18
f 1173/2237/21 1176/2236/21 1184/2198/21 1181/2216/21
f 1178/2228/18 1175/2233/18 1183/2203/18 1186/2202/18
f 1176/2236/21 1174/2225/21 1182/2199/21 1184/2198/21
f 1179/2224/21 1171/2239/21 1188/2196/21 1187/2195/21
f 1177/2232/875 1172/2241/875 1189/2192/875 1185/2191/875
f 1172/2245/863 1173/2244/863 1181/2184/863 1189/2183/863
f 1156/2252/863 1157/2253/863 1193/2243/863 1191/2242/863
f 1164/2254/876 1156/2255/876 1191/2240/876 1197/2231/876
f 1168/2256/21 1153/2257/21 1190/2238/21 1199/2223/21
f 1162/2258/21 1159/2259/21 1194/2222/21 1196/2235/21
f 1166/2260/877 1158/2261/877 1195/2230/877 1198/2227/877
f 1157/2262/21 1162/2258/21 1196/2235/21 1193/2234/21
f 1158/2261/877 1164/2254/877 1197/2231/877 1195/2230/877
f 1152/2263/878 1166/2260/878 1198/2227/878 1192/2226/878
f 1159/2259/21 1168/2256/21 1199/2223/21 1194/2222/21
f 1170/2249/861 1171/2248/861 1190/2176/861 1192/2175/861
f 1200/2264/879 1201/2265/879 1203/2266/879 1202/2267/879
f 1202/2268/880 1203/2269/880 1207/2270/880 1206/2271/880
f 1206/1409/881 1207/2272/881 1205/2273/881 1204/2274/881
f 1204/2275/882 1205/2276/882 1201/2277/882 1200/2278/882
f 1202/2279/18 1206/2280/18 1204/2281/18 1200/1405/18
f 1207/2282/21 1203/2283/21 1201/2284/21 1205/929/21
